ISO_code,Continent,Country/Region,Date,Total Confirmed Original,New Confirmed,New Confirmed Smooth (7 days),Total Confirmed Fixed (sum New Confirmed),Total Alive Confirmed Fixed (sum New Confirmed - Total Deaths),Accumulated Alive Confirmed in 14 days,Accumulated Alive Confirmed Smooth in 14 days
ESP,Europe,Spain,2020-01-28,0,0,0.0,0,0,0,0.0
ESP,Europe,Spain,2020-01-29,0,0,0.0,0,0,0,0.0
ESP,Europe,Spain,2020-01-30,0,0,0.0,0,0,0,0.0
ESP,Europe,Spain,2020-01-31,0,0,0.0,0,0,0,0.0
ESP,Europe,Spain,2020-02-01,1,1,0.14285714285714285,1,1,1,0.14285714285714285
ESP,Europe,Spain,2020-02-02,1,0,0.14285714285714285,1,1,1,0.2857142857142857
ESP,Europe,Spain,2020-02-03,1,0,0.14285714285714285,1,1,1,0.42857142857142855
ESP,Europe,Spain,2020-02-04,1,0,0.14285714285714285,1,1,1,0.5714285714285714
ESP,Europe,Spain,2020-02-05,1,0,0.14285714285714285,1,1,1,0.7142857142857143
ESP,Europe,Spain,2020-02-06,1,0,0.14285714285714285,1,1,1,0.8571428571428571
ESP,Europe,Spain,2020-02-07,1,0,0.14285714285714285,1,1,1,1.0
ESP,Europe,Spain,2020-02-08,1,0,0.0,1,1,1,1.0
ESP,Europe,Spain,2020-02-09,2,1,0.14285714285714285,2,2,2,1.1428571428571428
ESP,Europe,Spain,2020-02-10,2,0,0.14285714285714285,2,2,2,1.2857142857142858
ESP,Europe,Spain,2020-02-11,2,0,0.14285714285714285,2,2,2,1.4285714285714286
ESP,Europe,Spain,2020-02-12,2,0,0.14285714285714285,2,2,2,1.5714285714285714
ESP,Europe,Spain,2020-02-13,2,0,0.14285714285714285,2,2,2,1.7142857142857142
ESP,Europe,Spain,2020-02-14,2,0,0.14285714285714285,2,2,2,1.8571428571428572
ESP,Europe,Spain,2020-02-15,2,0,0.14285714285714285,2,2,1,1.8571428571428572
ESP,Europe,Spain,2020-02-16,2,0,0.0,2,2,1,1.7142857142857142
ESP,Europe,Spain,2020-02-17,2,0,0.0,2,2,1,1.5714285714285714
ESP,Europe,Spain,2020-02-18,2,0,0.0,2,2,1,1.4285714285714286
ESP,Europe,Spain,2020-02-19,2,0,0.0,2,2,1,1.2857142857142858
ESP,Europe,Spain,2020-02-20,2,0,0.0,2,2,1,1.1428571428571428
ESP,Europe,Spain,2020-02-21,2,0,0.0,2,2,1,1.0
ESP,Europe,Spain,2020-02-22,2,0,0.0,2,2,1,1.0
ESP,Europe,Spain,2020-02-23,2,0,0.0,2,2,0,0.8571428571428571
ESP,Europe,Spain,2020-02-24,2,0,0.0,2,2,0,0.7142857142857143
ESP,Europe,Spain,2020-02-25,6,4,0.5714285714285714,6,6,4,1.1428571428571428
ESP,Europe,Spain,2020-02-26,13,7,1.5714285714285714,13,13,11,2.5714285714285716
ESP,Europe,Spain,2020-02-27,15,2,1.8571428571428572,15,15,13,4.285714285714286
ESP,Europe,Spain,2020-02-28,32,17,4.285714285714286,32,32,30,8.428571428571429
ESP,Europe,Spain,2020-02-29,45,13,6.142857142857143,45,45,43,14.428571428571429
ESP,Europe,Spain,2020-03-01,84,39,11.714285714285714,84,84,82,26.142857142857142
ESP,Europe,Spain,2020-03-02,120,36,16.857142857142858,120,120,118,43.0
ESP,Europe,Spain,2020-03-03,165,45,22.714285714285715,165,164,162,65.57142857142857
ESP,Europe,Spain,2020-03-04,222,57,29.857142857142858,222,220,218,95.14285714285714
ESP,Europe,Spain,2020-03-05,259,37,34.857142857142854,259,256,254,129.57142857142858
ESP,Europe,Spain,2020-03-06,400,141,52.57142857142857,400,395,393,181.42857142857142
ESP,Europe,Spain,2020-03-07,500,100,65.0,500,490,488,245.0
ESP,Europe,Spain,2020-03-08,673,173,84.14285714285714,673,656,654,326.7142857142857
ESP,Europe,Spain,2020-03-09,1073,400,136.14285714285714,1073,1045,1043,458.85714285714283
ESP,Europe,Spain,2020-03-10,1695,622,218.57142857142858,1695,1660,1654,672.0
ESP,Europe,Spain,2020-03-11,2277,582,293.57142857142856,2277,2223,2210,956.5714285714286
ESP,Europe,Spain,2020-03-12,2277,0,288.2857142857143,2277,2222,2207,1235.5714285714287
ESP,Europe,Spain,2020-03-13,5232,2955,690.2857142857143,5232,5099,5067,1903.2857142857142
ESP,Europe,Spain,2020-03-14,6391,1159,841.5714285714286,6391,6196,6151,2712.285714285714
ESP,Europe,Spain,2020-03-15,7798,1407,1017.8571428571429,7798,7509,7425,3679.5714285714284
ESP,Europe,Spain,2020-03-16,9942,2144,1267.0,9942,9600,9480,4884.857142857143
ESP,Europe,Spain,2020-03-17,11748,1806,1436.142857142857,11748,11215,11051,6227.285714285715
ESP,Europe,Spain,2020-03-18,13910,2162,1661.857142857143,13910,13287,13067,7778.285714285715
ESP,Europe,Spain,2020-03-19,17963,4053,2240.8571428571427,17963,17133,16877,9874.0
ESP,Europe,Spain,2020-03-20,20410,2447,2168.285714285714,20410,19367,18972,11860.42857142857
ESP,Europe,Spain,2020-03-21,25374,4964,2711.8571428571427,25374,23999,23509,14340.142857142857
ESP,Europe,Spain,2020-03-22,28768,3394,2995.714285714286,28768,26996,26340,17042.285714285714
ESP,Europe,Spain,2020-03-23,35136,6368,3599.1428571428573,35136,32825,31780,20228.0
ESP,Europe,Spain,2020-03-24,39885,4749,4019.5714285714284,39885,37077,35417,23708.85714285714
ESP,Europe,Spain,2020-03-25,49515,9630,5086.428571428572,49515,45868,43645,28077.14285714286
ESP,Europe,Spain,2020-03-26,57786,8271,5689.0,57786,53421,51199,32980.28571428572
ESP,Europe,Spain,2020-03-27,65719,7933,6472.714285714285,65719,60581,55482,38196.0
ESP,Europe,Spain,2020-03-28,73235,7516,6837.285714285715,73235,67253,61057,43560.0
ESP,Europe,Spain,2020-03-29,80110,6875,7334.571428571428,80110,73307,65798,49196.857142857145
ESP,Europe,Spain,2020-03-30,87956,7846,7545.714285714285,87956,80240,70640,54748.28571428572
ESP,Europe,Spain,2020-03-31,95923,7967,8005.428571428572,95923,87459,76244,60580.71428571428
ESP,Europe,Spain,2020-04-01,104118,8195,7800.428571428572,104118,94731,81444,65980.57142857143
ESP,Europe,Spain,2020-04-02,112065,7947,7754.142857142857,112065,101717,84584,70749.85714285714
ESP,Europe,Spain,2020-04-03,119199,7134,7640.0,119199,108001,88634,75485.85714285714
ESP,Europe,Spain,2020-04-04,126168,6969,7561.857142857143,126168,114221,90222,79652.28571428571
ESP,Europe,Spain,2020-04-05,131646,5478,7362.285714285715,131646,119005,92009,83396.71428571429
ESP,Europe,Spain,2020-04-06,136675,5029,6959.857142857143,136675,123334,90509,86235.14285714286
ESP,Europe,Spain,2020-04-07,141942,5267,6574.142857142857,141942,127897,90820,88317.42857142857
ESP,Europe,Spain,2020-04-08,148220,6278,6300.285714285715,148220,133428,87560,89191.14285714286
ESP,Europe,Spain,2020-04-09,153222,5002,5879.571428571428,153222,137775,84354,89158.28571428571
ESP,Europe,Spain,2020-04-10,158273,5051,5582.0,158273,142192,81611,88155.0
ESP,Europe,Spain,2020-04-11,163027,4754,5265.571428571428,163027,146421,79168,86575.85714285714
ESP,Europe,Spain,2020-04-12,166831,3804,5026.428571428572,166831,149622,76315,84333.85714285714
ESP,Europe,Spain,2020-04-13,170099,3268,4774.857142857143,170099,152343,72103,81704.42857142857
ESP,Europe,Spain,2020-04-14,172541,2442,4371.285714285715,172541,154485,67026,78305.28571428571
ESP,Europe,Spain,2020-04-15,177644,5103,4203.428571428572,177644,158936,64205,74968.85714285714
ESP,Europe,Spain,2020-04-16,184948,7304,4532.285714285715,184948,165633,63916,72049.14285714286
ESP,Europe,Spain,2020-04-17,190839,5891,4652.285714285715,190839,170837,62836,69367.0
ESP,Europe,Spain,2020-04-18,191726,887,4099.857142857143,191726,171683,57462,66266.14285714286
ESP,Europe,Spain,2020-04-19,198674,6948,4549.0,198674,178221,59216,63823.42857142857
ESP,Europe,Spain,2020-04-20,200210,1536,4301.571428571428,200210,179358,56024,61526.42857142857
ESP,Europe,Spain,2020-04-21,204178,3968,4519.571428571428,204178,182896,54999,59808.28571428572
ESP,Europe,Spain,2020-04-22,208389,4211,4392.142857142857,208389,186672,53244,58242.42857142857
ESP,Europe,Spain,2020-04-23,213024,4635,4010.8571428571427,213024,190867,53092,56696.142857142855
ESP,Europe,Spain,2020-04-24,202990,0,3169.285714285714,213024,190500,48308,54620.71428571428
ESP,Europe,Spain,2020-04-25,205905,2915,3459.0,215939,193037,46616,53071.28571428572
ESP,Europe,Spain,2020-04-26,207634,1729,2713.4285714285716,217668,194478,44856,51019.857142857145
ESP,Europe,Spain,2020-04-27,209465,1831,2755.5714285714284,219499,195978,43635,49250.0
ESP,Europe,Spain,2020-04-28,210773,1308,2375.5714285714284,220807,196985,42500,47464.42857142857
ESP,Europe,Spain,2020-04-29,212917,2144,2080.285714285714,222951,198676,39740,45535.28571428572
ESP,Europe,Spain,2020-04-30,213435,518,1492.142857142857,223469,198926,33293,42706.857142857145
ESP,Europe,Spain,2020-05-01,215216,1781,1746.5714285714287,225250,200707,29870,40072.857142857145
ESP,Europe,Spain,2020-05-02,216582,1366,1525.2857142857142,226616,201516,29833,37675.28571428572
ESP,Europe,Spain,2020-05-03,217466,884,1404.5714285714287,227500,202236,24015,34698.0
ESP,Europe,Spain,2020-05-04,218011,545,1220.857142857143,228045,202617,23259,31787.14285714286
ESP,Europe,Spain,2020-05-05,219329,1318,1222.2857142857142,229363,203750,20854,28694.85714285714
ESP,Europe,Spain,2020-05-06,220325,996,1058.2857142857142,230359,204502,17830,25564.85714285714
ESP,Europe,Spain,2020-05-07,221447,1122,1144.5714285714287,231481,205411,14544,22886.428571428572
ESP,Europe,Spain,2020-05-08,222857,1410,1091.5714285714287,232891,206592,16092,20918.14285714286
ESP,Europe,Spain,2020-05-09,223578,721,999.4285714285714,233612,207134,14097,18670.14285714286
ESP,Europe,Spain,2020-05-10,224350,772,983.4285714285714,234384,207763,13285,17137.285714285714
ESP,Europe,Spain,2020-05-11,227436,3086,1346.4285714285713,237470,210726,14748,15921.42857142857
ESP,Europe,Spain,2020-05-12,228030,594,1243.0,238064,211144,14159,14965.0
ESP,Europe,Spain,2020-05-13,228691,661,1195.142857142857,238725,211621,12945,14267.142857142857
ESP,Europe,Spain,2020-05-14,229540,849,1156.142857142857,239574,212253,13327,14093.285714285714
ESP,Europe,Spain,2020-05-15,230183,643,1046.5714285714287,240217,212758,12051,13516.0
ESP,Europe,Spain,2020-05-16,230698,515,1017.1428571428571,240732,213169,11653,13166.857142857143
ESP,Europe,Spain,2020-05-17,230698,0,906.8571428571429,240732,213169,10933,12830.857142857143
ESP,Europe,Spain,2020-05-18,231606,908,595.7142857142857,241640,213931,11314,12340.285714285714
ESP,Europe,Spain,2020-05-19,232037,431,572.4285714285714,242071,214293,10543,11823.714285714286
ESP,Europe,Spain,2020-05-20,232555,518,552.0,242589,214701,10199,11431.42857142857
ESP,Europe,Spain,2020-05-21,233037,482,499.57142857142856,243071,215131,9720,10916.142857142857
ESP,Europe,Spain,2020-05-22,234824,1787,663.0,244858,216230,9638,10571.42857142857
ESP,Europe,Spain,2020-05-23,235290,466,656.0,245324,216646,9512,10265.57142857143
ESP,Europe,Spain,2020-05-24,235772,482,724.8571428571429,245806,217054,9291,10031.0
ESP,Europe,Spain,2020-05-25,235400,0,595.1428571428571,245806,217054,6328,9318.714285714286
ESP,Europe,Spain,2020-05-26,236259,859,656.2857142857143,246665,217630,6486,8739.142857142857
ESP,Europe,Spain,2020-05-27,236259,0,582.2857142857143,246665,217630,6009,8140.571428571428
ESP,Europe,Spain,2020-05-28,237906,1647,748.7142857142857,248312,219275,7022,7755.142857142857
ESP,Europe,Spain,2020-05-29,238564,658,587.4285714285714,248970,219931,7173,7403.0
ESP,Europe,Spain,2020-05-30,239228,664,615.7142857142857,249634,220591,7422,7104.428571428572
ESP,Europe,Spain,2020-05-31,239479,251,582.7142857142857,249885,220840,7671,6873.0
ESP,Europe,Spain,2020-06-01,239638,159,605.4285714285714,250044,220999,7068,6978.714285714285
ESP,Europe,Spain,2020-06-02,239932,294,524.7142857142857,250338,221293,7000,7052.142857142857
ESP,Europe,Spain,2020-06-03,240326,394,581.0,250732,221686,6985,7191.571428571428
ESP,Europe,Spain,2020-06-04,240660,334,393.42857142857144,251066,222015,6884,7171.857142857143
ESP,Europe,Spain,2020-06-05,240978,318,344.85714285714283,251384,222332,6102,7018.857142857143
ESP,Europe,Spain,2020-06-06,241310,332,297.42857142857144,251716,222663,6017,6818.142857142857
ESP,Europe,Spain,2020-06-07,241550,240,295.85714285714283,251956,222902,5848,6557.714285714285
ESP,Europe,Spain,2020-06-08,241717,167,297.0,252123,223069,6015,6407.285714285715
ESP,Europe,Spain,2020-06-09,241966,249,290.57142857142856,252372,223318,5688,6219.857142857143
ESP,Europe,Spain,2020-06-10,242280,314,279.14285714285717,252686,223632,6002,6079.428571428572
ESP,Europe,Spain,2020-06-11,242707,427,292.42857142857144,253113,224059,4784,5779.428571428572
ESP,Europe,Spain,2020-06-12,243209,502,318.7142857142857,253615,224561,4630,5569.142857142857
ESP,Europe,Spain,2020-06-13,243605,396,327.85714285714283,254011,224957,4366,5333.285714285715
ESP,Europe,Spain,2020-06-14,243928,323,339.7142857142857,254334,225280,4440,5132.142857142857
ESP,Europe,Spain,2020-06-15,244109,181,341.7142857142857,254515,225461,4462,4910.285714285715
ESP,Europe,Spain,2020-06-16,244328,219,337.42857142857144,254734,225680,4387,4724.428571428572
ESP,Europe,Spain,2020-06-17,244683,355,343.2857142857143,255089,226035,4349,4488.285714285715
ESP,Europe,Spain,2020-06-18,245268,585,365.85714285714283,255674,226620,4605,4462.714285714285
ESP,Europe,Spain,2020-06-19,245575,307,338.0,255981,225748,3416,4289.285714285715
ESP,Europe,Spain,2020-06-20,245938,363,333.2857142857143,256344,226104,3441,4157.142857142857
ESP,Europe,Spain,2020-06-21,246272,334,334.85714285714283,256678,226437,3535,4027.8571428571427
ESP,Europe,Spain,2020-06-22,246504,232,342.14285714285717,256910,226668,3599,3904.5714285714284
ESP,Europe,Spain,2020-06-23,246752,248,346.2857142857143,257158,226915,3597,3791.714285714286
ESP,Europe,Spain,2020-06-24,247086,334,343.2857142857143,257492,227247,3615,3686.8571428571427
ESP,Europe,Spain,2020-06-25,247486,400,316.85714285714283,257892,227644,3585,3541.1428571428573
ESP,Europe,Spain,2020-06-26,247905,419,332.85714285714283,258311,228055,3494,3552.285714285714
ESP,Europe,Spain,2020-06-27,248469,564,361.57142857142856,258875,228616,3659,3583.4285714285716
ESP,Europe,Spain,2020-06-28,248770,301,356.85714285714283,259176,228915,3635,3597.714285714286
ESP,Europe,Spain,2020-06-29,248970,200,352.2857142857143,259376,229112,3651,3605.1428571428573
ESP,Europe,Spain,2020-06-30,249271,301,359.85714285714283,259677,229404,3724,3623.285714285714
ESP,Europe,Spain,2020-07-01,249659,388,367.57142857142856,260065,229783,3748,3642.285714285714
ESP,Europe,Spain,2020-07-02,250103,444,373.85714285714283,260509,230223,3603,3644.8571428571427
ESP,Europe,Spain,2020-07-03,250545,442,377.14285714285717,260951,230648,4900,3845.714285714286
ESP,Europe,Spain,2020-07-04,250545,0,296.57142857142856,260951,230648,4544,3972.1428571428573
ESP,Europe,Spain,2020-07-05,250545,0,253.57142857142858,260951,230648,4211,4054.4285714285716
ESP,Europe,Spain,2020-07-06,251789,1244,402.7142857142857,262195,231889,5221,4278.714285714285
ESP,Europe,Spain,2020-07-07,252130,341,408.42857142857144,262536,232226,5311,4505.428571428572
ESP,Europe,Spain,2020-07-08,252513,383,407.7142857142857,262919,232605,5358,4735.428571428572
ESP,Europe,Spain,2020-07-09,253056,543,421.85714285714283,263462,233143,5499,5006.285714285715
ESP,Europe,Spain,2020-07-10,253908,852,480.42857142857144,264314,233993,5938,5154.571428571428
ESP,Europe,Spain,2020-07-11,253908,0,480.42857142857144,264314,233993,5377,5273.571428571428
ESP,Europe,Spain,2020-07-12,253908,0,480.42857142857144,264314,233993,5078,5397.428571428572
ESP,Europe,Spain,2020-07-13,255953,2045,594.8571428571429,266359,236035,6923,5640.571428571428
ESP,Europe,Spain,2020-07-14,256619,666,641.2857142857143,267025,236698,7294,5923.857142857143
ESP,Europe,Spain,2020-07-15,257494,875,711.5714285714286,267900,237569,7786,6270.714285714285
ESP,Europe,Spain,2020-07-16,258855,1361,828.4285714285714,269261,238927,8704,6728.571428571428
ESP,Europe,Spain,2020-07-17,260255,1400,906.7142857142857,270661,240323,9675,7262.428571428572
ESP,Europe,Spain,2020-07-18,260255,0,906.7142857142857,270661,240323,9675,7876.428571428572
ESP,Europe,Spain,2020-07-19,260255,0,906.7142857142857,270661,240323,9675,8533.142857142857
ESP,Europe,Spain,2020-07-20,264836,4581,1269.0,275242,244902,13013,9403.142857142857
ESP,Europe,Spain,2020-07-21,266194,1358,1367.857142857143,276600,246258,14032,10365.714285714286
ESP,Europe,Spain,2020-07-22,267551,1357,1436.7142857142858,277957,247613,15008,11397.42857142857
ESP,Europe,Spain,2020-07-23,270166,2615,1615.857142857143,280572,250225,17082,12594.285714285714
ESP,Europe,Spain,2020-07-24,272421,2255,1738.0,282827,252477,18484,13852.714285714286
ESP,Europe,Spain,2020-07-25,272421,0,1738.0,282827,252477,18484,15111.142857142857
ESP,Europe,Spain,2020-07-26,272421,0,1738.0,282827,252477,18484,16369.57142857143
ESP,Europe,Spain,2020-07-27,278782,6361,1992.2857142857142,289188,258836,22801,17767.85714285714
ESP,Europe,Spain,2020-07-28,280610,1828,2059.4285714285716,291016,260662,23964,19186.714285714286
ESP,Europe,Spain,2020-07-29,282641,2031,2155.714285714286,293047,262688,25119,20631.14285714286
ESP,Europe,Spain,2020-07-30,285430,2789,2180.5714285714284,295836,265475,26548,21983.428571428572
ESP,Europe,Spain,2020-07-31,288522,3092,2300.1428571428573,298928,268565,28242,23377.428571428572
ESP,Europe,Spain,2020-08-01,288522,0,2300.1428571428573,298928,268565,28242,24771.428571428572
ESP,Europe,Spain,2020-08-02,288522,0,2300.1428571428573,298928,268565,28242,26165.428571428572
ESP,Europe,Spain,2020-08-03,297054,8532,2610.285714285714,307460,277070,32168,27503.571428571428
ESP,Europe,Spain,2020-08-04,302814,5760,3172.0,313220,282804,36546,29301.0
ESP,Europe,Spain,2020-08-05,305767,2953,3303.714285714286,316173,285756,38143,31161.571428571428
ESP,Europe,Spain,2020-08-06,309855,4088,3489.285714285714,320261,289843,39618,33028.71428571428
ESP,Europe,Spain,2020-08-07,314362,4507,3691.4285714285716,324768,294347,41870,34975.57142857143
ESP,Europe,Spain,2020-08-08,314362,0,3691.4285714285716,324768,294347,41870,36922.42857142857
ESP,Europe,Spain,2020-08-09,314362,0,3691.4285714285716,324768,294347,41870,38869.28571428572
ESP,Europe,Spain,2020-08-10,322980,8618,3703.714285714286,333386,302892,44056,40567.57142857143
ESP,Europe,Spain,2020-08-11,326612,3632,3399.714285714286,337018,306519,45857,41897.71428571428
ESP,Europe,Spain,2020-08-12,329784,3172,3431.0,340190,309691,47003,43163.42857142857
ESP,Europe,Spain,2020-08-13,337334,7550,3925.5714285714284,347740,317215,51740,44895.142857142855
ESP,Europe,Spain,2020-08-14,342813,5479,4064.4285714285716,353219,322682,54117,46644.71428571428
ESP,Europe,Spain,2020-08-15,342813,0,4064.4285714285716,353219,322682,54117,48394.28571428572
ESP,Europe,Spain,2020-08-16,342813,0,4064.4285714285716,353219,322682,54117,50143.857142857145
ESP,Europe,Spain,2020-08-17,359082,16269,5157.428571428572,369488,338922,61852,52686.142857142855
ESP,Europe,Spain,2020-08-18,364196,5114,5369.142857142857,374602,344012,61208,54879.142857142855
ESP,Europe,Spain,2020-08-19,370867,6671,5869.0,381273,350556,64800,57421.57142857143
ESP,Europe,Spain,2020-08-20,377906,7039,5796.0,388312,357579,67736,59706.71428571428
ESP,Europe,Spain,2020-08-21,386054,8148,6177.285714285715,396460,365702,71355,62169.28571428572
ESP,Europe,Spain,2020-08-22,386054,0,6177.285714285715,396460,365702,71355,64631.857142857145
ESP,Europe,Spain,2020-08-23,386054,0,6177.285714285715,396460,365702,71355,67094.42857142857
ESP,Europe,Spain,2020-08-24,405436,19382,6622.0,415842,385050,82158,69995.28571428571
ESP,Europe,Spain,2020-08-25,412553,7117,6908.142857142857,422959,392115,85596,73479.28571428571
ESP,Europe,Spain,2020-08-26,419849,7296,6997.428571428572,430255,399364,89673,77032.57142857143
ESP,Europe,Spain,2020-08-27,429507,9658,7371.571428571428,439913,408997,91782,80467.71428571429
ESP,Europe,Spain,2020-08-28,439286,9779,7604.571428571428,449692,418761,96079,83999.71428571429
ESP,Europe,Spain,2020-08-29,439286,0,7604.571428571428,449692,418761,96079,87531.71428571429
ESP,Europe,Spain,2020-08-30,439286,0,7604.571428571428,449692,418761,96079,91063.71428571429
ESP,Europe,Spain,2020-08-31,462858,23572,8203.142857142857,473264,442250,103328,94088.0
ESP,Europe,Spain,2020-09-01,470973,8115,8345.714285714286,481379,450307,106295,97045.0
ESP,Europe,Spain,2020-09-02,479554,8581,8529.285714285714,489960,458846,108290,99704.57142857143
ESP,Europe,Spain,2020-09-03,488513,8959,8429.42857142857,498919,467765,110186,102333.71428571429
ESP,Europe,Spain,2020-09-04,498989,10476,8529.0,509395,478057,112355,104658.85714285714
ESP,Europe,Spain,2020-09-05,498989,0,8529.0,509395,478057,112355,106984.0
ESP,Europe,Spain,2020-09-06,498989,0,8529.0,509395,478057,112355,109309.14285714286
ESP,Europe,Spain,2020-09-07,525549,26560,8955.857142857143,535955,504519,119469,111615.0
ESP,Europe,Spain,2020-09-08,534513,8964,9077.142857142857,544919,513405,121290,113757.14285714286
ESP,Europe,Spain,2020-09-09,543379,8866,9117.857142857143,553785,522237,122873,115840.42857142857
ESP,Europe,Spain,2020-09-10,554143,10764,9375.714285714286,564549,532930,123933,117804.28571428571
ESP,Europe,Spain,2020-09-11,566326,12183,9619.57142857143,576732,545065,126304,119797.0
ESP,Europe,Spain,2020-09-12,566326,0,9619.57142857143,576732,545065,126304,121789.71428571429
ESP,Europe,Spain,2020-09-13,566326,0,9619.57142857143,576732,545065,126304,123782.42857142857
ESP,Europe,Spain,2020-09-14,593730,27404,9740.142857142857,604136,572368,130118,125303.71428571429
ESP,Europe,Spain,2020-09-15,603167,9437,9807.714285714286,613573,581649,131342,126739.71428571429
ESP,Europe,Spain,2020-09-16,614360,11193,10140.142857142857,624766,592603,133757,128294.57142857143
ESP,Europe,Spain,2020-09-17,625651,11291,10215.42857142857,636057,603732,135967,130013.71428571429
ESP,Europe,Spain,2020-09-18,640040,14389,10530.57142857143,650446,618031,139974,131966.57142857142
ESP,Europe,Spain,2020-09-19,640040,0,10530.57142857143,650446,618031,139974,133919.42857142858
ESP,Europe,Spain,2020-09-20,640040,0,10530.57142857143,650446,618031,139974,135872.2857142857
ESP,Europe,Spain,2020-09-21,671468,31428,11105.42857142857,681874,649291,144772,137965.7142857143
ESP,Europe,Spain,2020-09-22,682267,10799,11300.0,692673,659849,146444,140123.14285714287
ESP,Europe,Spain,2020-09-23,693556,11289,11313.714285714286,703962,671008,148771,142268.0
ESP,Europe,Spain,2020-09-24,704209,10653,11222.57142857143,714615,681577,148647,144079.42857142858
ESP,Europe,Spain,2020-09-25,716481,12272,10920.142857142857,726887,693735,148670,145321.7142857143
ESP,Europe,Spain,2020-09-26,716481,0,10920.142857142857,726887,693735,148670,146564.0
ESP,Europe,Spain,2020-09-27,716481,0,10920.142857142857,726887,693735,148670,147806.2857142857
ESP,Europe,Spain,2020-09-28,748266,31785,10971.142857142857,758672,725341,152973,148977.85714285713
ESP,Europe,Spain,2020-09-29,748266,0,9428.42857142857,758672,725341,143692,148584.7142857143
ESP,Europe,Spain,2020-09-30,769188,20922,10804.57142857143,779594,745883,153280,149228.85714285713
ESP,Europe,Spain,2020-10-01,778607,9419,10628.285714285714,789013,755120,151388,149620.42857142858
ESP,Europe,Spain,2020-10-02,789932,11325,10493.0,800338,766332,148301,149567.7142857143
ESP,Europe,Spain,2020-10-03,789932,0,10493.0,800338,766332,148301,149515.0
ESP,Europe,Spain,2020-10-04,789932,0,10493.0,800338,766332,148301,149462.2857142857
ESP,Europe,Spain,2020-10-05,813412,23480,9306.57142857143,823818,789673,140382,147663.57142857142
ESP,Europe,Spain,2020-10-06,825410,11998,11020.57142857143,835816,801410,141561,147359.14285714287
ESP,Europe,Spain,2020-10-07,835901,10491,9530.42857142857,846307,811825,140817,145578.7142857143
ESP,Europe,Spain,2020-10-08,848324,12423,9959.57142857143,858730,824122,142545,144315.42857142858
ESP,Europe,Spain,2020-10-09,861112,12788,10168.57142857143,871518,836669,142934,143548.7142857143
ESP,Europe,Spain,2020-10-10,861112,0,10168.57142857143,871518,836669,142934,142782.0
ESP,Europe,Spain,2020-10-11,861112,0,10168.57142857143,871518,836669,142934,142015.2857142857
ESP,Europe,Spain,2020-10-12,888968,27856,10793.714285714286,899374,864330,138989,141816.2857142857
ESP,Europe,Spain,2020-10-13,896086,7118,10096.57142857143,906492,871368,146027,142454.2857142857
ESP,Europe,Spain,2020-10-14,908056,11970,10307.857142857143,918462,883129,137246,141944.14285714287
ESP,Europe,Spain,2020-10-15,921374,13318,10435.714285714286,931780,896307,141187,141750.14285714287
ESP,Europe,Spain,2020-10-16,936560,15186,10778.285714285714,946966,911271,144939,142036.57142857142
ESP,Europe,Spain,2020-10-17,936560,0,10778.285714285714,946966,911271,144939,142323.0
ESP,Europe,Spain,2020-10-18,936560,0,10778.285714285714,946966,911271,144939,142609.42857142858
ESP,Europe,Spain,2020-10-19,974449,37889,12211.57142857143,984855,948943,159270,145506.7142857143
ESP,Europe,Spain,2020-10-20,988322,13873,13176.57142857143,998728,962598,161188,147672.57142857142
ESP,Europe,Spain,2020-10-21,1005295,16973,13891.285714285714,1015701,979415,167590,152007.42857142858
ESP,Europe,Spain,2020-10-22,1026281,20986,14986.714285714286,1036687,1000246,176124,156998.42857142858
ESP,Europe,Spain,2020-10-23,1046132,19851,15653.142857142857,1056538,1019866,183197,162463.85714285713
ESP,Europe,Spain,2020-10-24,1046132,0,15653.142857142857,1056538,1019866,183197,167929.2857142857
ESP,Europe,Spain,2020-10-25,1046132,0,15653.142857142857,1056538,1019866,183197,173394.7142857143
ESP,Europe,Spain,2020-10-26,1098320,52188,17695.85714285714,1108726,1071775,207445,180276.85714285713
ESP,Europe,Spain,2020-10-27,1116738,18418,18345.14285714286,1127144,1089926,218558,188472.57142857142
ESP,Europe,Spain,2020-10-28,1136503,19765,18744.0,1146909,1109523,226394,196873.14285714287
ESP,Europe,Spain,2020-10-29,1160083,23580,19114.571428571428,1170489,1132930,236623,205515.85714285713
ESP,Europe,Spain,2020-10-30,1185678,25595,19935.14285714286,1196084,1158286,247015,214632.7142857143
ESP,Europe,Spain,2020-10-31,1185678,0,19935.14285714286,1196084,1158286,247015,223749.57142857142
ESP,Europe,Spain,2020-11-01,1185678,0,19935.14285714286,1196084,1158286,247015,232866.42857142858
ESP,Europe,Spain,2020-11-02,1240697,55019,20339.571428571428,1251103,1212926,263983,240943.2857142857
ESP,Europe,Spain,2020-11-03,1259366,18669,20375.428571428572,1269772,1231357,268759,248114.85714285713
ESP,Europe,Spain,2020-11-04,1284408,25042,21129.285714285714,1294814,1254776,275361,255110.14285714287
ESP,Europe,Spain,2020-11-05,1306316,21908,20890.428571428572,1316722,1276316,276070,260745.42857142858
ESP,Europe,Spain,2020-11-06,1328832,22516,20450.571428571428,1339238,1298485,278619,265260.28571428574
ESP,Europe,Spain,2020-11-07,1328832,0,20450.571428571428,1339238,1298485,278619,269775.14285714284
ESP,Europe,Spain,2020-11-08,1328832,0,20450.571428571428,1339238,1298485,278619,274290.0
ESP,Europe,Spain,2020-11-09,1381218,52386,20074.428571428572,1391624,1350359,278584,276375.85714285716
ESP,Europe,Spain,2020-11-10,1381218,0,17407.428571428572,1391624,1350359,260433,275186.4285714286
ESP,Europe,Spain,2020-11-11,1417709,36491,19043.0,1428115,1386090,276567,275358.71428571426
ESP,Europe,Spain,2020-11-12,1437220,19511,18700.571428571428,1447626,1405245,272315,274822.28571428574
ESP,Europe,Spain,2020-11-13,1458591,21371,18537.0,1468997,1426308,268022,273308.4285714286
ESP,Europe,Spain,2020-11-14,1458591,0,18537.0,1468997,1426308,268022,271794.5714285714
ESP,Europe,Spain,2020-11-15,1458591,0,18537.0,1468997,1426308,268022,270280.71428571426
ESP,Europe,Spain,2020-11-16,1496864,38273,16520.85714285714,1507270,1464097,251171,266364.5714285714
ESP,Europe,Spain,2020-11-17,1510023,13159,18400.714285714286,1520429,1476821,245464,264226.14285714284
ESP,Europe,Spain,2020-11-18,1525341,15318,15376.0,1535747,1491788,237012,258575.42857142858
ESP,Europe,Spain,2020-11-19,1541574,16233,14907.714285714286,1551980,1507769,231453,252738.0
ESP,Europe,Spain,2020-11-20,1556730,15156,14019.857142857143,1567136,1522597,224112,246465.14285714287
ESP,Europe,Spain,2020-11-21,1556730,0,14019.857142857143,1567136,1522597,224112,240192.2857142857
ESP,Europe,Spain,2020-11-22,1556730,0,14019.857142857143,1567136,1522597,224112,233919.42857142858
ESP,Europe,Spain,2020-11-23,1582616,25886,12250.285714285714,1593022,1547971,197612,226268.14285714287
ESP,Europe,Spain,2020-11-24,1594844,12228,12117.285714285714,1605250,1559662,209303,221102.2857142857
ESP,Europe,Spain,2020-11-25,1605066,10222,11389.285714285714,1615472,1569515,183425,213447.0
ESP,Europe,Spain,2020-11-26,1617355,12289,10825.857142857143,1627761,1581467,176222,205556.85714285713
ESP,Europe,Spain,2020-11-27,1628208,10853,10211.142857142857,1638614,1592026,165718,197214.85714285713
ESP,Europe,Spain,2020-11-28,1628208,0,10211.142857142857,1638614,1592026,165718,188872.85714285713
ESP,Europe,Spain,2020-11-29,1628208,0,10211.142857142857,1638614,1592026,165718,180530.85714285713
ESP,Europe,Spain,2020-11-30,1648187,19979,9367.285714285714,1658593,1611604,147507,173373.0
ESP,Europe,Spain,2020-12-01,1656444,8257,8800.0,1666850,1619419,142598,163843.7142857143
ESP,Europe,Spain,2020-12-02,1665775,9331,8672.714285714286,1676181,1628477,136689,157167.14285714287
ESP,Europe,Spain,2020-12-03,1675902,10127,8363.857142857143,1686308,1638350,130581,150647.0
ESP,Europe,Spain,2020-12-04,1684647,8745,8062.714285714285,1695053,1646881,124284,144727.85714285713
ESP,Europe,Spain,2020-12-05,1684647,0,8062.714285714285,1695053,1646881,124284,138808.7142857143
ESP,Europe,Spain,2020-12-06,1684647,0,8062.714285714285,1695053,1646881,124284,132889.57142857142
ESP,Europe,Spain,2020-12-07,1702328,17681,7734.428571428572,1712734,1664168,116197,128416.71428571429
ESP,Europe,Spain,2020-12-08,1702328,0,6554.857142857143,1712734,1664168,104506,122975.0
ESP,Europe,Spain,2020-12-09,1712101,9773,6618.0,1722507,1673568,104053,118312.71428571429
ESP,Europe,Spain,2020-12-10,1720056,7955,6307.714285714285,1730462,1681198,99731,113905.57142857143
ESP,Europe,Spain,2020-12-11,1730575,10519,6561.142857142857,1740981,1691437,99411,110352.28571428571
ESP,Europe,Spain,2020-12-12,1730575,0,6561.142857142857,1740981,1691437,99411,106799.0
ESP,Europe,Spain,2020-12-13,1730575,0,6561.142857142857,1740981,1691437,99411,103245.71428571429
ESP,Europe,Spain,2020-12-14,1751884,21309,7079.428571428572,1762290,1712357,100753,101039.42857142857
ESP,Europe,Spain,2020-12-15,1762212,10328,8554.857142857143,1772618,1722297,102878,100806.85714285714
ESP,Europe,Spain,2020-12-16,1773290,11078,8741.285714285714,1783696,1733180,104703,100899.71428571429
ESP,Europe,Spain,2020-12-17,1785421,12131,9337.857142857143,1795827,1745130,106780,101906.71428571429
ESP,Europe,Spain,2020-12-18,1797236,11815,9523.0,1807642,1756796,109915,103407.28571428571
ESP,Europe,Spain,2020-12-19,1797236,0,9523.0,1807642,1756796,109915,104907.85714285714
ESP,Europe,Spain,2020-12-20,1797236,0,9523.0,1807642,1756796,109915,106408.42857142857
ESP,Europe,Spain,2020-12-21,1819249,22013,9623.57142857143,1829655,1778475,114307,108344.71428571429
ESP,Europe,Spain,2020-12-22,1829903,10654,9670.142857142857,1840309,1788869,124701,111462.28571428571
ESP,Europe,Spain,2020-12-23,1842289,12386,9857.0,1852695,1801077,127509,114720.28571428571
ESP,Europe,Spain,2020-12-24,1854951,12662,9932.857142857143,1865357,1813613,132415,118382.42857142857
ESP,Europe,Spain,2020-12-25,1854951,0,8245.0,1865357,1813613,122176,120134.0
ESP,Europe,Spain,2020-12-26,1854951,0,8245.0,1865357,1813613,122176,121885.57142857143
ESP,Europe,Spain,2020-12-27,1854951,0,8245.0,1865357,1813613,122176,123637.14285714286
ESP,Europe,Spain,2020-12-28,1879413,24462,8594.857142857143,1889819,1837777,125420,125224.71428571429
ESP,Europe,Spain,2020-12-29,1893502,14089,9085.57142857143,1903908,1851546,129249,125874.42857142857
ESP,Europe,Spain,2020-12-30,1910218,16716,9704.142857142857,1920624,1868015,134835,126921.0
ESP,Europe,Spain,2020-12-31,1928265,18047,10473.42857142857,1938671,1885914,140784,128116.57142857143
ESP,Europe,Spain,2021-01-01,1928265,0,10473.42857142857,1938671,1885914,129118,129108.28571428571
ESP,Europe,Spain,2021-01-02,1928265,0,10473.42857142857,1938671,1885914,129118,130100.0
ESP,Europe,Spain,2021-01-03,1928265,0,10473.42857142857,1938671,1885914,129118,131091.7142857143
ESP,Europe,Spain,2021-01-04,1958844,30579,11347.285714285714,1969250,1916252,137777,132857.0
ESP,Europe,Spain,2021-01-05,1982544,23700,12720.285714285714,1992950,1939600,150731,135925.85714285713
ESP,Europe,Spain,2021-01-06,1982544,0,10332.285714285714,1992950,1939600,138523,136452.7142857143
ESP,Europe,Spain,2021-01-07,2024904,42360,13805.57142857143,2035310,1981715,168102,140355.2857142857
ESP,Europe,Spain,2021-01-08,2050360,25456,17442.14285714286,2060766,2006972,193359,149532.57142857142
ESP,Europe,Spain,2021-01-09,2050360,0,17442.14285714286,2060766,2006972,193359,158709.85714285713
ESP,Europe,Spain,2021-01-10,2050360,0,17442.14285714286,2060766,2006972,193359,167887.14285714287
ESP,Europe,Spain,2021-01-11,2111782,61422,21848.285714285714,2122188,2067993,230216,181092.7142857143
ESP,Europe,Spain,2021-01-12,2137220,25438,22096.571428571428,2147626,2093023,241477,194056.42857142858
ESP,Europe,Spain,2021-01-13,2176089,38869,27649.285714285714,2186495,2131697,263682,211936.2857142857
ESP,Europe,Spain,2021-01-14,2211967,35878,26723.285714285714,2222373,2167374,281460,228130.2857142857
ESP,Europe,Spain,2021-01-15,2252164,40197,28829.14285714286,2262570,2207336,321422,246425.0
ESP,Europe,Spain,2021-01-16,2252164,0,28829.14285714286,2262570,2207336,321422,264719.71428571426
ESP,Europe,Spain,2021-01-17,2252164,0,28829.14285714286,2262570,2207336,321422,283014.4285714286
ESP,Europe,Spain,2021-01-18,2336451,84287,32095.571428571428,2346857,2291168,374916,303685.85714285716
ESP,Europe,Spain,2021-01-19,2370742,34291,33360.28571428572,2381148,2325055,385455,324254.14285714284
ESP,Europe,Spain,2021-01-20,2412318,41576,33747.0,2422724,2366167,426567,347523.4285714286
ESP,Europe,Spain,2021-01-21,2456675,44357,34958.28571428572,2467081,2410120,428405,368515.5714285714
ESP,Europe,Spain,2021-01-22,2499560,42885,35342.28571428572,2509966,2452605,445633,386260.0
ESP,Europe,Spain,2021-01-23,2499560,0,35342.28571428572,2509966,2452605,445633,404004.4285714286
ESP,Europe,Spain,2021-01-24,2499560,0,35342.28571428572,2509966,2452605,445633,421748.85714285716
ESP,Europe,Spain,2021-01-25,2593382,93822,36704.42857142857,2603788,2545660,477667,436427.5714285714
ESP,Europe,Spain,2021-01-26,2629817,36435,37010.71428571428,2640223,2581509,488486,451146.28571428574
ESP,Europe,Spain,2021-01-27,2670102,40285,36826.28571428572,2680508,2621297,489600,460151.0
ESP,Europe,Spain,2021-01-28,2705001,34899,35475.142857142855,2715407,2655681,488307,468708.4285714286
ESP,Europe,Spain,2021-01-29,2743119,38118,34794.142857142855,2753525,2693286,485950,474468.0
ESP,Europe,Spain,2021-01-30,2743119,0,34794.142857142855,2753525,2693286,485950,480227.5714285714
ESP,Europe,Spain,2021-01-31,2743119,0,34794.142857142855,2753525,2693286,485950,485987.14285714284
ESP,Europe,Spain,2021-02-01,2822805,79686,32774.71428571428,2833211,2772210,481042,486469.28571428574
ESP,Europe,Spain,2021-02-02,2851869,29064,31721.714285714286,2862275,2800550,475495,484613.4285714286
ESP,Europe,Spain,2021-02-03,2883465,31596,30480.428571428572,2893871,2831581,465414,481158.28571428574
ESP,Europe,Spain,2021-02-04,2913425,29960,29774.85714285714,2923831,2861109,450989,475827.14285714284
ESP,Europe,Spain,2021-02-05,2941990,28565,28410.14285714286,2952396,2889090,436485,468760.71428571426
ESP,Europe,Spain,2021-02-06,2941990,0,28410.14285714286,2952396,2889090,436485,461694.28571428574
ESP,Europe,Spain,2021-02-07,2941990,0,28410.14285714286,2952396,2889090,436485,454627.85714285716
ESP,Europe,Spain,2021-02-08,2989085,47095,23754.285714285714,2999491,2935276,389616,441567.0
ESP,Europe,Spain,2021-02-09,3005487,16402,21945.428571428572,3015893,2950912,369403,426411.0
ESP,Europe,Spain,2021-02-10,3023601,18114,20019.428571428572,3034007,2968383,347086,409507.0
ESP,Europe,Spain,2021-02-11,3041454,17853,18289.85714285714,3051860,2985723,330042,392228.85714285716
ESP,Europe,Spain,2021-02-12,3056035,14581,16292.142857142857,3066441,2999774,306488,373657.85714285716
ESP,Europe,Spain,2021-02-13,3056035,0,16292.142857142857,3066441,2999774,306488,355086.85714285716
ESP,Europe,Spain,2021-02-14,3056035,0,16292.142857142857,3066441,2999774,306488,336515.85714285716
ESP,Europe,Spain,2021-02-15,3086286,30251,13885.857142857143,3096692,3029323,257113,317586.85714285716
ESP,Europe,Spain,2021-02-16,3096343,10057,12979.42857142857,3106749,3038850,238300,298857.85714285716
ESP,Europe,Spain,2021-02-17,3107172,10829,11938.714285714286,3117578,3049342,217761,280382.85714285716
ESP,Europe,Spain,2021-02-18,3121687,14515,11461.857142857143,3132093,3063469,202360,262142.57142857142
ESP,Europe,Spain,2021-02-19,3133122,11435,11012.42857142857,3143528,3074507,185417,244846.7142857143
ESP,Europe,Spain,2021-02-20,3133122,0,11012.42857142857,3143528,3074507,185417,227550.85714285713
ESP,Europe,Spain,2021-02-21,3133122,0,11012.42857142857,3143528,3074507,185417,210255.0
ESP,Europe,Spain,2021-02-22,3153971,20849,9669.285714285714,3164377,3094821,159545,196316.7142857143
ESP,Europe,Spain,2021-02-23,3161432,7461,9298.42857142857,3171838,3101839,150927,183834.85714285713
ESP,Europe,Spain,2021-02-24,3170644,9212,9067.42857142857,3181050,3110662,142279,173051.7142857143
ESP,Europe,Spain,2021-02-25,3180212,9568,8360.714285714286,3190618,3119885,134162,163309.14285714287
ESP,Europe,Spain,2021-02-26,3188553,8341,7918.714285714285,3198959,3127897,128123,155124.2857142857
ESP,Europe,Spain,2021-02-27,3188553,0,7918.714285714285,3198959,3127897,128123,146939.42857142858
ESP,Europe,Spain,2021-02-28,3188553,0,7918.714285714285,3198959,3127897,128123,138754.57142857142
ESP,Europe,Spain,2021-03-01,3204531,15978,7222.857142857143,3214937,3143408,114085,132260.2857142857
ESP,Europe,Spain,2021-03-02,3130184,0,6157.0,3214937,3143216,104366,125608.71428571429
ESP,Europe,Spain,2021-03-03,3136321,6137,5717.714285714285,3221074,3148907,99565,119506.71428571429
ESP,Europe,Spain,2021-03-04,3142358,6037,5213.285714285715,3227111,3154690,91221,113372.28571428571
ESP,Europe,Spain,2021-03-05,3149012,6654,4972.285714285715,3233765,3160707,86200,107383.28571428571
ESP,Europe,Spain,2021-03-06,3149012,0,4972.285714285715,3233765,3160707,86200,101394.28571428571
ESP,Europe,Spain,2021-03-07,3149012,0,4972.285714285715,3233765,3160707,86200,95405.28571428571
ESP,Europe,Spain,2021-03-08,3160970,11958,4398.0,3245723,3172367,77546,90185.42857142857
ESP,Europe,Spain,2021-03-09,3164982,4012,4971.142857142857,3249735,3176088,74249,85883.0
ESP,Europe,Spain,2021-03-10,3172101,7119,5111.428571428572,3256854,3182973,72311,81989.57142857143
ESP,Europe,Spain,2021-03-11,3178356,6255,5142.571428571428,3263109,3189104,69219,78846.42857142857
ESP,Europe,Spain,2021-03-12,3183704,5348,4956.0,3268457,3194279,66382,76015.28571428571
ESP,Europe,Spain,2021-03-13,3183704,0,4956.0,3268457,3194279,66382,73184.14285714286
ESP,Europe,Spain,2021-03-14,3183704,0,4956.0,3268457,3194279,66382,70353.0
ESP,Europe,Spain,2021-03-15,3195062,11358,4870.285714285715,3279815,3205471,62063,68141.14285714286
ESP,Europe,Spain,2021-03-16,3200024,4962,5006.0,3284777,3210292,67076,67116.42857142857
ESP,Europe,Spain,2021-03-17,3206116,6092,4859.285714285715,3290869,3216156,67249,66393.28571428571
ESP,Europe,Spain,2021-03-18,3212332,6216,4853.714285714285,3297085,3222255,67565,66157.0
ESP,Europe,Spain,2021-03-19,3212332,0,4089.714285714286,3297085,3222255,61548,65466.42857142857
ESP,Europe,Spain,2021-03-20,3212332,0,4089.714285714286,3297085,3222255,61548,64775.857142857145
ESP,Europe,Spain,2021-03-21,3212332,0,4089.714285714286,3297085,3222255,61548,64085.28571428572
ESP,Europe,Spain,2021-03-22,3228803,16471,4820.142857142857,3313556,3238093,65726,64608.57142857143
ESP,Europe,Spain,2021-03-23,3234319,5516,4899.285714285715,3319072,3243408,67320,64643.42857142857
ESP,Europe,Spain,2021-03-24,3234319,0,4029.0,3319072,3243408,60435,63670.0
ESP,Europe,Spain,2021-03-25,3247738,13419,5058.0,3332491,3256151,67047,63596.0
ESP,Europe,Spain,2021-03-26,3255324,7586,6141.714285714285,3340077,3263147,68868,64641.71428571428
ESP,Europe,Spain,2021-03-27,3255324,0,6141.714285714285,3340077,3263147,68868,65687.42857142857
ESP,Europe,Spain,2021-03-28,3255324,0,6141.714285714285,3340077,3263147,68868,66733.14285714286
ESP,Europe,Spain,2021-03-29,3270825,15501,6003.142857142857,3355578,3278459,72988,67770.57142857143
ESP,Europe,Spain,2021-03-30,3275819,4994,5928.571428571428,3360572,3283347,73055,68589.85714285714
ESP,Europe,Spain,2021-03-31,3284353,8534,7147.714285714285,3369106,3291727,75571,70752.14285714286
ESP,Europe,Spain,2021-04-01,3291394,7041,6236.571428571428,3376147,3298686,76431,72092.71428571429
ESP,Europe,Spain,2021-04-02,3291394,0,5152.857142857143,3376147,3298686,76431,73173.14285714286
ESP,Europe,Spain,2021-04-03,3300965,9571,6520.142857142857,3385718,3308100,85845,75598.42857142857
ESP,Europe,Spain,2021-04-04,3300965,0,6520.142857142857,3385718,3308100,85845,78023.71428571429
ESP,Europe,Spain,2021-04-05,3311325,10360,5785.714285714285,3396078,3318375,80282,79065.71428571429
ESP,Europe,Spain,2021-04-06,3317948,6623,6018.428571428572,3402701,3324870,81462,80266.71428571429
ESP,Europe,Spain,2021-04-07,3326736,8788,6054.714285714285,3411489,3333532,90124,82345.71428571429
ESP,Europe,Spain,2021-04-08,3336637,9901,6463.285714285715,3421390,3343291,87140,83875.57142857143
ESP,Europe,Spain,2021-04-09,3347512,10875,8016.857142857143,3432265,3354017,90870,85938.28571428571
ESP,Europe,Spain,2021-04-10,3347512,0,6649.571428571428,3432265,3354017,90870,86656.14285714286
ESP,Europe,Spain,2021-04-11,3347512,0,6649.571428571428,3432265,3354017,90870,87374.0
ESP,Europe,Spain,2021-04-12,3370256,22744,8418.714285714286,3455009,3376564,98105,89920.14285714286
ESP,Europe,Spain,2021-04-13,3376548,6292,8371.42857142857,3461301,3382756,99409,92484.0
ESP,Europe,Spain,2021-04-14,3387022,10474,8612.285714285714,3471775,3393099,101372,94090.85714285714
ESP,Europe,Spain,2021-04-15,3396685,9663,8578.285714285714,3481438,3402636,103950,96492.28571428571
ESP,Europe,Spain,2021-04-16,3407283,10598,8538.714285714286,3492036,3413135,114449,99860.71428571429
ESP,Europe,Spain,2021-04-17,3407283,0,8538.714285714286,3492036,3413135,105035,101884.28571428571
ESP,Europe,Spain,2021-04-18,3407283,0,8538.714285714286,3492036,3413135,105035,103907.85714285714
ESP,Europe,Spain,2021-04-19,3428354,21071,8299.714285714286,3513107,3434085,115710,106422.85714285714
ESP,Europe,Spain,2021-04-20,3428354,0,7400.857142857143,3513107,3434085,109215,107823.71428571429
ESP,Europe,Spain,2021-04-21,3446072,17718,8435.714285714286,3530825,3451541,118009,110200.42857142857
ESP,Europe,Spain,2021-04-22,3456886,10814,8600.142857142857,3541639,3462223,118932,112340.71428571429
ESP,Europe,Spain,2021-04-23,3468617,11731,8762.0,3553370,3473859,119842,113111.14285714286
ESP,Europe,Spain,2021-04-24,3468617,0,8762.0,3553370,3473859,119842,115226.42857142857
ESP,Europe,Spain,2021-04-25,3468617,0,8762.0,3553370,3473859,119842,117341.71428571429
ESP,Europe,Spain,2021-04-26,3488469,19852,8587.857142857143,3573222,3493564,117000,117526.0
ESP,Europe,Spain,2021-04-27,3496134,7665,9682.857142857143,3580887,3501112,118356,118831.85714285714
ESP,Europe,Spain,2021-04-28,3504799,8665,8389.57142857143,3589552,3509689,116590,118629.14285714286
ESP,Europe,Spain,2021-04-29,3514942,10143,8293.714285714286,3599695,3519695,117059,118361.57142857143
ESP,Europe,Spain,2021-04-30,3524077,9135,7922.857142857143,3608830,3528694,115559,117749.71428571429
ESP,Europe,Spain,2021-05-01,3524077,0,7922.857142857143,3608830,3528694,115559,117137.85714285714
ESP,Europe,Spain,2021-05-02,3524077,0,7922.857142857143,3608830,3528694,115559,116526.0
ESP,Europe,Spain,2021-05-03,3540430,16353,7423.0,3625183,3544970,110885,115652.42857142857
ESP,Europe,Spain,2021-05-04,3544945,4515,6973.0,3629698,3549379,115294,115215.0
ESP,Europe,Spain,2021-05-05,3551262,6317,6637.571428571428,3636015,3555529,103988,113414.71428571429
ESP,Europe,Spain,2021-05-06,3559222,7960,6325.714285714285,3643975,3563329,101106,111135.71428571429
ESP,Europe,Spain,2021-05-07,3567408,8186,6190.142857142857,3652161,3571449,97590,108568.71428571429
ESP,Europe,Spain,2021-05-08,3567408,0,6190.142857142857,3652161,3571449,97590,106001.71428571429
ESP,Europe,Spain,2021-05-09,3567408,0,6190.142857142857,3652161,3571449,97590,103434.71428571429
ESP,Europe,Spain,2021-05-10,3581392,13984,5851.714285714285,3666145,3585330,91766,100703.42857142857
ESP,Europe,Spain,2021-05-11,3586333,4941,5912.571428571428,3671086,3590066,88954,96940.57142857143
ESP,Europe,Spain,2021-05-12,3592751,6418,5927.0,3677504,3596376,86687,94469.0
ESP,Europe,Spain,2021-05-13,3598452,5701,5604.285714285715,3683205,3602004,82309,91783.71428571429
ESP,Europe,Spain,2021-05-14,3604799,6347,5341.571428571428,3689552,3608293,79599,89213.57142857143
ESP,Europe,Spain,2021-05-15,3604799,0,5341.571428571428,3689552,3608293,79599,86643.42857142857
ESP,Europe,Spain,2021-05-16,3604799,0,5341.571428571428,3689552,3608293,79599,84073.28571428571
ESP,Europe,Spain,2021-05-17,3615860,11061,4924.0,3700613,3619261,74291,81576.85714285714
ESP,Europe,Spain,2021-05-18,3619848,3988,4787.857142857143,3704601,3623179,73800,79412.0
ESP,Europe,Spain,2021-05-19,3625928,6080,4739.571428571428,3710681,3629193,73664,77551.57142857143
ESP,Europe,Spain,2021-05-20,3631661,5733,4744.142857142857,3716414,3634893,71564,76016.57142857143
ESP,Europe,Spain,2021-05-21,3636453,4792,4522.0,3721206,3639666,68217,74390.57142857143
ESP,Europe,Spain,2021-05-22,3636453,0,4522.0,3721206,3639666,68217,72764.57142857143
ESP,Europe,Spain,2021-05-23,3636453,0,4522.0,3721206,3639666,68217,71138.57142857143
ESP,Europe,Spain,2021-05-24,3647520,11067,4522.857142857143,3732273,3650642,65312,69855.85714285714
ESP,Europe,Spain,2021-05-25,3652879,5359,4718.714285714285,3737632,3655911,65845,68719.42857142857
ESP,Europe,Spain,2021-05-26,3657886,5007,4565.428571428572,3742639,3660864,64488,67408.57142857143
ESP,Europe,Spain,2021-05-27,3663176,5290,4502.142857142857,3747929,3666121,64117,66344.71428571429
ESP,Europe,Spain,2021-05-28,3668658,5482,4600.714285714285,3753411,3671586,63293,65641.28571428571
ESP,Europe,Spain,2021-05-29,3668658,0,4600.714285714285,3753411,3671586,63293,64937.857142857145
ESP,Europe,Spain,2021-05-30,3668658,0,4600.714285714285,3753411,3671586,63293,64234.42857142857
ESP,Europe,Spain,2021-05-31,3678390,9732,4410.0,3763143,3681270,62009,63762.57142857143
ESP,Europe,Spain,2021-06-01,3682778,4388,4271.285714285715,3767531,3685628,62449,63277.42857142857
ESP,Europe,Spain,2021-06-02,3687762,4984,4268.0,3772515,3690546,61353,62829.57142857143
ESP,Europe,Spain,2021-06-03,3693012,5250,4262.285714285715,3777765,3695796,60903,62370.42857142857
ESP,Europe,Spain,2021-06-04,3697981,4969,4189.0,3782734,3700619,60953,62036.142857142855
ESP,Europe,Spain,2021-06-05,3697981,0,4189.0,3782734,3700618,60952,61701.71428571428
ESP,Europe,Spain,2021-06-06,3697981,0,4189.0,3782734,3700618,60952,61367.28571428572
ESP,Europe,Spain,2021-06-07,3707523,9542,4161.857142857143,3792276,3710120,59478,61005.71428571428
ESP,Europe,Spain,2021-06-08,3711027,3504,4035.5714285714284,3795780,3713551,57640,60318.71428571428
ESP,Europe,Spain,2021-06-09,3715454,4427,3956.0,3800207,3717955,57091,59709.857142857145
ESP,Europe,Spain,2021-06-10,3729458,14004,5206.571428571428,3814211,3731826,65705,60395.857142857145
ESP,Europe,Spain,2021-06-11,3733600,4142,5088.428571428572,3818353,3735932,64346,60880.57142857143
ESP,Europe,Spain,2021-06-12,3733600,0,5088.428571428572,3818353,3735932,64346,61365.42857142857
ESP,Europe,Spain,2021-06-13,3733600,0,5088.428571428572,3818353,3735932,64346,61850.28571428572
ESP,Europe,Spain,2021-06-14,3741767,8167,4892.0,3826520,3744083,62813,62326.71428571428
ESP,Europe,Spain,2021-06-15,3745199,3432,4881.714285714285,3829952,3747453,61825,62924.57142857143
ESP,Europe,Spain,2021-06-16,3749031,3832,4796.714285714285,3833784,3751249,60703,63440.57142857143
ESP,Europe,Spain,2021-06-17,3753228,4197,3395.714285714286,3837981,3755427,59631,62572.857142857145
ESP,Europe,Spain,2021-06-18,3757442,4214,3406.0,3842195,3759623,59004,61809.71428571428
ESP,Europe,Spain,2021-06-19,3757442,0,3406.0,3842195,3759623,59005,61046.71428571428
ESP,Europe,Spain,2021-06-20,3757442,0,3406.0,3842195,3759623,59005,60283.71428571428
ESP,Europe,Spain,2021-06-21,3764651,7209,3269.1428571428573,3849404,3766795,56675,59406.857142857145
ESP,Europe,Spain,2021-06-22,3768691,4040,3356.0,3853444,3770805,57254,58753.857142857145
ESP,Europe,Spain,2021-06-23,3773032,4341,3428.714285714286,3857785,3775117,57162,58248.0
ESP,Europe,Spain,2021-06-24,3777539,4507,3473.0,3862292,3779606,47780,56555.0
ESP,Europe,Spain,2021-06-25,3782463,4924,3574.4285714285716,3867216,3784517,48585,55066.57142857143
ESP,Europe,Spain,2021-06-26,3782463,0,3574.4285714285716,3867216,3784517,48585,53578.0
ESP,Europe,Spain,2021-06-27,3782463,0,3574.4285714285716,3867216,3784517,48585,52089.42857142857
ESP,Europe,Spain,2021-06-28,3792642,10179,3998.714285714286,3877395,3794686,50603,51222.0
ESP,Europe,Spain,2021-06-29,3799733,7091,4434.571428571428,3884486,3801737,54284,50797.71428571428
ESP,Europe,Spain,2021-06-30,3808960,9227,5132.571428571428,3893713,3810918,59669,51155.857142857145
ESP,Europe,Spain,2021-07-01,3821305,12345,6252.285714285715,3906058,3823255,67828,54019.857142857145
ESP,Europe,Spain,2021-07-02,3833868,12563,7343.571428571428,3918621,3835790,76167,57960.142857142855
ESP,Europe,Spain,2021-07-03,3833868,0,7343.571428571428,3918621,3835790,76167,61900.42857142857
ESP,Europe,Spain,2021-07-04,3833868,0,7343.571428571428,3918621,3835790,76167,65840.71428571429
ESP,Europe,Spain,2021-07-05,3866475,32607,10547.57142857143,3951228,3868374,101579,73123.0
ESP,Europe,Spain,2021-07-06,3880612,14137,11554.142857142857,3965365,3882493,111688,81323.57142857143
ESP,Europe,Spain,2021-07-07,3897996,17384,12719.42857142857,3982749,3899860,124743,90619.85714285714
ESP,Europe,Spain,2021-07-08,3915313,17317,13429.714285714286,4000066,3917149,137543,100579.14285714286
ESP,Europe,Spain,2021-07-09,3937192,21879,14760.57142857143,4021945,3939022,154505,111770.28571428571
ESP,Europe,Spain,2021-07-10,3937192,0,14760.57142857143,4021945,3939022,154505,122961.42857142857
ESP,Europe,Spain,2021-07-11,3937192,0,14760.57142857143,4021945,3939022,154505,134152.57142857142
ESP,Europe,Spain,2021-07-12,3971124,33932,14949.857142857143,4055877,3972937,178251,145105.7142857143
ESP,Europe,Spain,2021-07-13,4015084,43960,19210.285714285714,4099837,4016884,215147,159885.57142857142
ESP,Europe,Spain,2021-07-14,4041474,26390,20496.85714285714,4126227,4043264,232346,175257.42857142858
ESP,Europe,Spain,2021-07-15,4069162,27688,21978.428571428572,4153915,4070911,247656,190987.85714285713
ESP,Europe,Spain,2021-07-16,4100222,31060,23290.0,4184975,4101959,266169,206939.85714285713
ESP,Europe,Spain,2021-07-17,4100222,0,23290.0,4184975,4101959,266169,222891.85714285713
ESP,Europe,Spain,2021-07-18,4100222,0,23290.0,4184975,4101959,266169,238843.85714285713
ESP,Europe,Spain,2021-07-19,4161850,61628,27246.571428571428,4246603,4163564,295190,255549.42857142858
ESP,Europe,Spain,2021-07-20,4189136,27286,24864.571428571428,4273889,4190821,308328,268861.0
ESP,Europe,Spain,2021-07-21,4219723,30587,25464.14285714286,4304476,4221390,321530,281601.5714285714
ESP,Europe,Spain,2021-07-22,4249258,29535,25728.0,4334011,4250897,333748,293900.4285714286
ESP,Europe,Spain,2021-07-23,4280429,31171,25743.85714285714,4365182,4282041,343019,304879.0
ESP,Europe,Spain,2021-07-24,4280429,0,25743.85714285714,4365182,4282041,343019,315857.5714285714
ESP,Europe,Spain,2021-07-25,4280429,0,25743.85714285714,4365182,4282041,343019,326836.14285714284
ESP,Europe,Spain,2021-07-26,4342054,61625,25743.428571428572,4426807,4343619,370682,337620.71428571426
ESP,Europe,Spain,2021-07-27,4368453,26399,25616.714285714286,4453206,4369963,353079,344013.71428571426
ESP,Europe,Spain,2021-07-28,4395602,27149,25125.571428571428,4480355,4397039,353775,348620.14285714284
ESP,Europe,Spain,2021-07-29,4422291,26689,24719.0,4507044,4423682,352771,351337.71428571426
ESP,Europe,Spain,2021-07-30,4447044,24753,23802.14285714286,4531797,4448391,346432,351825.28571428574
ESP,Europe,Spain,2021-07-31,4447044,0,23802.14285714286,4531797,4448391,346432,352312.85714285716
ESP,Europe,Spain,2021-08-01,4447044,0,23802.14285714286,4531797,4448391,346432,352800.4285714286
ESP,Europe,Spain,2021-08-02,4502983,55939,22989.85714285714,4587736,4504173,340609,348504.28571428574
ESP,Europe,Spain,2021-08-03,4523310,20327,22122.428571428572,4608063,4524370,333549,345714.28571428574
ESP,Europe,Spain,2021-08-04,4545184,21874,21368.85714285714,4629937,4546173,324783,341572.5714285714
ESP,Europe,Spain,2021-08-05,4566571,21387,20611.428571428572,4651324,4567473,316576,336401.85714285716
ESP,Europe,Spain,2021-08-06,4588132,21561,20155.428571428572,4672885,4588959,306918,330757.0
ESP,Europe,Spain,2021-08-07,4588132,0,20155.428571428572,4672885,4588959,306918,325112.14285714284
ESP,Europe,Spain,2021-08-08,4588132,0,20155.428571428572,4672885,4588959,306918,319467.28571428574
ESP,Europe,Spain,2021-08-09,4627770,39638,17826.714285714286,4712523,4628478,284859,311503.0
ESP,Europe,Spain,2021-08-10,4643450,15680,17162.85714285714,4728203,4644056,274093,303009.28571428574
ESP,Europe,Spain,2021-08-11,4660473,17023,16469.85714285714,4745226,4660986,263947,294318.4285714286
ESP,Europe,Spain,2021-08-12,4677883,17410,15901.714285714286,4762636,4678309,254627,285468.5714285714
ESP,Europe,Spain,2021-08-13,4693540,15657,15058.285714285714,4778293,4693903,245512,276696.28571428574
ESP,Europe,Spain,2021-08-14,4693540,0,15058.285714285714,4778293,4693903,245512,267924.0
ESP,Europe,Spain,2021-08-15,4693540,0,15058.285714285714,4778293,4693903,245512,259151.7142857143
ESP,Europe,Spain,2021-08-16,4719266,25726,13070.857142857143,4804019,4719504,215331,249219.14285714287
ESP,Europe,Spain,2021-08-17,4733602,14336,12878.857142857143,4818355,4733696,209326,239966.7142857143
ESP,Europe,Spain,2021-08-18,4745558,11956,12155.0,4830311,4745508,199335,230736.42857142858
ESP,Europe,Spain,2021-08-19,4758003,12445,11445.714285714286,4842756,4757832,190359,221555.2857142857
ESP,Europe,Spain,2021-08-20,4770453,12450,10987.57142857143,4855206,4770150,181191,212366.57142857142
ESP,Europe,Spain,2021-08-21,4770453,0,10987.57142857143,4855206,4770150,181191,203177.85714285713
ESP,Europe,Spain,2021-08-22,4770453,0,10987.57142857143,4855206,4770150,181191,193989.14285714287
ESP,Europe,Spain,2021-08-23,4794352,23899,10726.57142857143,4879105,4793848,165370,186851.85714285713
ESP,Europe,Spain,2021-08-24,4804424,10072,10117.42857142857,4889177,4803730,159674,179758.7142857143
ESP,Europe,Spain,2021-08-25,4815205,10781,9949.57142857143,4899958,4814348,153362,173191.14285714287
ESP,Europe,Spain,2021-08-26,4822320,7115,9188.142857142857,4907073,4821292,142983,166423.14285714287
ESP,Europe,Spain,2021-08-27,4831809,9489,8765.142857142857,4916562,4830642,136739,160072.85714285713
ESP,Europe,Spain,2021-08-28,4831809,0,8765.142857142857,4916562,4830642,136739,153722.57142857142
ESP,Europe,Spain,2021-08-29,4831809,0,8765.142857142857,4916562,4830642,136739,147372.2857142857
ESP,Europe,Spain,2021-08-30,4847298,15489,7563.714285714285,4932051,4845985,126481,141816.7142857143
ESP,Europe,Spain,2021-08-31,4855065,7767,7234.428571428572,4939818,4853558,119862,136129.2857142857
ESP,Europe,Spain,2021-09-01,4861883,6818,6668.285714285715,4946636,4860244,114736,130611.28571428571
ESP,Europe,Spain,2021-09-02,4871444,9561,7017.714285714285,4956197,4869637,111805,126157.28571428571
ESP,Europe,Spain,2021-09-03,4877755,6311,6563.714285714285,4962508,4875793,105643,121715.0
ESP,Europe,Spain,2021-09-04,4877755,0,6563.714285714285,4962508,4875793,105643,117272.71428571429
ESP,Europe,Spain,2021-09-05,4877755,0,6563.714285714285,4962508,4875793,105643,112830.42857142857
ESP,Europe,Spain,2021-09-06,4887112,9357,5687.714285714285,4971865,4885017,91169,107785.85714285714
ESP,Europe,Spain,2021-09-07,4892640,5528,5367.857142857143,4977393,4890407,86677,103045.14285714286
ESP,Europe,Spain,2021-09-08,4898258,5618,5196.428571428572,4983011,4895944,81596,98310.85714285714
ESP,Europe,Spain,2021-09-09,4903021,4763,4511.0,4987774,4900636,79344,93673.57142857143
ESP,Europe,Spain,2021-09-10,4907461,4440,4243.714285714285,4992214,4905004,74362,89204.85714285714
ESP,Europe,Spain,2021-09-11,4907461,0,4243.714285714285,4992214,4905004,74362,84736.14285714286
ESP,Europe,Spain,2021-09-12,4907461,0,4243.714285714285,4992214,4905004,74362,80267.42857142857
ESP,Europe,Spain,2021-09-13,4915265,7804,4021.8571428571427,5000018,4912705,66720,76774.71428571429
ESP,Europe,Spain,2021-09-14,4918526,3261,3698.0,5003279,4915811,62253,73285.57142857143
ESP,Europe,Spain,2021-09-15,4922249,3723,3427.285714285714,5007002,4919444,59200,70086.14285714286
ESP,Europe,Spain,2021-09-16,4926324,4075,3329.0,5011077,4923418,53781,66434.28571428571
ESP,Europe,Spain,2021-09-17,4929546,3222,3155.0,5014299,4926596,50803,63068.71428571428
ESP,Europe,Spain,2021-09-18,4929546,0,3155.0,5014299,4926596,50803,59703.142857142855
ESP,Europe,Spain,2021-09-19,4929546,0,3155.0,5014299,4926596,50803,56337.57142857143
ESP,Europe,Spain,2021-09-20,4935534,5988,2895.5714285714284,5020287,4932466,47449,53584.57142857143
ESP,Europe,Spain,2021-09-21,4937984,2450,2779.714285714286,5022737,4934834,44427,51038.0
ESP,Europe,Spain,2021-09-22,4940824,2840,2653.5714285714284,5025577,4937572,41628,48527.71428571428
ESP,Europe,Spain,2021-09-23,4943855,3031,2504.4285714285716,5028608,4940503,39867,46540.0
ESP,Europe,Spain,2021-09-24,4946601,2746,2436.4285714285716,5031354,4943205,38201,44739.71428571428
ESP,Europe,Spain,2021-09-25,4946601,0,2436.4285714285716,5031354,4943205,38201,42939.42857142857
ESP,Europe,Spain,2021-09-26,4946601,0,2436.4285714285716,5031354,4943205,38201,41139.142857142855
ESP,Europe,Spain,2021-09-27,4951640,5039,2300.8571428571427,5036393,4948175,35470,39427.857142857145
ESP,Europe,Spain,2021-09-28,4953930,2290,2278.0,5038683,4950405,34594,38023.142857142855
ESP,Europe,Spain,2021-09-29,4956691,2761,2266.714285714286,5041444,4953127,33683,36888.142857142855
ESP,Europe,Spain,2021-09-30,4959091,2400,2176.5714285714284,5043844,4955509,32091,35777.28571428572
ESP,Europe,Spain,2021-10-01,4961128,2037,2075.285714285714,5045881,4957498,30902,34734.57142857143
ESP,Europe,Spain,2021-10-02,4961128,0,2075.285714285714,5045881,4957498,30902,33691.857142857145
ESP,Europe,Spain,2021-10-03,4961128,0,2075.285714285714,5045881,4957498,30902,32649.14285714286
ESP,Europe,Spain,2021-10-04,4965399,4271,1965.5714285714287,5050152,4961705,29239,31759.0
ESP,Europe,Spain,2021-10-05,4967200,1801,1895.7142857142858,5051953,4963412,28578,30899.571428571428
ESP,Europe,Spain,2021-10-06,4969503,2303,1830.2857142857142,5054256,4965658,28086,30100.0
ESP,Europe,Spain,2021-10-07,4971310,1807,1745.5714285714287,5056063,4967442,26939,29364.0
ESP,Europe,Spain,2021-10-08,4973619,2309,1784.4285714285713,5058372,4969674,26469,28730.714285714286
ESP,Europe,Spain,2021-10-09,4973619,0,1784.4285714285713,5058372,4969674,26469,28097.428571428572
ESP,Europe,Spain,2021-10-10,4973619,0,1784.4285714285713,5058372,4969674,26469,27464.14285714286
ESP,Europe,Spain,2021-10-11,4977448,3829,1721.2857142857142,5062201,4973454,25279,26898.428571428572
ESP,Europe,Spain,2021-10-12,4977448,0,1464.0,5062201,4973454,23049,26108.571428571428
ESP,Europe,Spain,2021-10-13,4980206,2758,1529.0,5064959,4976170,23043,25388.14285714286
ESP,Europe,Spain,2021-10-14,4982138,1932,1546.857142857143,5066891,4978054,22545,24760.428571428572
ESP,Europe,Spain,2021-10-15,4984386,2248,1538.142857142857,5069139,4980245,22747,24228.714285714286
ESP,Europe,Spain,2021-10-16,4984386,0,1538.142857142857,5069139,4980245,22747,23697.0
ESP,Europe,Spain,2021-10-17,4984386,0,1538.142857142857,5069139,4980245,22747,23165.285714285714
ESP,Europe,Spain,2021-10-18,4988878,4492,1632.857142857143,5073631,4984681,22976,22836.285714285714
ESP,Europe,Spain,2021-10-19,4990767,1889,1902.7142857142858,5075520,4986549,23137,22848.85714285714
ESP,Europe,Spain,2021-10-20,4993295,2528,1869.857142857143,5078048,4989046,23388,22898.14285714286
ESP,Europe,Spain,2021-10-21,4995176,1881,1862.5714285714287,5079929,4990907,23465,23029.571428571428
ESP,Europe,Spain,2021-10-22,4997732,2556,1906.5714285714287,5082485,4993433,23759,23174.14285714286
ESP,Europe,Spain,2021-10-23,4997732,0,1906.5714285714287,5082485,4993433,23759,23318.714285714286
ESP,Europe,Spain,2021-10-24,4997732,0,1906.5714285714287,5082485,4993433,23759,23463.285714285714
ESP,Europe,Spain,2021-10-25,5002217,4485,1905.5714285714287,5086970,4997864,24410,23668.14285714286
ESP,Europe,Spain,2021-10-26,5004143,1926,1910.857142857143,5088896,4999738,26284,24117.714285714286
ESP,Europe,Spain,2021-10-27,5006675,2532,1911.4285714285713,5091428,5002219,26049,24497.85714285714
ESP,Europe,Spain,2021-10-28,5008887,2212,1958.7142857142858,5093640,5004398,26344,24909.14285714286
ESP,Europe,Spain,2021-10-29,5011148,2261,1916.5714285714287,5095901,5006613,26368,25281.85714285714
ESP,Europe,Spain,2021-10-30,5011148,0,1916.5714285714287,5095901,5006613,26368,25654.571428571428
ESP,Europe,Spain,2021-10-31,5011148,0,1916.5714285714287,5095901,5006613,26368,26027.285714285714
ESP,Europe,Spain,2021-11-01,5011148,0,1275.857142857143,5095901,5006613,21932,25673.285714285714
ESP,Europe,Spain,2021-11-02,5016968,5820,1832.142857142857,5101721,5012378,25829,25608.285714285714
ESP,Europe,Spain,2021-11-03,5019255,2287,1797.142857142857,5104008,5014626,25580,25541.285714285714
ESP,Europe,Spain,2021-11-04,5022546,3291,1951.2857142857142,5107299,5017902,26995,25634.285714285714
ESP,Europe,Spain,2021-11-05,5025639,3093,2070.1428571428573,5110392,5020968,27535,25801.0
ESP,Europe,Spain,2021-11-06,5025639,0,2070.1428571428573,5110392,5020968,27535,25967.714285714286
ESP,Europe,Spain,2021-11-07,5025639,0,2070.1428571428573,5110392,5020968,27535,26134.428571428572
ESP,Europe,Spain,2021-11-08,5032056,6417,2986.8571428571427,5116809,5027331,29467,27210.85714285714
ESP,Europe,Spain,2021-11-09,5032056,0,2155.4285714285716,5116809,5027331,27593,27462.85714285714
ESP,Europe,Spain,2021-11-10,5038517,6461,2751.714285714286,5123270,5033733,31514,28310.571428571428
ESP,Europe,Spain,2021-11-11,5042803,4286,2893.8571428571427,5127556,5037989,33591,29252.85714285714
ESP,Europe,Spain,2021-11-12,5047156,4353,3073.8571428571427,5131909,5042316,35703,30419.714285714286
ESP,Europe,Spain,2021-11-13,5047156,0,3073.8571428571427,5131909,5042316,35703,31586.571428571428
ESP,Europe,Spain,2021-11-14,5047156,0,3073.8571428571427,5131909,5042316,35703,32753.428571428572
ESP,Europe,Spain,2021-11-15,5056954,9798,3556.8571428571427,5141707,5052071,45458,35037.857142857145
ESP,Europe,Spain,2021-11-16,5061045,4091,4141.285714285715,5145798,5056133,43755,37346.71428571428
ESP,Europe,Spain,2021-11-17,5067712,6667,4170.714285714285,5152465,5062770,48144,39722.42857142857
ESP,Europe,Spain,2021-11-18,5074027,6315,4460.571428571428,5158780,5069056,51154,42231.42857142857
ESP,Europe,Spain,2021-11-19,5080663,6636,4786.714285714285,5165416,5075686,54718,44947.857142857145
ESP,Europe,Spain,2021-11-20,5080663,0,4786.714285714285,5165416,5075686,54718,47664.28571428572
ESP,Europe,Spain,2021-11-21,5080663,0,4786.714285714285,5165416,5075686,54718,50380.71428571428
ESP,Europe,Spain,2021-11-22,5096538,15875,5654.857142857143,5181291,5091539,64208,53059.28571428572
ESP,Europe,Spain,2021-11-23,5103315,6777,6038.571428571428,5188068,5098282,70951,56944.42857142857
ESP,Europe,Spain,2021-11-24,5111842,8527,6304.285714285715,5196595,5106771,73038,60500.71428571428
ESP,Europe,Spain,2021-11-25,5121100,9258,6724.714285714285,5205853,5116002,78013,64337.71428571428
ESP,Europe,Spain,2021-11-26,5131012,9912,7192.714285714285,5215765,5125890,83574,68460.0
ESP,Europe,Spain,2021-11-27,5131012,0,7192.714285714285,5215765,5125890,83574,72582.28571428571
ESP,Europe,Spain,2021-11-28,5131012,0,7192.714285714285,5215765,5125890,83574,76704.57142857143
ESP,Europe,Spain,2021-11-29,5153923,22911,8197.857142857143,5238676,5148748,96677,81343.0
ESP,Europe,Spain,2021-11-30,5164184,10261,8695.57142857143,5248937,5158965,102832,85897.42857142857
ESP,Europe,Spain,2021-12-01,5174720,10536,8982.57142857143,5259473,5169473,106703,90706.71428571429
ESP,Europe,Spain,2021-12-02,5189220,14500,9731.42857142857,5273973,5183931,114875,95972.71428571429
ESP,Europe,Spain,2021-12-03,5202958,13738,10278.0,5287711,5197632,121946,101454.42857142857
ESP,Europe,Spain,2021-12-04,5202958,0,10278.0,5287711,5197632,121946,106936.14285714286
ESP,Europe,Spain,2021-12-05,5202958,0,10278.0,5287711,5197632,121946,112417.85714285714
ESP,Europe,Spain,2021-12-06,5202958,0,7005.0,5287711,5197632,106093,113763.0
ESP,Europe,Spain,2021-12-07,5246766,43808,11797.42857142857,5331519,5241362,143080,119512.71428571429
ESP,Europe,Spain,2021-12-08,5246766,0,10292.285714285714,5331519,5241362,134591,123496.71428571429
ESP,Europe,Spain,2021-12-09,5273178,26412,11994.0,5357931,5267690,151688,128755.71428571429
ESP,Europe,Spain,2021-12-10,5290273,17095,12473.57142857143,5375026,5284726,158836,134025.7142857143
ESP,Europe,Spain,2021-12-11,5290190,0,12473.57142857143,5375026,5284725,158835,139295.57142857142
ESP,Europe,Spain,2021-12-12,5290190,0,12473.57142857143,5375026,5284725,158835,144565.42857142858
ESP,Europe,Spain,2021-12-13,5339992,49802,19588.14285714286,5424828,5334424,185676,155934.42857142858
ESP,Europe,Spain,2021-12-14,5366128,26136,17063.571428571428,5450964,5360502,201537,164285.42857142858
ESP,Europe,Spain,2021-12-15,5393268,27140,20940.714285714286,5478104,5387565,218092,176214.14285714287
ESP,Europe,Spain,2021-12-16,5422168,28900,21296.14285714286,5507004,5416417,232486,187756.7142857143
ESP,Europe,Spain,2021-12-17,5455527,33359,23619.571428571428,5540363,5449735,252103,201080.57142857142
ESP,Europe,Spain,2021-12-18,5455527,0,23619.571428571428,5540363,5449735,252103,214404.57142857142
ESP,Europe,Spain,2021-12-19,5455527,0,23619.571428571428,5540363,5449735,252103,227728.57142857142
ESP,Europe,Spain,2021-12-20,5535231,79704,27891.285714285714,5620067,5529354,331722,248592.2857142857
ESP,Europe,Spain,2021-12-21,5585054,49823,31275.14285714286,5669890,5579083,337721,268047.14285714284
ESP,Europe,Spain,2021-12-22,5645095,60041,35975.28571428572,5729931,5639074,397712,293707.14285714284
ESP,Europe,Spain,2021-12-23,5718007,72912,42262.71428571428,5802843,5711904,444214,323954.0
ESP,Europe,Spain,2021-12-24,5718007,0,37497.142857142855,5802843,5711904,427178,348964.71428571426
ESP,Europe,Spain,2021-12-25,5718007,0,37497.142857142855,5802843,5711904,427179,373975.5714285714
ESP,Europe,Spain,2021-12-26,5718007,0,37497.142857142855,5802843,5711904,427179,398986.4285714286
ESP,Europe,Spain,2021-12-27,5932626,214619,56770.71428571428,6017462,5926403,591979,436166.0
ESP,Europe,Spain,2021-12-28,6032297,99671,63891.857142857145,6117133,6025960,665458,482985.5714285714
ESP,Europe,Spain,2021-12-29,6133057,100760,69708.85714285714,6217893,6126642,739077,531752.0
ESP,Europe,Spain,2021-12-30,6294745,161688,82391.14285714286,6379581,6288256,871839,592841.2857142857
ESP,Europe,Spain,2021-12-31,6294745,0,82391.14285714286,6379581,6288256,838521,651604.5714285715
ESP,Europe,Spain,2022-01-01,6294745,0,82391.14285714286,6379581,6288256,838521,710367.7142857143
ESP,Europe,Spain,2022-01-02,6294745,0,82391.14285714286,6379581,6288256,838521,769130.8571428572
ESP,Europe,Spain,2022-01-03,6667511,372766,104983.57142857143,6752347,6660854,1131500,846205.2857142857
ESP,Europe,Spain,2022-01-04,6785286,117775,107569.85714285714,6870122,6778513,1199430,922487.0
ESP,Europe,Spain,2022-01-05,6922466,137180,112772.71428571429,7007302,6915545,1276471,999257.5714285715
ESP,Europe,Spain,2022-01-06,6922466,0,89674.42857142857,7007302,6915545,1203641,1046657.8571428572
ESP,Europe,Spain,2022-01-07,7164906,242440,124308.71428571429,7249742,7157888,1445984,1133438.2857142857
ESP,Europe,Spain,2022-01-08,7164906,0,124308.71428571429,7249742,7157888,1445984,1220218.7142857143
ESP,Europe,Spain,2022-01-09,7164906,0,124308.71428571429,7249742,7157888,1445984,1306999.142857143
ESP,Europe,Spain,2022-01-10,7457300,292394,112827.0,7542136,7450080,1523677,1363024.4285714286
ESP,Europe,Spain,2022-01-11,7592242,134942,115279.42857142857,7677078,7584775,1558815,1414365.142857143
ESP,Europe,Spain,2022-01-12,7771367,179125,121271.57142857143,7856203,7763775,1637133,1465888.2857142857
ESP,Europe,Spain,2022-01-13,7930528,159161,144008.85714285713,8015364,7922824,1634568,1527449.2857142857
ESP,Europe,Spain,2022-01-14,8093036,162508,132590.0,8177872,8085193,1796937,1577585.4285714286
ESP,Europe,Spain,2022-01-15,8093036,0,132590.0,8177872,8085193,1796937,1627721.5714285714
ESP,Europe,Spain,2022-01-16,8093036,0,132590.0,8177872,8085193,1796937,1677857.7142857143
ESP,Europe,Spain,2022-01-17,8424503,331467,138171.85714285713,8509339,8416426,1755572,1710985.5714285714
ESP,Europe,Spain,2022-01-18,8518975,94472,132390.42857142858,8603811,8510614,1732101,1735740.7142857143
ESP,Europe,Spain,2022-01-19,8676916,157941,129364.14285714286,8761752,8668395,1752850,1752271.7142857143
ESP,Europe,Spain,2022-01-20,8834363,157447,129119.28571428571,8919199,8825680,1910135,1791638.4285714286
ESP,Europe,Spain,2022-01-21,8975458,141095,126060.28571428571,9060294,8966633,1808745,1793325.2857142857
ESP,Europe,Spain,2022-01-22,8975458,0,126060.28571428571,9060294,8966633,1808745,1795012.142857143
ESP,Europe,Spain,2022-01-23,8975458,0,126060.28571428571,9060294,8966633,1808745,1796699.0
ESP,Europe,Spain,2022-01-24,9280890,305432,122341.0,9365726,9271812,1821732,1806150.4285714286
ESP,Europe,Spain,2022-01-25,9395767,114877,125256.0,9480603,9386307,1801532,1816069.142857143
ESP,Europe,Spain,2022-01-26,9529320,133553,121772.0,9614156,9519645,1755870,1816500.5714285714
ESP,Europe,Spain,2022-01-27,9660208,130888,117977.85714285714,9745044,9650357,1727533,1790414.5714285714
ESP,Europe,Spain,2022-01-28,9779130,118922,114810.28571428571,9863966,9769080,1683887,1772577.7142857143
ESP,Europe,Spain,2022-01-29,9779130,0,114810.28571428571,9863966,9769080,1683887,1754740.857142857
ESP,Europe,Spain,2022-01-30,9779130,0,114810.28571428571,9863966,9769080,1683887,1736904.0
ESP,Europe,Spain,2022-01-31,9961253,182123,97194.71428571429,10046089,9950944,1534518,1695873.4285714286
ESP,Europe,Spain,2022-02-01,10039126,77873,91908.42857142857,10123962,10028409,1517795,1655339.5714285714
ESP,Europe,Spain,2022-02-02,10125348,86222,85146.85714285714,10210184,10114407,1446012,1611074.142857143
ESP,Europe,Spain,2022-02-03,10199716,74368,77072.57142857143,10284552,10188592,1362912,1558985.4285714286
ESP,Europe,Spain,2022-02-04,10199716,0,60083.71428571428,10284552,10188592,1221959,1492995.7142857143
ESP,Europe,Spain,2022-02-05,10199716,0,60083.71428571428,10284552,10188592,1221959,1427006.0
ESP,Europe,Spain,2022-02-06,10199716,0,60083.71428571428,10284552,10188592,1221959,1361016.2857142857
ESP,Europe,Spain,2022-02-07,10395471,195755,62031.142857142855,10480307,10383817,1112005,1300657.2857142857
ESP,Europe,Spain,2022-02-08,10439302,43831,57168.0,10524138,10427287,1040980,1232540.857142857
ESP,Europe,Spain,2022-02-09,10502141,62839,53827.57142857143,10586977,10489844,970199,1164567.5714285714
ESP,Europe,Spain,2022-02-10,10555196,53055,50782.857142857145,10640032,10542506,892149,1097315.7142857143
ESP,Europe,Spain,2022-02-11,10604200,49004,57783.42857142857,10689036,10591121,822041,1040184.5714285715
ESP,Europe,Spain,2022-02-12,10604200,0,57783.42857142857,10689036,10591121,822041,983053.4285714285
ESP,Europe,Spain,2022-02-13,10604200,0,57783.42857142857,10689036,10591121,822041,925922.2857142857
ESP,Europe,Spain,2022-02-14,10672906,68706,39633.57142857143,10757742,10659226,708282,868247.5714285715
ESP,Europe,Spain,2022-02-15,10707286,34380,38283.42857142857,10792122,10693296,664887,814520.0
ESP,Europe,Spain,2022-02-16,10744394,37108,34607.57142857143,10829230,10729960,615553,763856.2857142857
ESP,Europe,Spain,2022-02-17,10778607,34213,31915.85714285714,10863443,10763813,575221,718580.8571428572
ESP,Europe,Spain,2022-02-18,10809222,30615,29288.85714285714,10894058,10794140,605548,687653.2857142857
ESP,Europe,Spain,2022-02-19,10809222,0,29288.85714285714,10894058,10794140,605548,656725.7142857143
ESP,Europe,Spain,2022-02-20,10809222,0,29288.85714285714,10894058,10794140,605548,625798.1428571428
ESP,Europe,Spain,2022-02-21,10858000,48778,26442.0,10942836,10842454,458637,590134.5714285715
ESP,Europe,Spain,2022-02-22,10880193,22193,24701.0,10965029,10864474,437187,557606.0
ESP,Europe,Spain,2022-02-23,10914105,33912,24244.428571428572,10998941,10898085,408241,527990.0
ESP,Europe,Spain,2022-02-24,10949997,35892,24484.285714285714,11034833,10933751,391245,501707.71428571426
ESP,Europe,Spain,2022-02-25,10977524,27527,24043.14285714286,11062360,10961030,369909,468045.0
ESP,Europe,Spain,2022-02-26,10977524,0,24043.14285714286,11062360,10961030,369909,434382.28571428574
ESP,Europe,Spain,2022-02-27,10977524,0,24043.14285714286,11062360,10961030,369909,400719.5714285714
ESP,Europe,Spain,2022-02-28,10977524,0,17074.85714285714,11062360,10961030,301804,378314.85714285716
ESP,Europe,Spain,2022-03-01,11036085,58561,22270.285714285714,11120921,11019118,325822,362405.5714285714
ESP,Europe,Spain,2022-03-02,11054888,18803,20111.85714285714,11139724,11037767,307807,348057.85714285716
ESP,Europe,Spain,2022-03-03,11078028,23140,18290.14285714286,11162864,11060705,296892,334578.85714285716
ESP,Europe,Spain,2022-03-04,11100428,22400,17557.714285714286,11185264,11082931,288791,322990.5714285714
ESP,Europe,Spain,2022-03-05,11100428,0,17557.714285714286,11185264,11082931,288791,311402.28571428574
ESP,Europe,Spain,2022-03-06,11100428,0,17557.714285714286,11185264,11082931,288791,299814.0
ESP,Europe,Spain,2022-03-07,11136425,35997,22700.14285714286,11221261,11118767,276313,296172.4285714286
ESP,Europe,Spain,2022-03-08,11159574,23149,17641.285714285714,11244410,11141631,277157,289220.28571428574
ESP,Europe,Spain,2022-03-09,11181510,21936,18088.85714285714,11266346,11163434,265349,283154.85714285716
ESP,Europe,Spain,2022-03-10,11204125,22615,18013.85714285714,11288961,11185964,252213,276772.14285714284
ESP,Europe,Spain,2022-03-11,11223974,19849,17649.428571428572,11308810,11205755,244725,270477.0
ESP,Europe,Spain,2022-03-12,11223974,0,17649.428571428572,11308810,11205755,244725,264181.85714285716
ESP,Europe,Spain,2022-03-13,11223974,0,17649.428571428572,11308810,11205755,244725,257886.7142857143
ESP,Europe,Spain,2022-03-14,11223974,0,12507.0,11308810,11205755,244725,253374.14285714287
ESP,Europe,Spain,2022-03-15,11260040,36066,14352.285714285714,11344876,11241540,222422,245554.85714285713
ESP,Europe,Spain,2022-03-16,11260040,0,11218.57142857143,11344876,11241540,203773,236758.2857142857
ESP,Europe,Spain,2022-03-17,11260040,0,7987.857142857143,11344876,11241540,180835,226561.42857142858
ESP,Europe,Spain,2022-03-18,11324637,64597,14380.42857142857,11409473,11305850,222919,223446.2857142857
ESP,Europe,Spain,2022-03-19,11324637,0,14380.42857142857,11409473,11305850,222919,220331.14285714287
ESP,Europe,Spain,2022-03-20,11324637,0,14380.42857142857,11409473,11305850,222919,217216.0
ESP,Europe,Spain,2022-03-21,11324637,0,14380.42857142857,11409473,11305850,187083,208981.42857142858
ESP,Europe,Spain,2022-03-22,11378784,54147,16963.428571428572,11463620,11359647,218016,208352.0
ESP,Europe,Spain,2022-03-23,11378784,0,16963.428571428572,11463620,11359647,196213,207272.0
ESP,Europe,Spain,2022-03-24,11378784,0,16963.428571428572,11463620,11359647,173683,206250.2857142857
