ISO_code,Continent,Country/Region,Date,Total Confirmed,New Confirmed,New Confirmed Smooth (7 days),Total Confirmed Fixed (sum New Confirmed),Total Alive Confirmed Fixed (sum New Confirmed - Total Deaths),Accumulated Alive Confirmed in 14 days,Accumulated Alive Confirmed Smooth in 14 days
KOR,Asia,South Korea,2020-01-28,4,0,0.5714285714285714,4,4,4,2.4285714285714284
KOR,Asia,South Korea,2020-01-29,4,0,0.42857142857142855,4,4,4,2.857142857142857
KOR,Asia,South Korea,2020-01-30,4,0,0.42857142857142855,4,4,4,3.2857142857142856
KOR,Asia,South Korea,2020-01-31,11,7,1.2857142857142858,11,11,11,4.571428571428571
KOR,Asia,South Korea,2020-02-01,12,1,1.4285714285714286,12,12,12,6.0
KOR,Asia,South Korea,2020-02-02,15,3,1.7142857142857142,15,15,15,7.714285714285714
KOR,Asia,South Korea,2020-02-03,15,0,1.5714285714285714,15,15,15,9.285714285714286
KOR,Asia,South Korea,2020-02-04,16,1,1.7142857142857142,16,16,16,11.0
KOR,Asia,South Korea,2020-02-05,19,3,2.142857142857143,19,19,18,13.0
KOR,Asia,South Korea,2020-02-06,23,4,2.7142857142857144,23,23,22,15.571428571428571
KOR,Asia,South Korea,2020-02-07,24,1,1.8571428571428572,24,24,22,17.142857142857142
KOR,Asia,South Korea,2020-02-08,24,0,1.7142857142857142,24,24,22,18.571428571428573
KOR,Asia,South Korea,2020-02-09,25,1,1.4285714285714286,25,25,22,19.571428571428573
KOR,Asia,South Korea,2020-02-10,27,2,1.7142857142857142,27,27,23,20.714285714285715
KOR,Asia,South Korea,2020-02-11,28,1,1.7142857142857142,28,28,24,21.857142857142858
KOR,Asia,South Korea,2020-02-12,28,0,1.2857142857142858,28,28,24,22.714285714285715
KOR,Asia,South Korea,2020-02-13,28,0,0.7142857142857143,28,28,24,23.0
KOR,Asia,South Korea,2020-02-14,28,0,0.5714285714285714,28,28,17,22.285714285714285
KOR,Asia,South Korea,2020-02-15,28,0,0.5714285714285714,28,28,16,21.428571428571427
KOR,Asia,South Korea,2020-02-16,29,1,0.5714285714285714,29,29,14,20.285714285714285
KOR,Asia,South Korea,2020-02-17,30,1,0.42857142857142855,30,30,15,19.142857142857142
KOR,Asia,South Korea,2020-02-18,31,1,0.42857142857142855,31,31,15,17.857142857142858
KOR,Asia,South Korea,2020-02-19,31,0,0.42857142857142855,31,31,12,16.142857142857142
KOR,Asia,South Korea,2020-02-20,104,73,10.857142857142858,104,103,80,24.142857142857142
KOR,Asia,South Korea,2020-02-21,204,100,25.142857142857142,204,202,178,47.142857142857146
KOR,Asia,South Korea,2020-02-22,433,229,57.857142857142854,433,431,407,103.0
KOR,Asia,South Korea,2020-02-23,602,169,81.85714285714286,602,596,571,182.57142857142858
KOR,Asia,South Korea,2020-02-24,833,231,114.71428571428571,833,825,798,294.42857142857144
KOR,Asia,South Korea,2020-02-25,977,144,135.14285714285714,977,967,939,426.42857142857144
KOR,Asia,South Korea,2020-02-26,1261,284,175.71428571428572,1261,1249,1221,599.1428571428571
KOR,Asia,South Korea,2020-02-27,1766,505,237.42857142857142,1766,1753,1725,834.1428571428571
KOR,Asia,South Korea,2020-02-28,2337,571,304.7142857142857,2337,2324,2296,1136.7142857142858
KOR,Asia,South Korea,2020-02-29,3150,813,388.14285714285717,3150,3134,3106,1522.2857142857142
KOR,Asia,South Korea,2020-03-01,3736,586,447.7142857142857,3736,3719,3690,1967.857142857143
KOR,Asia,South Korea,2020-03-02,4335,599,500.2857142857143,4335,4307,4277,2464.8571428571427
KOR,Asia,South Korea,2020-03-03,5186,851,601.2857142857143,5186,5158,5127,3063.1428571428573
KOR,Asia,South Korea,2020-03-04,5621,435,622.8571428571429,5621,5586,5555,3682.285714285714
KOR,Asia,South Korea,2020-03-05,6088,467,617.4285714285714,6088,6053,5950,4285.857142857143
KOR,Asia,South Korea,2020-03-06,6593,505,608.0,6593,6551,6349,4864.857142857143
KOR,Asia,South Korea,2020-03-07,7041,448,555.8571428571429,7041,6997,6566,5359.142857142857
KOR,Asia,South Korea,2020-03-08,7314,273,511.14285714285717,7314,7264,6668,5784.571428571428
KOR,Asia,South Korea,2020-03-09,7478,164,449.0,7478,7425,6600,6116.428571428572
KOR,Asia,South Korea,2020-03-10,7513,35,332.42857142857144,7513,7459,6492,6311.428571428572
KOR,Asia,South Korea,2020-03-11,7755,242,304.85714285714283,7755,7695,6446,6438.714285714285
KOR,Asia,South Korea,2020-03-12,7869,114,254.42857142857142,7869,7803,6050,6453.0
KOR,Asia,South Korea,2020-03-13,7979,110,198.0,7979,7913,5589,6344.428571428572
KOR,Asia,South Korea,2020-03-14,8086,107,149.28571428571428,8086,8014,4880,6103.571428571428
KOR,Asia,South Korea,2020-03-15,8162,76,121.14285714285714,8162,8087,4368,5775.0
KOR,Asia,South Korea,2020-03-16,8236,74,108.28571428571429,8236,8161,3854,5382.714285714285
KOR,Asia,South Korea,2020-03-17,8320,84,115.28571428571429,8320,8239,3081,4895.428571428572
KOR,Asia,South Korea,2020-03-18,8413,93,94.0,8413,8329,2743,4366.428571428572
KOR,Asia,South Korea,2020-03-19,8565,152,99.42857142857143,8565,8474,2421,3848.0
KOR,Asia,South Korea,2020-03-20,8652,87,96.14285714285714,8652,8558,2007,3336.285714285714
KOR,Asia,South Korea,2020-03-21,8799,147,101.85714285714286,8799,8697,1700,2882.0
KOR,Asia,South Korea,2020-03-22,8961,162,114.14285714285714,8961,8850,1586,2484.5714285714284
KOR,Asia,South Korea,2020-03-23,8961,0,103.57142857142857,8961,8850,1425,2137.5714285714284
KOR,Asia,South Korea,2020-03-24,9037,76,102.42857142857143,9037,8917,1458,1905.7142857142858
KOR,Asia,South Korea,2020-03-25,9137,100,103.42857142857143,9137,9011,1316,1701.857142857143
KOR,Asia,South Korea,2020-03-26,9241,104,96.57142857142857,9241,9110,1307,1542.7142857142858
KOR,Asia,South Korea,2020-03-27,9332,91,97.14285714285714,9332,9193,1280,1438.857142857143
KOR,Asia,South Korea,2020-03-28,9478,146,97.0,9478,9334,1320,1384.5714285714287
KOR,Asia,South Korea,2020-03-29,9583,105,88.85714285714286,9583,9431,1344,1350.0
KOR,Asia,South Korea,2020-03-30,9661,78,100.0,9661,9503,1342,1338.142857142857
KOR,Asia,South Korea,2020-03-31,9786,125,107.0,9786,9624,1385,1327.7142857142858
KOR,Asia,South Korea,2020-04-01,9887,101,107.14285714285714,9887,9722,1393,1338.7142857142858
KOR,Asia,South Korea,2020-04-02,9976,89,105.0,9976,9807,1333,1342.4285714285713
KOR,Asia,South Korea,2020-04-03,10062,86,104.28571428571429,10062,9888,1330,1349.5714285714287
KOR,Asia,South Korea,2020-04-04,10156,94,96.85714285714286,10156,9979,1282,1344.142857142857
KOR,Asia,South Korea,2020-04-05,10237,81,93.42857142857143,10237,10054,1204,1324.142857142857
KOR,Asia,South Korea,2020-04-06,10284,47,89.0,10284,10098,1248,1310.7142857142858
KOR,Asia,South Korea,2020-04-07,10331,47,77.85714285714286,10331,10139,1222,1287.4285714285713
KOR,Asia,South Korea,2020-04-08,10384,53,71.0,10384,10184,1173,1256.0
KOR,Asia,South Korea,2020-04-09,10423,39,63.857142857142854,10423,10219,1109,1224.0
KOR,Asia,South Korea,2020-04-10,10450,27,55.42857142857143,10450,10242,1049,1183.857142857143
KOR,Asia,South Korea,2020-04-11,10480,30,46.285714285714285,10480,10269,935,1134.2857142857142
KOR,Asia,South Korea,2020-04-12,10512,32,39.285714285714285,10512,10298,867,1086.142857142857
KOR,Asia,South Korea,2020-04-13,10537,25,36.142857142857146,10537,10320,817,1024.5714285714287
KOR,Asia,South Korea,2020-04-14,10564,27,33.285714285714285,10564,10342,718,952.5714285714286
KOR,Asia,South Korea,2020-04-15,10591,27,29.571428571428573,10591,10366,644,877.0
KOR,Asia,South Korea,2020-04-16,10613,22,27.142857142857142,10613,10384,577,801.0
KOR,Asia,South Korea,2020-04-17,10635,22,26.428571428571427,10635,10405,517,725.0
KOR,Asia,South Korea,2020-04-18,10653,18,24.714285714285715,10653,10421,442,654.5714285714286
KOR,Asia,South Korea,2020-04-19,10661,8,21.285714285714285,10661,10427,373,584.0
KOR,Asia,South Korea,2020-04-20,10674,13,19.571428571428573,10674,10438,340,515.8571428571429
KOR,Asia,South Korea,2020-04-21,10683,9,17.0,10683,10446,307,457.14285714285717
KOR,Asia,South Korea,2020-04-22,10694,11,14.714285714285714,10694,10456,272,404.0
KOR,Asia,South Korea,2020-04-23,10708,14,13.571428571428571,10708,10468,249,357.14285714285717
KOR,Asia,South Korea,2020-04-24,10718,10,11.857142857142858,10718,10478,236,317.0
KOR,Asia,South Korea,2020-04-25,10728,10,10.714285714285714,10728,10486,217,284.85714285714283
KOR,Asia,South Korea,2020-04-26,10738,10,11.0,10738,10495,197,259.7142857142857
KOR,Asia,South Korea,2020-04-27,10752,14,11.142857142857142,10752,10508,188,238.0
KOR,Asia,South Korea,2020-04-28,10761,9,11.142857142857142,10761,10515,173,218.85714285714286
KOR,Asia,South Korea,2020-04-29,10765,4,10.142857142857142,10765,10518,152,201.71428571428572
KOR,Asia,South Korea,2020-04-30,10774,9,9.428571428571429,10774,10526,142,186.42857142857142
KOR,Asia,South Korea,2020-05-01,10780,6,8.857142857142858,10780,10530,125,170.57142857142858
KOR,Asia,South Korea,2020-05-02,10793,13,9.285714285714286,10793,10543,122,157.0
KOR,Asia,South Korea,2020-05-03,10801,8,9.0,10801,10549,122,146.28571428571428
KOR,Asia,South Korea,2020-05-04,10804,3,7.428571428571429,10804,10550,112,135.42857142857142
KOR,Asia,South Korea,2020-05-05,10806,2,6.428571428571429,10806,10551,105,125.71428571428571
KOR,Asia,South Korea,2020-05-06,10810,4,6.428571428571429,10810,10554,98,118.0
KOR,Asia,South Korea,2020-05-07,10822,12,6.857142857142857,10822,10566,98,111.71428571428571
KOR,Asia,South Korea,2020-05-08,10840,18,8.571428571428571,10840,10584,106,109.0
KOR,Asia,South Korea,2020-05-09,10874,34,11.571428571428571,10874,10618,132,110.42857142857143
KOR,Asia,South Korea,2020-05-10,10909,35,15.428571428571429,10909,10653,158,115.57142857142857
KOR,Asia,South Korea,2020-05-11,10936,27,18.857142857142858,10936,10678,170,123.85714285714286
KOR,Asia,South Korea,2020-05-12,10962,26,22.285714285714285,10962,10703,188,135.71428571428572
KOR,Asia,South Korea,2020-05-13,10991,29,25.857142857142858,10991,10731,213,152.14285714285714
KOR,Asia,South Korea,2020-05-14,11018,27,28.0,11018,10758,232,171.28571428571428
KOR,Asia,South Korea,2020-05-15,11037,19,28.142857142857142,11037,10775,245,191.14285714285714
KOR,Asia,South Korea,2020-05-16,11050,13,25.142857142857142,11050,10788,245,207.28571428571428
KOR,Asia,South Korea,2020-05-17,11065,15,22.285714285714285,11065,10802,253,220.85714285714286
KOR,Asia,South Korea,2020-05-18,11078,13,20.285714285714285,11078,10815,265,234.42857142857142
KOR,Asia,South Korea,2020-05-19,11110,32,21.142857142857142,11110,10847,296,249.85714285714286
KOR,Asia,South Korea,2020-05-20,11122,12,18.714285714285715,11122,10858,304,262.85714285714283
KOR,Asia,South Korea,2020-05-21,11142,20,17.714285714285715,11142,10878,312,274.2857142857143
KOR,Asia,South Korea,2020-05-22,11165,23,18.285714285714285,11165,10899,315,284.2857142857143
KOR,Asia,South Korea,2020-05-23,11190,25,20.0,11190,10924,306,293.0
KOR,Asia,South Korea,2020-05-24,11206,16,20.142857142857142,11206,10939,286,297.7142857142857
KOR,Asia,South Korea,2020-05-25,11225,19,21.0,11225,10956,278,299.57142857142856
KOR,Asia,South Korea,2020-05-26,11265,40,22.142857142857142,11265,10996,293,299.14285714285717
KOR,Asia,South Korea,2020-05-27,11344,79,31.714285714285715,11344,11075,344,304.85714285714283
KOR,Asia,South Korea,2020-05-28,11402,58,37.142857142857146,11402,11133,375,313.85714285714283
KOR,Asia,South Korea,2020-05-29,11441,39,39.42857142857143,11441,11172,397,325.57142857142856
KOR,Asia,South Korea,2020-05-30,11468,27,39.714285714285715,11468,11198,410,340.42857142857144
KOR,Asia,South Korea,2020-05-31,11503,35,42.42857142857143,11503,11232,430,361.0
KOR,Asia,South Korea,2020-06-01,11541,38,45.142857142857146,11541,11269,454,386.14285714285717
KOR,Asia,South Korea,2020-06-02,11590,49,46.42857142857143,11590,11317,470,411.42857142857144
KOR,Asia,South Korea,2020-06-03,11629,39,40.714285714285715,11629,11356,498,433.42857142857144
KOR,Asia,South Korea,2020-06-04,11668,39,38.0,11668,11395,517,453.7142857142857
KOR,Asia,South Korea,2020-06-05,11719,51,39.714285714285715,11719,11446,547,475.14285714285717
KOR,Asia,South Korea,2020-06-06,11776,57,44.0,11776,11503,579,499.2857142857143
KOR,Asia,South Korea,2020-06-07,11814,38,44.42857142857143,11814,11541,602,523.8571428571429
KOR,Asia,South Korea,2020-06-08,11852,38,44.42857142857143,11852,11578,622,547.8571428571429
KOR,Asia,South Korea,2020-06-09,11902,50,44.57142857142857,11902,11626,630,570.7142857142857
KOR,Asia,South Korea,2020-06-10,11947,45,45.42857142857143,11947,11671,596,584.7142857142857
KOR,Asia,South Korea,2020-06-11,12003,56,47.857142857142854,12003,11726,593,595.5714285714286
KOR,Asia,South Korea,2020-06-12,12051,48,47.42857142857143,12051,11774,602,603.4285714285714
KOR,Asia,South Korea,2020-06-13,12085,34,44.142857142857146,12085,11808,610,607.8571428571429
KOR,Asia,South Korea,2020-06-14,12121,36,43.857142857142854,12121,11844,612,609.2857142857143
KOR,Asia,South Korea,2020-06-15,12155,34,43.285714285714285,12155,11877,608,607.2857142857143
KOR,Asia,South Korea,2020-06-16,12198,43,42.285714285714285,12198,11919,602,603.2857142857143
KOR,Asia,South Korea,2020-06-17,12257,59,44.285714285714285,12257,11977,621,606.8571428571429
KOR,Asia,South Korea,2020-06-18,12306,49,43.285714285714285,12306,12026,631,612.2857142857143
KOR,Asia,South Korea,2020-06-19,12373,67,46.0,12373,12093,647,618.7142857142857
KOR,Asia,South Korea,2020-06-20,12421,48,48.0,12421,12141,638,622.7142857142857
KOR,Asia,South Korea,2020-06-21,12438,17,45.285714285714285,12438,12158,617,623.4285714285714
KOR,Asia,South Korea,2020-06-22,12484,46,47.0,12484,12203,625,625.8571428571429
KOR,Asia,South Korea,2020-06-23,12535,51,48.142857142857146,12535,12254,628,629.5714285714286
KOR,Asia,South Korea,2020-06-24,12563,28,43.714285714285715,12563,12281,610,628.0
KOR,Asia,South Korea,2020-06-25,12602,39,42.285714285714285,12602,12320,594,622.7142857142857
KOR,Asia,South Korea,2020-06-26,12653,51,40.0,12653,12371,597,615.5714285714286
KOR,Asia,South Korea,2020-06-27,12715,62,42.0,12715,12433,625,613.7142857142857
KOR,Asia,South Korea,2020-06-28,12757,42,45.57142857142857,12757,12475,631,615.7142857142857
KOR,Asia,South Korea,2020-06-29,12800,43,45.142857142857146,12800,12518,641,618.0
KOR,Asia,South Korea,2020-06-30,12850,50,45.0,12850,12568,649,621.0
KOR,Asia,South Korea,2020-07-01,12904,54,48.714285714285715,12904,12622,645,626.0
KOR,Asia,South Korea,2020-07-02,12967,63,52.142857142857146,12967,12685,659,635.2857142857143
KOR,Asia,South Korea,2020-07-03,13030,63,53.857142857142854,13030,12747,654,643.4285714285714
KOR,Asia,South Korea,2020-07-04,13091,61,53.714285714285715,13091,12808,667,649.4285714285714
KOR,Asia,South Korea,2020-07-05,13137,46,54.285714285714285,13137,12853,695,658.5714285714286
KOR,Asia,South Korea,2020-07-06,13181,44,54.42857142857143,13181,12896,693,666.0
KOR,Asia,South Korea,2020-07-07,13244,63,56.285714285714285,13244,12959,705,674.0
KOR,Asia,South Korea,2020-07-08,13293,49,55.57142857142857,13293,13006,725,685.4285714285714
KOR,Asia,South Korea,2020-07-09,13338,45,53.0,13338,13050,730,695.5714285714286
KOR,Asia,South Korea,2020-07-10,13373,35,49.0,13373,13085,714,704.1428571428571
KOR,Asia,South Korea,2020-07-11,13417,44,46.57142857142857,13417,13128,695,708.1428571428571
KOR,Asia,South Korea,2020-07-12,13479,62,48.857142857142854,13479,13190,715,711.0
KOR,Asia,South Korea,2020-07-13,13512,33,47.285714285714285,13512,13223,705,712.7142857142857
KOR,Asia,South Korea,2020-07-14,13551,39,43.857142857142854,13551,13262,694,711.1428571428571
KOR,Asia,South Korea,2020-07-15,13612,61,45.57142857142857,13612,13321,699,707.4285714285714
KOR,Asia,South Korea,2020-07-16,13672,60,47.714285714285715,13672,13379,694,702.2857142857143
KOR,Asia,South Korea,2020-07-17,13711,39,48.285714285714285,13711,13417,670,696.0
KOR,Asia,South Korea,2020-07-18,13745,34,46.857142857142854,13745,13450,642,688.4285714285714
KOR,Asia,South Korea,2020-07-19,13771,26,41.714285714285715,13771,13475,622,675.1428571428571
KOR,Asia,South Korea,2020-07-20,13816,45,43.42857142857143,13816,13520,624,663.5714285714286
KOR,Asia,South Korea,2020-07-21,13879,63,46.857142857142854,13879,13582,623,653.4285714285714
KOR,Asia,South Korea,2020-07-22,13938,59,46.57142857142857,13938,13641,635,644.2857142857143
KOR,Asia,South Korea,2020-07-23,13979,41,43.857142857142854,13979,13681,631,635.2857142857143
KOR,Asia,South Korea,2020-07-24,14092,113,54.42857142857143,14092,13794,709,640.8571428571429
KOR,Asia,South Korea,2020-07-25,14150,58,57.857142857142854,14150,13852,724,652.5714285714286
KOR,Asia,South Korea,2020-07-26,14175,25,57.714285714285715,14175,13876,686,661.7142857142857
KOR,Asia,South Korea,2020-07-27,14203,28,55.285714285714285,14203,13903,680,669.7142857142857
KOR,Asia,South Korea,2020-07-28,14251,48,53.142857142857146,14251,13951,689,679.1428571428571
KOR,Asia,South Korea,2020-07-29,14269,18,47.285714285714285,14269,13969,648,681.0
KOR,Asia,South Korea,2020-07-30,14305,36,46.57142857142857,14305,14004,625,680.1428571428571
KOR,Asia,South Korea,2020-07-31,14336,31,34.857142857142854,14336,14035,618,667.1428571428571
KOR,Asia,South Korea,2020-08-01,14366,30,30.857142857142858,14366,14065,615,651.5714285714286
KOR,Asia,South Korea,2020-08-02,14389,23,30.571428571428573,14389,14088,613,641.1428571428571
KOR,Asia,South Korea,2020-08-03,14423,34,31.428571428571427,14423,14122,602,630.0
KOR,Asia,South Korea,2020-08-04,14456,33,29.285714285714285,14456,14154,572,613.2857142857143
KOR,Asia,South Korea,2020-08-05,14499,43,32.857142857142854,14499,14197,556,600.1428571428571
KOR,Asia,South Korea,2020-08-06,14519,20,30.571428571428573,14519,14216,535,587.2857142857143
KOR,Asia,South Korea,2020-08-07,14562,43,32.285714285714285,14562,14258,464,565.2857142857143
KOR,Asia,South Korea,2020-08-08,14598,36,33.142857142857146,14598,14293,441,540.4285714285714
KOR,Asia,South Korea,2020-08-09,14626,28,33.857142857142854,14626,14321,445,516.4285714285714
KOR,Asia,South Korea,2020-08-10,14660,34,33.857142857142854,14660,14355,452,495.0
KOR,Asia,South Korea,2020-08-11,14714,54,36.857142857142854,14714,14409,458,478.7142857142857
KOR,Asia,South Korea,2020-08-12,14770,56,38.714285714285715,14770,14465,496,470.14285714285717
KOR,Asia,South Korea,2020-08-13,14873,103,50.57142857142857,14873,14568,564,474.2857142857143
KOR,Asia,South Korea,2020-08-14,15039,166,68.14285714285714,15039,14734,699,507.85714285714283
KOR,Asia,South Korea,2020-08-15,15318,279,102.85714285714286,15318,15013,948,580.2857142857143
KOR,Asia,South Korea,2020-08-16,15515,197,127.0,15515,15210,1122,677.0
KOR,Asia,South Korea,2020-08-17,15761,246,157.28571428571428,15761,15455,1333,802.8571428571429
KOR,Asia,South Korea,2020-08-18,16058,297,192.0,16058,15752,1598,965.7142857142857
KOR,Asia,South Korea,2020-08-19,16346,288,225.14285714285714,16346,16039,1842,1158.0
KOR,Asia,South Korea,2020-08-20,16670,324,256.7142857142857,16670,16361,2145,1383.857142857143
KOR,Asia,South Korea,2020-08-21,17002,332,280.42857142857144,17002,16693,2435,1631.857142857143
KOR,Asia,South Korea,2020-08-22,17399,397,297.2857142857143,17399,17090,2797,1896.0
KOR,Asia,South Korea,2020-08-23,17665,266,307.14285714285717,17665,17356,3035,2169.285714285714
KOR,Asia,South Korea,2020-08-24,17945,280,312.0,17945,17635,3280,2447.4285714285716
KOR,Asia,South Korea,2020-08-25,18265,320,315.2857142857143,18265,17953,3544,2725.4285714285716
KOR,Asia,South Korea,2020-08-26,18706,441,337.14285714285717,18706,18393,3928,3023.4285714285716
KOR,Asia,South Korea,2020-08-27,19077,371,343.85714285714283,19077,18761,4193,3316.0
KOR,Asia,South Korea,2020-08-28,19400,323,342.57142857142856,19400,19079,4345,3588.8571428571427
KOR,Asia,South Korea,2020-08-29,19699,299,328.57142857142856,19699,19376,4363,3812.5714285714284
KOR,Asia,South Korea,2020-08-30,19947,248,326.0,19947,19623,4413,4009.4285714285716
KOR,Asia,South Korea,2020-08-31,20182,235,319.57142857142856,20182,19858,4403,4169.857142857143
KOR,Asia,South Korea,2020-09-01,20449,267,312.0,20449,20123,4371,4288.0
KOR,Asia,South Korea,2020-09-02,20644,195,276.85714285714283,20644,20315,4276,4337.714285714285
KOR,Asia,South Korea,2020-09-03,20842,198,252.14285714285714,20842,20511,4150,4331.571428571428
KOR,Asia,South Korea,2020-09-04,21010,168,230.0,21010,20677,3984,4280.0
KOR,Asia,South Korea,2020-09-05,21177,167,211.14285714285714,21177,20843,3753,4192.857142857143
KOR,Asia,South Korea,2020-09-06,21296,119,192.71428571428572,21296,20960,3604,4077.285714285714
KOR,Asia,South Korea,2020-09-07,21432,136,178.57142857142858,21432,21091,3456,3942.0
KOR,Asia,South Korea,2020-09-08,21588,156,162.71428571428572,21588,21244,3291,3787.714285714286
KOR,Asia,South Korea,2020-09-09,21743,155,157.0,21743,21397,3004,3606.0
KOR,Asia,South Korea,2020-09-10,21919,176,153.85714285714286,21919,21569,2808,3414.285714285714
KOR,Asia,South Korea,2020-09-11,22055,136,149.28571428571428,22055,21700,2621,3219.5714285714284
KOR,Asia,South Korea,2020-09-12,22176,121,142.71428571428572,22176,21818,2442,3032.285714285714
KOR,Asia,South Korea,2020-09-13,22285,109,141.28571428571428,22285,21922,2299,2845.8571428571427
KOR,Asia,South Korea,2020-09-14,22391,106,137.0,22391,22024,2166,2661.5714285714284
KOR,Asia,South Korea,2020-09-15,22504,113,130.85714285714286,22504,22137,2014,2479.1428571428573
KOR,Asia,South Korea,2020-09-16,22657,153,130.57142857142858,22657,22285,1970,2331.4285714285716
KOR,Asia,South Korea,2020-09-17,22783,126,123.42857142857143,22783,22406,1895,2201.0
KOR,Asia,South Korea,2020-09-18,22893,110,119.71428571428571,22893,22515,1838,2089.1428571428573
KOR,Asia,South Korea,2020-09-19,22975,82,114.14285714285714,22975,22592,1749,1990.142857142857
KOR,Asia,South Korea,2020-09-20,23045,70,108.57142857142857,23045,22660,1700,1904.5714285714287
KOR,Asia,South Korea,2020-09-21,23106,61,102.14285714285714,23106,22718,1627,1827.5714285714287
KOR,Asia,South Korea,2020-09-22,23216,110,101.71428571428571,23216,22828,1584,1766.142857142857
KOR,Asia,South Korea,2020-09-23,23341,125,97.71428571428571,23341,22948,1551,1706.2857142857142
KOR,Asia,South Korea,2020-09-24,23455,114,96.0,23455,23060,1491,1648.5714285714287
KOR,Asia,South Korea,2020-09-25,23516,61,89.0,23516,23117,1417,1588.4285714285713
KOR,Asia,South Korea,2020-09-26,23611,95,90.85714285714286,23611,23210,1392,1537.4285714285713
KOR,Asia,South Korea,2020-09-27,23661,50,88.0,23661,23255,1333,1485.0
KOR,Asia,South Korea,2020-09-28,23699,38,84.71428571428571,23699,23292,1268,1433.7142857142858
KOR,Asia,South Korea,2020-09-29,23812,113,85.14285714285714,23812,23399,1262,1387.7142857142858
KOR,Asia,South Korea,2020-09-30,23889,77,78.28571428571429,23889,23474,1189,1336.0
KOR,Asia,South Korea,2020-10-01,23952,63,71.0,23952,23536,1130,1284.4285714285713
KOR,Asia,South Korea,2020-10-02,24027,75,73.0,24027,23607,1092,1238.0
KOR,Asia,South Korea,2020-10-03,24091,64,68.57142857142857,24091,23670,1078,1193.142857142857
KOR,Asia,South Korea,2020-10-04,24164,73,71.85714285714286,24164,23742,1082,1157.2857142857142
KOR,Asia,South Korea,2020-10-05,24239,75,77.14285714285714,24239,23817,1099,1133.142857142857
KOR,Asia,South Korea,2020-10-06,24353,114,77.28571428571429,24353,23928,1100,1110.0
KOR,Asia,South Korea,2020-10-07,24422,69,76.14285714285714,24422,23995,1047,1089.7142857142858
KOR,Asia,South Korea,2020-10-08,24476,54,74.85714285714286,24476,24048,988,1069.4285714285713
KOR,Asia,South Korea,2020-10-09,24548,72,74.42857142857143,24548,24118,1001,1056.4285714285713
KOR,Asia,South Korea,2020-10-10,24606,58,73.57142857142857,24606,24174,964,1040.142857142857
KOR,Asia,South Korea,2020-10-11,24703,97,77.0,24703,24270,1015,1030.5714285714287
KOR,Asia,South Korea,2020-10-12,24805,102,80.85714285714286,24805,24371,1079,1027.7142857142858
KOR,Asia,South Korea,2020-10-13,24889,84,76.57142857142857,24889,24451,1052,1020.8571428571429
KOR,Asia,South Korea,2020-10-14,24988,99,80.85714285714286,24988,24549,1075,1024.857142857143
KOR,Asia,South Korea,2020-10-15,25035,47,79.85714285714286,25035,24594,1058,1034.857142857143
KOR,Asia,South Korea,2020-10-16,25108,73,80.0,25108,24665,1058,1043.0
KOR,Asia,South Korea,2020-10-17,25199,91,84.71428571428571,25199,24755,1085,1060.2857142857142
KOR,Asia,South Korea,2020-10-18,25275,76,81.71428571428571,25275,24831,1089,1070.857142857143
KOR,Asia,South Korea,2020-10-19,25333,58,75.42857142857143,25333,24886,1069,1069.4285714285713
KOR,Asia,South Korea,2020-10-20,25424,91,76.42857142857143,25424,24974,1046,1068.5714285714287
KOR,Asia,South Korea,2020-10-21,25543,119,79.28571428571429,25543,25090,1095,1071.4285714285713
KOR,Asia,South Korea,2020-10-22,25698,155,94.71428571428571,25698,25243,1195,1091.0
KOR,Asia,South Korea,2020-10-23,25775,77,95.28571428571429,25775,25318,1200,1111.2857142857142
KOR,Asia,South Korea,2020-10-24,25836,61,91.0,25836,25379,1205,1128.4285714285713
KOR,Asia,South Korea,2020-10-25,25955,119,97.14285714285714,25955,25498,1228,1148.2857142857142
KOR,Asia,South Korea,2020-10-26,26043,88,101.42857142857143,26043,25583,1212,1168.7142857142858
KOR,Asia,South Korea,2020-10-27,26146,103,103.14285714285714,26146,25685,1234,1195.5714285714287
KOR,Asia,South Korea,2020-10-28,26271,125,104.0,26271,25809,1260,1219.142857142857
KOR,Asia,South Korea,2020-10-29,26385,114,98.14285714285714,26385,25922,1328,1238.142857142857
KOR,Asia,South Korea,2020-10-30,26511,126,105.14285714285714,26511,26047,1382,1264.142857142857
KOR,Asia,South Korea,2020-10-31,26635,124,114.14285714285714,26635,26169,1414,1294.0
KOR,Asia,South Korea,2020-11-01,26732,97,111.0,26732,26264,1433,1323.2857142857142
KOR,Asia,South Korea,2020-11-02,26807,75,109.14285714285714,26807,26335,1449,1357.142857142857
KOR,Asia,South Korea,2020-11-03,26925,118,111.28571428571429,26925,26451,1477,1391.857142857143
KOR,Asia,South Korea,2020-11-04,27050,125,111.28571428571429,27050,26575,1485,1424.0
KOR,Asia,South Korea,2020-11-05,27195,145,115.71428571428571,27195,26719,1476,1445.142857142857
KOR,Asia,South Korea,2020-11-06,27284,89,110.42857142857143,27284,26807,1489,1460.4285714285713
KOR,Asia,South Korea,2020-11-07,27427,143,113.14285714285714,27427,26949,1570,1482.7142857142858
KOR,Asia,South Korea,2020-11-08,27553,126,117.28571428571429,27553,27073,1575,1503.0
KOR,Asia,South Korea,2020-11-09,27653,100,120.85714285714286,27653,27168,1585,1522.4285714285713
KOR,Asia,South Korea,2020-11-10,27799,146,124.85714285714286,27799,27312,1627,1543.857142857143
KOR,Asia,South Korea,2020-11-11,27942,143,127.42857142857143,27942,27455,1646,1566.857142857143
KOR,Asia,South Korea,2020-11-12,28133,191,134.0,28133,27645,1723,1602.142857142857
KOR,Asia,South Korea,2020-11-13,28338,205,150.57142857142858,28338,27846,1799,1646.4285714285713
KOR,Asia,South Korea,2020-11-14,28546,208,159.85714285714286,28546,28053,1884,1691.2857142857142
KOR,Asia,South Korea,2020-11-15,28769,223,173.71428571428572,28769,28275,2011,1753.5714285714287
KOR,Asia,South Korea,2020-11-16,28998,229,192.14285714285714,28998,28504,2169,1837.0
KOR,Asia,South Korea,2020-11-17,29311,313,216.0,29311,28815,2364,1942.2857142857142
KOR,Asia,South Korea,2020-11-18,29654,343,244.57142857142858,29654,29156,2581,2075.8571428571427
KOR,Asia,South Korea,2020-11-19,30017,363,269.14285714285717,30017,29516,2797,2229.285714285714
KOR,Asia,South Korea,2020-11-20,30403,386,295.0,30403,29900,3093,2414.1428571428573
KOR,Asia,South Korea,2020-11-21,30733,330,312.42857142857144,30733,30228,3279,2613.4285714285716
KOR,Asia,South Korea,2020-11-22,31004,271,319.2857142857143,31004,30495,3422,2815.0
KOR,Asia,South Korea,2020-11-23,31353,349,336.42857142857144,31353,30843,3675,3030.1428571428573
KOR,Asia,South Korea,2020-11-24,31735,382,346.2857142857143,31735,31222,3910,3251.0
KOR,Asia,South Korea,2020-11-25,32318,583,380.57142857142856,32318,31803,4348,3503.4285714285716
KOR,Asia,South Korea,2020-11-26,32887,569,410.0,32887,32371,4726,3779.0
KOR,Asia,South Korea,2020-11-27,33375,488,424.57142857142856,33375,32853,5007,4052.4285714285716
KOR,Asia,South Korea,2020-11-28,33824,449,441.57142857142856,33824,33301,5248,4333.714285714285
KOR,Asia,South Korea,2020-11-29,34201,377,456.7142857142857,34201,33675,5400,4616.285714285715
KOR,Asia,South Korea,2020-11-30,34652,451,471.2857142857143,34652,34126,5622,4894.428571428572
KOR,Asia,South Korea,2020-12-01,35163,511,489.7142857142857,35163,34637,5822,5167.571428571428
KOR,Asia,South Korea,2020-12-02,35703,540,483.57142857142856,35703,35174,6018,5406.142857142857
KOR,Asia,South Korea,2020-12-03,36332,629,492.14285714285717,36332,35796,6280,5628.142857142857
KOR,Asia,South Korea,2020-12-04,36915,583,505.7142857142857,36915,36375,6475,5837.857142857143
KOR,Asia,South Korea,2020-12-05,37546,631,531.7142857142857,37546,37001,6773,6055.714285714285
KOR,Asia,South Korea,2020-12-06,38161,615,565.7142857142857,38161,37612,7117,6301.0
KOR,Asia,South Korea,2020-12-07,38755,594,586.1428571428571,38755,38203,7360,6549.285714285715
KOR,Asia,South Korea,2020-12-08,39432,677,609.8571428571429,39432,38876,7654,6811.0
KOR,Asia,South Korea,2020-12-09,40098,666,627.8571428571429,40098,39534,7731,7055.714285714285
KOR,Asia,South Korea,2020-12-10,40786,688,636.2857142857143,40786,40214,7843,7279.0
KOR,Asia,South Korea,2020-12-11,41736,950,688.7142857142857,41736,41158,8305,7540.428571428572
KOR,Asia,South Korea,2020-12-12,42766,1030,745.7142857142857,42766,42186,8885,7842.142857142857
KOR,Asia,South Korea,2020-12-13,43484,718,760.4285714285714,43484,42897,9222,8142.857142857143
KOR,Asia,South Korea,2020-12-14,44364,880,801.2857142857143,44364,43764,9638,8468.285714285714
KOR,Asia,South Korea,2020-12-15,45442,1078,858.5714285714286,45442,44830,10193,8831.0
KOR,Asia,South Korea,2020-12-16,46453,1011,907.8571428571429,46453,45819,10645,9247.285714285714
KOR,Asia,South Korea,2020-12-17,47515,1062,961.2857142857143,47515,46870,11074,9708.857142857143
KOR,Asia,South Korea,2020-12-18,48570,1055,976.2857142857143,48570,47911,11536,10170.42857142857
KOR,Asia,South Korea,2020-12-19,49665,1095,985.5714285714286,49665,48991,11990,10614.0
KOR,Asia,South Korea,2020-12-20,50591,926,1015.2857142857143,50591,49893,12281,11051.0
KOR,Asia,South Korea,2020-12-21,51460,869,1013.7142857142857,51460,50738,12535,11464.857142857143
KOR,Asia,South Korea,2020-12-22,52550,1090,1015.4285714285714,52550,51811,12935,11856.57142857143
KOR,Asia,South Korea,2020-12-23,53533,983,1011.4285714285714,53533,52777,13243,12227.714285714286
KOR,Asia,South Korea,2020-12-24,54770,1237,1036.4285714285713,54770,53997,13783,12614.714285714286
KOR,Asia,South Korea,2020-12-25,55902,1132,1047.4285714285713,55902,55109,13951,12959.714285714286
KOR,Asia,South Korea,2020-12-26,56872,970,1029.5714285714287,56872,56064,13878,13229.42857142857
KOR,Asia,South Korea,2020-12-27,57680,808,1012.7142857142857,57680,56861,13964,13469.857142857143
KOR,Asia,South Korea,2020-12-28,58725,1045,1037.857142857143,58725,57866,14102,13693.714285714286
KOR,Asia,South Korea,2020-12-29,59773,1048,1031.857142857143,59773,58894,14064,13855.0
KOR,Asia,South Korea,2020-12-30,60740,967,1029.5714285714287,60740,59840,14021,13966.142857142857
KOR,Asia,South Korea,2020-12-31,61769,1029,999.8571428571429,61769,60852,13982,13994.57142857143
KOR,Asia,South Korea,2021-01-01,62593,824,955.8571428571429,62593,61651,13740,13964.42857142857
KOR,Asia,South Korea,2021-01-02,63244,651,910.2857142857143,63244,62282,13291,13880.57142857143
KOR,Asia,South Korea,2021-01-03,64264,1020,940.5714285714286,64264,63283,13390,13798.57142857143
KOR,Asia,South Korea,2021-01-04,64979,715,893.4285714285714,64979,63972,13234,13674.57142857143
KOR,Asia,South Korea,2021-01-05,65818,839,863.5714285714286,65818,64791,12980,13519.714285714286
KOR,Asia,South Korea,2021-01-06,66686,868,849.4285714285714,66686,65640,12863,13354.285714285714
KOR,Asia,South Korea,2021-01-07,67358,672,798.4285714285714,67358,66277,12280,13111.142857142857
KOR,Asia,South Korea,2021-01-08,67999,641,772.2857142857143,67999,66899,11790,12832.57142857143
KOR,Asia,South Korea,2021-01-09,68664,665,774.2857142857143,68664,67539,11475,12573.142857142857
KOR,Asia,South Korea,2021-01-10,69114,450,692.8571428571429,69114,67974,11113,12247.857142857143
KOR,Asia,South Korea,2021-01-11,69651,537,667.4285714285714,69651,68486,10620,11874.42857142857
KOR,Asia,South Korea,2021-01-12,70212,561,627.7142857142857,70212,69027,10133,11467.714285714286
KOR,Asia,South Korea,2021-01-13,70728,516,577.4285714285714,70728,69533,9693,11014.857142857143
KOR,Asia,South Korea,2021-01-14,71241,513,554.7142857142857,71241,70024,9172,10570.857142857143
KOR,Asia,South Korea,2021-01-15,71820,579,545.8571428571429,71820,70584,8933,10162.714285714286
KOR,Asia,South Korea,2021-01-16,72340,520,525.1428571428571,72340,71091,8809,9781.857142857143
KOR,Asia,South Korea,2021-01-17,72729,389,516.4285714285714,72729,71465,8182,9363.142857142857
KOR,Asia,South Korea,2021-01-18,73115,386,494.85714285714283,73115,71832,7860,8968.857142857143
KOR,Asia,South Korea,2021-01-19,73518,403,472.2857142857143,73518,72218,7427,8582.285714285714
KOR,Asia,South Korea,2021-01-20,73918,400,455.7142857142857,73918,72602,6962,8192.142857142857
KOR,Asia,South Korea,2021-01-21,74262,344,431.57142857142856,74262,72934,6657,7832.857142857143
KOR,Asia,South Korea,2021-01-22,74692,430,410.2857142857143,74692,73355,6456,7479.0
KOR,Asia,South Korea,2021-01-23,75084,392,392.0,75084,73735,6196,7105.714285714285
KOR,Asia,South Korea,2021-01-24,75521,437,398.85714285714283,75521,74161,6187,6820.714285714285
KOR,Asia,South Korea,2021-01-25,75875,354,394.2857142857143,75875,74504,6018,6557.571428571428
KOR,Asia,South Korea,2021-01-26,76429,554,415.85714285714283,76429,75051,6024,6357.142857142857
KOR,Asia,South Korea,2021-01-27,76926,497,429.7142857142857,76926,75540,6007,6220.714285714285
KOR,Asia,South Korea,2021-01-28,77395,469,447.57142857142856,77395,75996,5972,6122.857142857143
KOR,Asia,South Korea,2021-01-29,77850,455,451.14285714285717,77850,76436,5852,6036.571428571428
KOR,Asia,South Korea,2021-01-30,78205,355,445.85714285714283,78205,76785,5694,5964.857142857143
KOR,Asia,South Korea,2021-01-31,78508,303,426.7142857142857,78508,77083,5618,5883.571428571428
KOR,Asia,South Korea,2021-02-01,78844,336,424.14285714285717,78844,77409,5577,5820.571428571428
KOR,Asia,South Korea,2021-02-02,79311,467,411.7142857142857,79311,77870,5652,5767.428571428572
KOR,Asia,South Korea,2021-02-03,79762,451,405.14285714285717,79762,78314,5712,5725.285714285715
KOR,Asia,South Korea,2021-02-04,80131,369,390.85714285714283,80131,78672,5738,5691.857142857143
KOR,Asia,South Korea,2021-02-05,80524,393,382.0,80524,79060,5705,5670.857142857143
KOR,Asia,South Korea,2021-02-06,80896,372,384.42857142857144,80896,79425,5690,5670.285714285715
KOR,Asia,South Korea,2021-02-07,81185,289,382.42857142857144,81185,79711,5550,5660.571428571428
KOR,Asia,South Korea,2021-02-08,81487,302,377.57142857142856,81487,80005,5501,5649.714285714285
KOR,Asia,South Korea,2021-02-09,81930,443,374.14285714285717,81930,80444,5393,5612.714285714285
KOR,Asia,South Korea,2021-02-10,82434,504,381.7142857142857,82434,80938,5398,5567.857142857143
KOR,Asia,South Korea,2021-02-11,82837,403,386.57142857142856,82837,81330,5334,5510.142857142857
KOR,Asia,South Korea,2021-02-12,83199,362,382.14285714285717,83199,81685,5249,5445.0
KOR,Asia,South Korea,2021-02-13,83525,326,375.57142857142856,83525,82003,5218,5377.571428571428
KOR,Asia,South Korea,2021-02-14,83869,344,383.42857142857144,83869,82342,5259,5336.0
KOR,Asia,South Korea,2021-02-15,84325,456,405.42857142857144,84325,82791,5382,5319.0
KOR,Asia,South Korea,2021-02-16,84946,621,430.85714285714283,84946,83408,5538,5339.714285714285
KOR,Asia,South Korea,2021-02-17,85567,621,447.57142857142856,85567,84023,5709,5384.142857142857
KOR,Asia,South Korea,2021-02-18,86128,561,470.14285714285717,86128,84578,5906,5465.857142857143
KOR,Asia,South Korea,2021-02-19,86574,446,482.14285714285717,86574,85021,5961,5567.571428571428
KOR,Asia,South Korea,2021-02-20,86992,418,495.2857142857143,86992,85435,6010,5680.714285714285
KOR,Asia,South Korea,2021-02-21,87324,332,493.57142857142856,87324,85762,6051,5793.857142857143
KOR,Asia,South Korea,2021-02-22,87681,357,479.42857142857144,87681,86108,6103,5896.857142857143
KOR,Asia,South Korea,2021-02-23,88120,439,453.42857142857144,88120,86544,6100,5977.142857142857
KOR,Asia,South Korea,2021-02-24,88516,396,421.2857142857143,88516,86935,5997,6018.285714285715
KOR,Asia,South Korea,2021-02-25,88922,406,399.14285714285717,88922,87337,6007,6032.714285714285
KOR,Asia,South Korea,2021-02-26,89321,399,392.42857142857144,89321,87726,6041,6044.142857142857
KOR,Asia,South Korea,2021-02-27,89676,355,383.42857142857144,89676,88073,6070,6052.714285714285
KOR,Asia,South Korea,2021-02-28,90031,355,386.7142857142857,90031,88426,6084,6057.428571428572
KOR,Asia,South Korea,2021-03-01,90372,341,384.42857142857144,90372,88766,5975,6039.142857142857
KOR,Asia,South Korea,2021-03-02,90816,444,385.14285714285717,90816,89204,5796,5995.714285714285
KOR,Asia,South Korea,2021-03-03,91240,424,389.14285714285717,91240,89621,5598,5938.714285714285
KOR,Asia,South Korea,2021-03-04,91638,398,388.0,91638,90011,5433,5856.714285714285
KOR,Asia,South Korea,2021-03-05,92055,417,390.57142857142856,92055,90423,5402,5765.428571428572
KOR,Asia,South Korea,2021-03-06,92471,416,399.2857142857143,92471,90837,5402,5670.0
KOR,Asia,South Korea,2021-03-07,92817,346,398.0,92817,91175,5413,5574.142857142857
KOR,Asia,South Korea,2021-03-08,93263,446,413.0,93263,91618,5510,5507.714285714285
KOR,Asia,South Korea,2021-03-09,93733,470,416.7142857142857,93733,92085,5541,5471.285714285715
KOR,Asia,South Korea,2021-03-10,94198,465,422.57142857142856,94198,92546,5611,5473.142857142857
KOR,Asia,South Korea,2021-03-11,94686,488,435.42857142857144,94686,93024,5687,5509.428571428572
KOR,Asia,South Korea,2021-03-12,95176,490,445.85714285714283,95176,93509,5783,5563.857142857143
KOR,Asia,South Korea,2021-03-13,95635,459,452.0,95635,93966,5893,5634.0
KOR,Asia,South Korea,2021-03-14,96017,382,457.14285714285717,96017,94342,5916,5705.857142857143
KOR,Asia,South Korea,2021-03-15,96380,363,445.2857142857143,96380,94702,5936,5766.714285714285
KOR,Asia,South Korea,2021-03-16,96849,469,445.14285714285717,96849,95163,5959,5826.428571428572
KOR,Asia,South Korea,2021-03-17,97294,445,442.2857142857143,97294,95606,5985,5879.857142857143
KOR,Asia,South Korea,2021-03-18,97757,463,438.7142857142857,97757,96067,6056,5932.571428571428
KOR,Asia,South Korea,2021-03-19,98209,452,433.2857142857143,98209,96516,6093,5976.857142857143
KOR,Asia,South Korea,2021-03-20,98665,456,432.85714285714283,98665,96969,6132,6011.0
KOR,Asia,South Korea,2021-03-21,99075,410,436.85714285714283,99075,97378,6203,6052.0
KOR,Asia,South Korea,2021-03-22,99421,346,434.42857142857144,99421,97717,6099,6075.285714285715
KOR,Asia,South Korea,2021-03-23,99846,425,428.14285714285717,99846,98139,6054,6088.857142857143
KOR,Asia,South Korea,2021-03-24,100276,430,426.0,100276,98567,6021,6094.0
KOR,Asia,South Korea,2021-03-25,100770,494,430.42857142857144,100770,99054,6030,6090.285714285715
KOR,Asia,South Korea,2021-03-26,101275,505,438.0,101275,99554,6045,6083.428571428572
KOR,Asia,South Korea,2021-03-27,101757,482,441.7142857142857,101757,100035,6069,6074.428571428572
KOR,Asia,South Korea,2021-03-28,102141,384,438.0,102141,100415,6073,6055.857142857143
KOR,Asia,South Korea,2021-03-29,102582,441,451.57142857142856,102582,100853,6151,6063.285714285715
KOR,Asia,South Korea,2021-03-30,103088,506,463.14285714285717,103088,101357,6194,6083.285714285715
KOR,Asia,South Korea,2021-03-31,103639,551,480.42857142857144,103639,101904,6298,6122.857142857143
KOR,Asia,South Korea,2021-04-01,104194,555,489.14285714285717,104194,102457,6390,6174.285714285715
KOR,Asia,South Korea,2021-04-02,104736,542,494.42857142857144,104736,102996,6480,6236.428571428572
KOR,Asia,South Korea,2021-04-03,105279,543,503.14285714285717,105279,103535,6566,6307.428571428572
KOR,Asia,South Korea,2021-04-04,105752,473,515.8571428571429,105752,104004,6626,6386.428571428572
KOR,Asia,South Korea,2021-04-05,106230,478,521.1428571428571,106230,104478,6761,6473.571428571428
KOR,Asia,South Korea,2021-04-06,106898,668,544.2857142857143,106898,105142,7003,6589.142857142857
KOR,Asia,South Korea,2021-04-07,107598,700,565.5714285714286,107598,105840,7273,6728.428571428572
KOR,Asia,South Korea,2021-04-08,108269,671,582.1428571428571,108269,106505,7451,6880.0
KOR,Asia,South Korea,2021-04-09,108945,676,601.2857142857143,108945,107180,7626,7043.714285714285
KOR,Asia,South Korea,2021-04-10,109559,614,611.4285714285714,109559,107791,7756,7213.714285714285
KOR,Asia,South Korea,2021-04-11,110146,587,627.7142857142857,110146,108376,7961,7404.428571428572
KOR,Asia,South Korea,2021-04-12,110688,542,636.8571428571429,110688,108913,8060,7590.0
KOR,Asia,South Korea,2021-04-13,111419,731,645.8571428571429,111419,109637,8280,7772.428571428572
KOR,Asia,South Korea,2021-04-14,112117,698,645.5714285714286,112117,110329,8425,7937.0
KOR,Asia,South Korea,2021-04-15,112789,672,645.7142857142857,112789,110999,8542,8092.857142857143
KOR,Asia,South Korea,2021-04-16,113444,655,642.7142857142857,113444,111650,8654,8239.714285714286
KOR,Asia,South Korea,2021-04-17,114115,671,650.8571428571429,114115,112318,8783,8386.42857142857
KOR,Asia,South Korea,2021-04-18,114646,531,642.8571428571429,114646,112845,8841,8512.142857142857
KOR,Asia,South Korea,2021-04-19,115195,549,643.8571428571429,115195,113393,8915,8634.285714285714
KOR,Asia,South Korea,2021-04-20,115926,731,643.8571428571429,115926,114120,8978,8734.0
KOR,Asia,South Korea,2021-04-21,116661,735,649.1428571428571,116661,114853,9013,8818.0
KOR,Asia,South Korea,2021-04-22,117458,797,667.0,117458,115647,9142,8903.714285714286
KOR,Asia,South Korea,2021-04-23,118243,785,685.5714285714286,118243,116431,9251,8989.0
KOR,Asia,South Korea,2021-04-24,118887,644,681.7142857142857,118887,117074,9283,9060.42857142857
KOR,Asia,South Korea,2021-04-25,119387,500,677.2857142857143,119387,117570,9194,9110.857142857143
KOR,Asia,South Korea,2021-04-26,119898,511,671.8571428571429,119898,118078,9165,9146.57142857143
KOR,Asia,South Korea,2021-04-27,120673,775,678.1428571428571,120673,118852,9215,9180.42857142857
KOR,Asia,South Korea,2021-04-28,121351,678,670.0,121351,119526,9197,9206.714285714286
KOR,Asia,South Korea,2021-04-29,122007,656,649.8571428571429,122007,120179,9180,9212.142857142857
KOR,Asia,South Korea,2021-04-30,122634,627,627.2857142857143,122634,120803,9153,9198.142857142857
KOR,Asia,South Korea,2021-05-01,123240,606,621.8571428571429,123240,121407,9089,9170.42857142857
KOR,Asia,South Korea,2021-05-02,123728,488,620.1428571428571,123728,121894,9049,9149.714285714286
KOR,Asia,South Korea,2021-05-03,124269,541,624.4285714285714,124269,122429,9036,9131.285714285714
KOR,Asia,South Korea,2021-05-04,124945,676,610.2857142857143,124945,123098,8978,9097.42857142857
KOR,Asia,South Korea,2021-05-05,125519,574,595.4285714285714,125519,123668,8815,9042.857142857143
KOR,Asia,South Korea,2021-05-06,126044,525,576.7142857142857,126044,124184,8537,8951.0
KOR,Asia,South Korea,2021-05-07,126745,701,587.2857142857143,126745,124880,8449,8850.42857142857
KOR,Asia,South Korea,2021-05-08,127309,564,581.2857142857143,127309,125435,8361,8746.42857142857
KOR,Asia,South Korea,2021-05-09,127772,463,577.7142857142857,127772,125897,8327,8643.285714285714
KOR,Asia,South Korea,2021-05-10,128283,511,573.4285714285714,128283,126404,8326,8541.857142857143
KOR,Asia,South Korea,2021-05-11,128918,635,567.5714285714286,128918,127034,8182,8428.142857142857
KOR,Asia,South Korea,2021-05-12,129633,715,587.7142857142857,129633,127742,8216,8342.57142857143
KOR,Asia,South Korea,2021-05-13,130380,747,619.4285714285714,130380,128487,8308,8309.857142857143
KOR,Asia,South Korea,2021-05-14,131061,681,616.5714285714286,131061,129165,8362,8297.42857142857
KOR,Asia,South Korea,2021-05-15,131671,610,623.1428571428571,131671,129771,8364,8297.857142857143
KOR,Asia,South Korea,2021-05-16,132290,619,645.4285714285714,132290,130387,8493,8321.57142857143
KOR,Asia,South Korea,2021-05-17,132818,528,647.8571428571429,132818,130914,8485,8344.285714285714
KOR,Asia,South Korea,2021-05-18,133471,653,650.4285714285714,133471,131559,8461,8384.142857142857
KOR,Asia,South Korea,2021-05-19,134117,646,640.5714285714286,134117,132201,8533,8429.42857142857
KOR,Asia,South Korea,2021-05-20,134678,561,614.0,134678,132756,8572,8467.142857142857
KOR,Asia,South Korea,2021-05-21,135344,666,611.8571428571429,135344,133418,8538,8492.285714285714
KOR,Asia,South Korea,2021-05-22,135929,585,608.2857142857143,135929,133998,8563,8520.714285714286
KOR,Asia,South Korea,2021-05-23,136467,538,596.7142857142857,136467,134533,8636,8541.142857142857
KOR,Asia,South Korea,2021-05-24,136983,516,595.0,136983,135045,8641,8563.42857142857
KOR,Asia,South Korea,2021-05-25,137682,699,601.5714285714286,137682,135742,8708,8598.714285714286
KOR,Asia,South Korea,2021-05-26,138311,629,599.1428571428571,138311,136368,8626,8612.0
KOR,Asia,South Korea,2021-05-27,138898,587,602.8571428571429,138898,136952,8465,8596.714285714286
KOR,Asia,South Korea,2021-05-28,139431,533,583.8571428571429,139431,137480,8315,8564.857142857143
KOR,Asia,South Korea,2021-05-29,139910,479,568.7142857142857,139910,137953,8182,8510.42857142857
KOR,Asia,South Korea,2021-05-30,140340,430,553.2857142857143,140340,138381,7994,8418.714285714286
KOR,Asia,South Korea,2021-05-31,140799,459,545.1428571428571,140799,138836,7922,8316.0
KOR,Asia,South Korea,2021-06-01,141476,677,542.0,141476,139511,7952,8208.0
KOR,Asia,South Korea,2021-06-02,142157,681,549.4285714285714,142157,140189,7988,8116.857142857143
KOR,Asia,South Korea,2021-06-03,142852,695,564.8571428571429,142852,140883,8127,8068.571428571428
KOR,Asia,South Korea,2021-06-04,143596,744,595.0,143596,141625,8207,8053.142857142857
KOR,Asia,South Korea,2021-06-05,144152,556,606.0,144152,142179,8181,8053.0
KOR,Asia,South Korea,2021-06-06,144637,485,613.8571428571429,144637,142663,8130,8072.428571428572
KOR,Asia,South Korea,2021-06-07,145091,454,613.1428571428571,145091,143116,8071,8093.714285714285
KOR,Asia,South Korea,2021-06-08,145692,601,602.2857142857143,145692,143715,7973,8096.714285714285
KOR,Asia,South Korea,2021-06-09,146303,611,592.2857142857143,146303,144324,7956,8092.142857142857
KOR,Asia,South Korea,2021-06-10,146859,556,572.4285714285714,146859,144878,7926,8063.428571428572
KOR,Asia,South Korea,2021-06-11,147422,563,546.5714285714286,147422,145440,7960,8028.142857142857
KOR,Asia,South Korea,2021-06-12,147874,452,531.7142857142857,147874,145889,7936,7993.142857142857
KOR,Asia,South Korea,2021-06-13,148273,399,519.4285714285714,148273,146285,7904,7960.857142857143
KOR,Asia,South Korea,2021-06-14,148647,374,508.0,148647,146655,7819,7924.857142857143
KOR,Asia,South Korea,2021-06-15,149191,544,499.85714285714283,149191,147198,7687,7884.0
KOR,Asia,South Korea,2021-06-16,149731,540,489.7142857142857,149731,147737,7548,7825.714285714285
KOR,Asia,South Korea,2021-06-17,150238,507,482.7142857142857,150238,148242,7359,7744.714285714285
KOR,Asia,South Korea,2021-06-18,150720,482,471.14285714285717,150720,148723,7098,7621.571428571428
KOR,Asia,South Korea,2021-06-19,151149,429,467.85714285714283,151149,149147,6968,7483.285714285715
KOR,Asia,South Korea,2021-06-20,151506,357,461.85714285714283,151506,149502,6839,7331.142857142857
KOR,Asia,South Korea,2021-06-21,151901,395,464.85714285714283,151901,149895,6779,7182.571428571428
KOR,Asia,South Korea,2021-06-22,152545,644,479.14285714285717,152545,150538,6823,7059.142857142857
KOR,Asia,South Korea,2021-06-23,153155,610,489.14285714285717,153155,151147,6823,6955.571428571428
KOR,Asia,South Korea,2021-06-24,153789,634,507.2857142857143,153789,151780,6902,6890.285714285715
KOR,Asia,South Korea,2021-06-25,154457,668,533.8571428571429,154457,152445,7005,6877.0
KOR,Asia,South Korea,2021-06-26,155071,614,560.2857142857143,155071,153058,7169,6905.714285714285
KOR,Asia,South Korea,2021-06-27,155572,501,580.8571428571429,155572,153557,7272,6967.571428571428
KOR,Asia,South Korea,2021-06-28,156167,595,609.4285714285714,156167,154150,7495,7069.857142857143
KOR,Asia,South Korea,2021-06-29,156961,794,630.8571428571429,156961,154943,7745,7201.571428571428
KOR,Asia,South Korea,2021-06-30,157723,762,652.5714285714286,157723,155702,7965,7364.714285714285
KOR,Asia,South Korea,2021-07-01,158549,826,680.0,158549,156525,8283,7562.0
KOR,Asia,South Korea,2021-07-02,159342,793,697.8571428571429,159342,157317,8594,7789.0
KOR,Asia,South Korea,2021-07-03,160084,742,716.1428571428571,160084,158058,8911,8037.857142857143
KOR,Asia,South Korea,2021-07-04,160795,711,746.1428571428571,160795,158767,9265,8322.57142857143
KOR,Asia,South Korea,2021-07-05,161541,746,767.7142857142857,161541,159509,9614,8625.285714285714
KOR,Asia,South Korea,2021-07-06,162753,1212,827.4285714285714,162753,160720,10182,8973.42857142857
KOR,Asia,South Korea,2021-07-07,164028,1275,900.7142857142857,164028,161994,10847,9385.142857142857
KOR,Asia,South Korea,2021-07-08,165344,1316,970.7142857142857,165344,163308,11528,9848.714285714286
KOR,Asia,South Korea,2021-07-09,166722,1378,1054.2857142857142,166722,164684,12239,10369.42857142857
KOR,Asia,South Korea,2021-07-10,168046,1324,1137.4285714285713,168046,166003,12945,10945.714285714286
KOR,Asia,South Korea,2021-07-11,169146,1100,1193.0,169146,167102,13545,11557.142857142857
KOR,Asia,South Korea,2021-07-12,170296,1150,1250.7142857142858,170296,168250,14100,12198.0
KOR,Asia,South Korea,2021-07-13,171911,1615,1308.2857142857142,171911,169863,14920,12874.857142857143
KOR,Asia,South Korea,2021-07-14,173511,1600,1354.7142857142858,173511,171461,15759,13576.57142857143
KOR,Asia,South Korea,2021-07-15,175046,1535,1386.0,175046,172995,16470,14282.57142857143
KOR,Asia,South Korea,2021-07-16,176500,1454,1396.857142857143,176500,174445,17128,14981.0
KOR,Asia,South Korea,2021-07-17,177951,1451,1415.0,177951,175894,17836,15679.714285714286
KOR,Asia,South Korea,2021-07-18,179203,1252,1436.7142857142858,179203,177145,18378,16370.142857142857
KOR,Asia,South Korea,2021-07-19,180481,1278,1455.0,180481,178422,18913,17057.714285714286
KOR,Asia,South Korea,2021-07-20,182265,1784,1479.142857142857,182265,180205,19485,17709.85714285714
KOR,Asia,South Korea,2021-07-21,184103,1838,1513.142857142857,184103,182040,20046,18322.285714285714
KOR,Asia,South Korea,2021-07-22,185733,1630,1526.7142857142858,185733,183667,20359,18877.85714285714
KOR,Asia,South Korea,2021-07-23,187362,1629,1551.7142857142858,187362,185294,20610,19375.285714285714
KOR,Asia,South Korea,2021-07-24,188848,1486,1556.7142857142858,188848,186775,20772,19794.714285714286
KOR,Asia,South Korea,2021-07-25,190166,1318,1566.142857142857,190166,188089,20987,20167.428571428572
KOR,Asia,South Korea,2021-07-26,191531,1365,1578.5714285714287,191531,189452,21202,20494.428571428572
KOR,Asia,South Korea,2021-07-27,193427,1896,1594.5714285714287,193427,191344,21481,20779.571428571428
KOR,Asia,South Korea,2021-07-28,195099,1672,1570.857142857143,195099,193014,21553,20994.85714285714
KOR,Asia,South Korea,2021-07-29,196806,1707,1581.857142857143,196806,194717,21722,21189.571428571428
KOR,Asia,South Korea,2021-07-30,198345,1539,1569.0,198345,196250,21805,21360.285714285714
KOR,Asia,South Korea,2021-07-31,199787,1442,1562.7142857142858,199787,197689,21795,21506.428571428572
KOR,Asia,South Korea,2021-08-01,201002,1215,1548.0,201002,198903,21758,21616.571428571428
KOR,Asia,South Korea,2021-08-02,202203,1201,1524.5714285714287,202203,200099,21677,21684.428571428572
KOR,Asia,South Korea,2021-08-03,203926,1723,1499.857142857143,203926,201820,21615,21703.571428571428
KOR,Asia,South Korea,2021-08-04,205702,1776,1514.7142857142858,205702,203593,21553,21703.571428571428
KOR,Asia,South Korea,2021-08-05,207406,1704,1514.2857142857142,207406,205293,21626,21689.85714285714
KOR,Asia,South Korea,2021-08-06,209228,1822,1554.7142857142858,209228,207112,21818,21691.714285714286
KOR,Asia,South Korea,2021-08-07,210956,1728,1595.5714285714287,210956,208835,22060,21729.571428571428
KOR,Asia,South Korea,2021-08-08,212448,1492,1635.142857142857,212448,210323,22234,21797.571428571428
KOR,Asia,South Korea,2021-08-09,213987,1539,1683.4285714285713,213987,211853,22401,21901.0
KOR,Asia,South Korea,2021-08-10,216206,2219,1754.2857142857142,216206,214071,22727,22059.85714285714
KOR,Asia,South Korea,2021-08-11,218192,1986,1784.2857142857142,218192,216054,23040,22272.285714285714
KOR,Asia,South Korea,2021-08-12,220182,1990,1825.142857142857,220182,218038,23321,22514.428571428572
KOR,Asia,South Korea,2021-08-13,222111,1929,1840.4285714285713,222111,219963,23713,22785.14285714286
KOR,Asia,South Korea,2021-08-14,223928,1817,1853.142857142857,223928,221772,24083,23074.14285714286
KOR,Asia,South Korea,2021-08-15,225481,1553,1861.857142857143,225481,223314,24411,23385.14285714286
KOR,Asia,South Korea,2021-08-16,226854,1373,1838.142857142857,226854,224681,24582,23696.714285714286
KOR,Asia,South Korea,2021-08-17,228657,1803,1778.7142857142858,228657,226479,24659,23972.714285714286
KOR,Asia,South Korea,2021-08-18,230808,2151,1802.2857142857142,230808,228617,25024,24256.14285714286
KOR,Asia,South Korea,2021-08-19,232859,2051,1811.0,232859,230662,25369,24548.714285714286
KOR,Asia,South Korea,2021-08-20,234739,1880,1804.0,234739,232537,25425,24793.285714285714
KOR,Asia,South Korea,2021-08-21,236366,1627,1776.857142857143,236366,234151,25316,24969.428571428572
KOR,Asia,South Korea,2021-08-22,237782,1416,1757.2857142857142,237782,235560,25237,25087.428571428572
KOR,Asia,South Korea,2021-08-23,239287,1505,1776.142857142857,239287,237059,25206,25176.571428571428
KOR,Asia,South Korea,2021-08-24,241439,2152,1826.0,241439,239202,25131,25244.0
KOR,Asia,South Korea,2021-08-25,243317,1878,1787.0,243317,241060,25006,25241.428571428572
KOR,Asia,South Korea,2021-08-26,245158,1841,1757.0,245158,242893,24855,25168.0
KOR,Asia,South Korea,2021-08-27,246951,1793,1744.5714285714287,246951,244675,24712,25066.14285714286
KOR,Asia,South Korea,2021-08-28,248568,1617,1743.142857142857,248568,246289,24517,24952.0
KOR,Asia,South Korea,2021-08-29,250051,1483,1752.7142857142858,250051,247767,24453,24840.0
KOR,Asia,South Korea,2021-08-30,251421,1370,1733.4285714285713,251421,249136,24455,24732.714285714286
KOR,Asia,South Korea,2021-08-31,253445,2024,1715.142857142857,253445,251153,24674,24667.428571428572
KOR,Asia,South Korea,2021-09-01,255401,1956,1726.2857142857142,255401,253098,24481,24592.428571428572
KOR,Asia,South Korea,2021-09-02,257110,1709,1707.4285714285713,257110,254802,24140,24490.285714285714
KOR,Asia,South Korea,2021-09-03,258913,1803,1708.857142857143,258913,256598,24061,24397.285714285714
KOR,Asia,South Korea,2021-09-04,260404,1491,1690.857142857143,260404,258083,23932,24313.714285714286
KOR,Asia,South Korea,2021-09-05,261778,1374,1675.2857142857142,261778,259451,23891,24233.428571428572
KOR,Asia,South Korea,2021-09-06,263374,1596,1707.5714285714287,263374,261044,23985,24166.285714285714
KOR,Asia,South Korea,2021-09-07,265423,2049,1711.142857142857,265423,263089,23887,24053.85714285714
KOR,Asia,South Korea,2021-09-08,267470,2047,1724.142857142857,267470,265127,24067,23994.714285714286
KOR,Asia,South Korea,2021-09-09,269362,1892,1750.2857142857142,269362,267014,24121,23992.0
KOR,Asia,South Korea,2021-09-10,271227,1865,1759.142857142857,271227,268869,24194,24011.0
KOR,Asia,South Korea,2021-09-11,272982,1755,1796.857142857143,272982,270623,24334,24068.428571428572
KOR,Asia,South Korea,2021-09-12,274415,1433,1805.2857142857142,274415,272055,24288,24125.14285714286
KOR,Asia,South Korea,2021-09-13,275910,1495,1790.857142857143,275910,273543,24407,24185.428571428572
KOR,Asia,South Korea,2021-09-14,277989,2079,1795.142857142857,277989,275609,24456,24266.714285714286
KOR,Asia,South Korea,2021-09-15,279930,1941,1780.0,279930,277544,24446,24320.85714285714
KOR,Asia,South Korea,2021-09-16,281938,2008,1796.5714285714287,281938,279549,24747,24410.285714285714
KOR,Asia,South Korea,2021-09-17,284022,2084,1827.857142857143,284022,281628,25030,24529.714285714286
KOR,Asia,South Korea,2021-09-18,285931,1909,1849.857142857143,285931,283527,25444,24688.285714285714
KOR,Asia,South Korea,2021-09-19,287536,1605,1874.4285714285713,287536,285127,25676,24886.571428571428
KOR,Asia,South Korea,2021-09-20,289263,1727,1907.5714285714287,289263,286850,25806,25086.428571428572
KOR,Asia,South Korea,2021-09-21,290983,1720,1856.2857142857142,290983,288564,25475,25232.0
KOR,Asia,South Korea,2021-09-22,292699,1716,1824.142857142857,292699,290272,25145,25331.85714285714
KOR,Asia,South Korea,2021-09-23,295132,2433,1884.857142857143,295132,292698,25684,25465.714285714286
KOR,Asia,South Korea,2021-09-24,298402,3270,2054.285714285714,298402,295961,27092,25760.285714285714
KOR,Asia,South Korea,2021-09-25,301172,2770,2177.285714285714,301172,298722,28099,26139.571428571428
KOR,Asia,South Korea,2021-09-26,303553,2381,2288.1428571428573,303553,301097,29042,26620.428571428572
KOR,Asia,South Korea,2021-09-27,305842,2289,2368.4285714285716,305842,303378,29835,27196.0
KOR,Asia,South Korea,2021-09-28,308725,2883,2534.5714285714284,308725,306251,30642,27934.14285714286
KOR,Asia,South Korea,2021-09-29,311289,2564,2655.714285714286,311289,308808,31264,28808.285714285714
KOR,Asia,South Korea,2021-09-30,313773,2484,2663.0,313773,311276,31727,29671.571428571428
KOR,Asia,South Korea,2021-10-01,316020,2247,2516.8571428571427,316020,313516,31888,30356.714285714286
KOR,Asia,South Korea,2021-10-02,318105,2085,2419.0,318105,315598,32071,30924.14285714286
KOR,Asia,South Korea,2021-10-03,319777,1672,2317.714285714286,319777,317264,32137,31366.285714285714
KOR,Asia,South Korea,2021-10-04,321352,1575,2215.714285714286,321352,318828,31978,31672.428571428572
KOR,Asia,South Korea,2021-10-05,323379,2027,2093.4285714285716,323379,320843,32279,31906.285714285714
KOR,Asia,South Korea,2021-10-06,325804,2425,2073.5714285714284,325804,323260,32988,32152.571428571428
KOR,Asia,South Korea,2021-10-07,327976,2172,2029.0,327976,325422,32724,32295.0
KOR,Asia,South Korea,2021-10-08,329925,1949,1986.4285714285713,329925,327365,31404,32225.85714285714
KOR,Asia,South Korea,2021-10-09,331519,1594,1916.2857142857142,331519,328944,30222,31961.714285714286
KOR,Asia,South Korea,2021-10-10,332816,1297,1862.7142857142858,332816,330233,29136,31533.0
KOR,Asia,South Korea,2021-10-11,334163,1347,1830.142857142857,334163,331569,28191,30992.0
KOR,Asia,South Korea,2021-10-12,335742,1579,1766.142857142857,335742,333137,26886,30221.571428571428
KOR,Asia,South Korea,2021-10-13,337679,1937,1696.4285714285713,337679,335061,26253,29259.428571428572
KOR,Asia,South Korea,2021-10-14,339361,1682,1626.4285714285713,339361,336735,25459,28221.571428571428
KOR,Asia,South Korea,2021-10-15,340978,1617,1579.0,340978,338334,24818,27280.714285714286
KOR,Asia,South Korea,2021-10-16,342396,1418,1553.857142857143,342396,339736,24138,26411.571428571428
KOR,Asia,South Korea,2021-10-17,343445,1049,1518.4285714285713,343445,340777,23513,25608.285714285714
KOR,Asia,South Korea,2021-10-18,344518,1073,1479.2857142857142,344518,341829,23001,24866.85714285714
KOR,Asia,South Korea,2021-10-19,346088,1570,1478.0,346088,343390,22547,24247.0
KOR,Asia,South Korea,2021-10-20,347529,1441,1407.142857142857,347529,344820,21560,23576.571428571428
KOR,Asia,South Korea,2021-10-21,348969,1440,1372.5714285714287,348969,346244,20822,22914.14285714286
KOR,Asia,South Korea,2021-10-22,350476,1507,1356.857142857143,350476,347731,20366,22278.14285714286
KOR,Asia,South Korea,2021-10-23,351899,1423,1357.5714285714287,351899,349133,20189,21714.0
KOR,Asia,South Korea,2021-10-24,353089,1190,1377.7142857142858,353089,350316,20083,21224.0
KOR,Asia,South Korea,2021-10-25,354355,1266,1405.2857142857142,354355,351567,19998,20795.0
KOR,Asia,South Korea,2021-10-26,356305,1950,1459.5714285714287,356305,353508,20371,20484.14285714286
KOR,Asia,South Korea,2021-10-27,358412,2107,1554.7142857142858,358412,355604,20543,20338.85714285714
KOR,Asia,South Korea,2021-10-28,360536,2124,1652.4285714285713,360536,357719,20984,20362.0
KOR,Asia,South Korea,2021-10-29,362639,2103,1737.5714285714287,362639,359809,21475,20520.428571428572
KOR,Asia,South Korea,2021-10-30,364700,2061,1828.7142857142858,364700,361851,22115,20795.571428571428
KOR,Asia,South Korea,2021-10-31,366386,1686,1899.5714285714287,366386,363528,22751,21176.714285714286
KOR,Asia,South Korea,2021-11-01,367974,1588,1945.5714285714287,367974,365100,23271,21644.285714285714
KOR,Asia,South Korea,2021-11-02,370640,2666,2047.857142857143,370640,367748,24358,22213.85714285714
KOR,Asia,South Korea,2021-11-03,373120,2480,2101.1428571428573,373120,370204,25384,22905.428571428572
KOR,Asia,South Korea,2021-11-04,375464,2344,2132.5714285714284,375464,372528,26284,23662.571428571428
KOR,Asia,South Korea,2021-11-05,377712,2248,2153.285714285714,377712,374756,27025,24455.428571428572
KOR,Asia,South Korea,2021-11-06,379935,2223,2176.4285714285716,379935,376968,27835,25272.571428571428
KOR,Asia,South Korea,2021-11-07,381694,1759,2186.8571428571427,381694,378714,28398,26079.285714285714
KOR,Asia,South Korea,2021-11-08,383407,1713,2204.714285714286,383407,380409,28842,26875.14285714286
KOR,Asia,South Korea,2021-11-09,385831,2424,2170.1428571428573,385831,382819,29311,27582.714285714286
KOR,Asia,South Korea,2021-11-10,388351,2520,2175.8571428571427,388351,385318,29714,28201.285714285714
KOR,Asia,South Korea,2021-11-11,390719,2368,2179.285714285714,390719,387668,29949,28724.85714285714
KOR,Asia,South Korea,2021-11-12,393042,2323,2190.0,393042,389959,30150,29171.285714285714
KOR,Asia,South Korea,2021-11-13,395460,2418,2217.8571428571427,395460,392357,30506,29552.85714285714
KOR,Asia,South Korea,2021-11-14,397466,2006,2253.1428571428573,397466,394351,30823,29899.285714285714
KOR,Asia,South Korea,2021-11-15,399591,2125,2312.0,399591,396454,31354,30258.14285714286
KOR,Asia,South Korea,2021-11-16,402775,3184,2420.5714285714284,402775,399617,31869,30623.571428571428
KOR,Asia,South Korea,2021-11-17,406065,3290,2530.5714285714284,406065,402878,32674,31046.428571428572
KOR,Asia,South Korea,2021-11-18,409099,3034,2625.714285714286,409099,405884,33356,31533.14285714286
KOR,Asia,South Korea,2021-11-19,412311,3212,2752.714285714286,412311,409067,34311,32127.571428571428
KOR,Asia,South Korea,2021-11-20,415425,3114,2852.1428571428573,415425,412151,35183,32795.71428571428
KOR,Asia,South Korea,2021-11-21,418252,2827,2969.4285714285716,418252,414954,36240,33569.57142857143
KOR,Asia,South Korea,2021-11-22,420950,2698,3051.285714285714,420950,417622,37213,34406.57142857143
KOR,Asia,South Korea,2021-11-23,425065,4115,3184.285714285714,425065,421702,38883,35408.57142857143
KOR,Asia,South Korea,2021-11-24,429002,3937,3276.714285714286,429002,425601,40283,36495.57142857143
KOR,Asia,South Korea,2021-11-25,432901,3899,3400.285714285714,432901,429461,41793,37700.857142857145
KOR,Asia,South Korea,2021-11-26,436968,4067,3522.4285714285716,436968,433476,43517,39016.0
KOR,Asia,South Korea,2021-11-27,440896,3928,3638.714285714286,440896,437348,44991,40417.142857142855
KOR,Asia,South Korea,2021-11-28,444200,3304,3706.8571428571427,444200,440620,46269,41849.857142857145
KOR,Asia,South Korea,2021-11-29,447230,3030,3754.285714285714,447230,443606,47152,43269.71428571428
KOR,Asia,South Korea,2021-11-30,452350,5120,3897.8571428571427,452350,448691,49074,44725.57142857143
KOR,Asia,South Korea,2021-12-01,457612,5262,4087.1428571428573,457612,453907,51029,46260.71428571428
KOR,Asia,South Korea,2021-12-02,462555,4943,4236.285714285715,462555,458816,52932,47852.0
KOR,Asia,South Korea,2021-12-03,467907,5352,4419.857142857143,467907,464098,55031,49496.857142857145
KOR,Asia,South Korea,2021-12-04,473034,5127,4591.142857142857,473034,469182,57031,51216.857142857145
KOR,Asia,South Korea,2021-12-05,477358,4324,4736.857142857143,477358,473465,58511,52965.71428571428
KOR,Asia,South Korea,2021-12-06,482310,4952,5011.428571428572,482310,478353,60731,54905.57142857143
KOR,Asia,South Korea,2021-12-07,489484,7174,5304.857142857143,489484,485464,63762,57003.857142857145
KOR,Asia,South Korea,2021-12-08,496584,7100,5567.428571428572,496584,492507,66906,59272.0
KOR,Asia,South Korea,2021-12-09,503606,7022,5864.428571428572,503606,499476,70015,61712.42857142857
KOR,Asia,South Korea,2021-12-10,510583,6977,6096.571428571428,510583,506373,72897,64264.71428571428
KOR,Asia,South Korea,2021-12-11,517271,6688,6319.571428571428,517271,513018,75670,66927.42857142857
KOR,Asia,South Korea,2021-12-12,523088,5817,6532.857142857143,523088,518795,78175,69736.57142857143
KOR,Asia,South Korea,2021-12-13,528652,5564,6620.285714285715,528652,524265,80659,72583.42857142857
KOR,Asia,South Korea,2021-12-14,536495,7843,6715.857142857143,536495,532039,83348,75381.42857142857
KOR,Asia,South Korea,2021-12-15,544117,7622,6790.428571428572,544117,539599,85692,78065.14285714286
KOR,Asia,South Korea,2021-12-16,551551,7434,6849.285714285715,551551,546960,88144,80655.0
KOR,Asia,South Korea,2021-12-17,558864,7313,6897.285714285715,558864,554220,90122,83115.71428571429
KOR,Asia,South Korea,2021-12-18,565098,6234,6832.428571428572,565098,560376,91194,85333.42857142857
KOR,Asia,South Korea,2021-12-19,570414,5316,6760.857142857143,570414,565638,92173,87333.14285714286
KOR,Asia,South Korea,2021-12-20,575615,5201,6709.0,575615,570787,92434,89015.28571428571
KOR,Asia,South Korea,2021-12-21,583065,7450,6652.857142857143,583065,578159,92695,90350.57142857143
KOR,Asia,South Korea,2021-12-22,589978,6913,6551.571428571428,589978,584963,92456,91316.85714285714
KOR,Asia,South Korea,2021-12-23,596209,6231,6379.714285714285,596209,591138,91662,91819.42857142857
KOR,Asia,South Korea,2021-12-24,602045,5836,6168.714285714285,602045,596869,90496,91872.85714285714
KOR,Asia,South Korea,2021-12-25,607463,5418,6052.142857142857,607463,602218,89200,91588.0
KOR,Asia,South Korea,2021-12-26,611670,4207,5893.714285714285,611670,606370,87575,90931.14285714286
KOR,Asia,South Korea,2021-12-27,615532,3862,5702.428571428572,615532,610186,85921,90000.71428571429
KOR,Asia,South Korea,2021-12-28,620938,5406,5410.428571428572,620938,615556,83517,88689.57142857143
KOR,Asia,South Korea,2021-12-29,625967,5029,5141.285714285715,625967,620512,80913,87040.57142857143
KOR,Asia,South Korea,2021-12-30,630838,4871,4947.0,630838,625275,78315,85133.85714285714
KOR,Asia,South Korea,2021-12-31,635253,4415,4744.0,635253,629628,75408,82978.42857142857
KOR,Asia,South Korea,2022-01-01,639083,3830,4517.142857142857,639083,633389,73013,80666.0
KOR,Asia,South Korea,2022-01-02,642207,3124,4362.428571428572,642207,636477,70839,78275.14285714286
KOR,Asia,South Korea,2022-01-03,645226,3019,4242.0,645226,639445,68658,75809.0
KOR,Asia,South Korea,2022-01-04,649669,4443,4104.428571428572,649669,643831,65672,73259.71428571429
KOR,Asia,South Korea,2022-01-05,653792,4123,3975.0,653792,647905,62942,70692.42857142857
KOR,Asia,South Korea,2022-01-06,657508,3716,3810.0,657508,651576,60438,68138.57142857143
KOR,Asia,South Korea,2022-01-07,661015,3507,3680.285714285714,661015,655029,58160,65674.57142857143
KOR,Asia,South Korea,2022-01-08,664391,3376,3615.4285714285716,664391,658354,56136,63263.57142857143
KOR,Asia,South Korea,2022-01-09,667390,2999,3597.5714285714284,667390,661319,54949,60993.57142857143
KOR,Asia,South Korea,2022-01-10,670483,3093,3608.1428571428573,670483,664369,54183,58925.71428571428
KOR,Asia,South Korea,2022-01-11,674868,4385,3599.8571428571427,674868,668702,53146,57136.28571428572
KOR,Asia,South Korea,2022-01-12,679030,4162,3605.4285714285716,679030,672820,52308,55617.142857142855
KOR,Asia,South Korea,2022-01-13,683566,4536,3722.5714285714284,683566,677307,52032,54416.28571428572
KOR,Asia,South Korea,2022-01-14,687984,4418,3852.714285714286,687984,681703,52075,53547.0
KOR,Asia,South Korea,2022-01-15,692174,4190,3969.0,692174,685864,52475,53024.0
KOR,Asia,South Korea,2022-01-16,696032,3858,4091.714285714286,696032,689699,53222,52777.28571428572
KOR,Asia,South Korea,2022-01-17,700102,4070,4231.285714285715,700102,693724,54279,52791.0
KOR,Asia,South Korea,2022-01-18,705902,5800,4433.428571428572,705902,699450,55619,53144.28571428572
KOR,Asia,South Korea,2022-01-19,712503,6601,4781.857142857143,712503,706023,58118,53974.28571428572
KOR,Asia,South Korea,2022-01-20,719269,6766,5100.428571428572,719269,712768,61192,55282.857142857145
KOR,Asia,South Korea,2022-01-21,726274,7005,5470.0,726274,719745,64716,57088.71428571428
KOR,Asia,South Korea,2022-01-22,733902,7628,5961.142857142857,733902,727362,69008,59450.57142857143
KOR,Asia,South Korea,2022-01-23,741413,7511,6483.0,741413,734848,73529,62351.57142857143
KOR,Asia,South Korea,2022-01-24,749979,8566,7125.285714285715,749979,743391,79022,65886.28571428571
KOR,Asia,South Korea,2022-01-25,762983,13004,8154.428571428572,762983,756363,87661,70463.71428571429
KOR,Asia,South Korea,2022-01-26,777497,14514,9284.857142857143,777497,770843,98023,76164.42857142857
KOR,Asia,South Korea,2022-01-27,793582,16085,10616.142857142857,793582,786904,109597,83079.42857142857
KOR,Asia,South Korea,2022-01-28,811122,17540,12121.142857142857,811122,804410,122707,91363.85714285714
KOR,Asia,South Korea,2022-01-29,828637,17515,13533.57142857143,828637,821905,136041,100940.0
KOR,Asia,South Korea,2022-01-30,845709,17072,14899.42857142857,845709,838954,149255,111758.0
KOR,Asia,South Korea,2022-01-31,864042,18333,16294.714285714286,864042,857270,163546,123832.85714285714
KOR,Asia,South Korea,2022-02-01,884310,20268,17332.428571428572,884310,877523,178073,136748.85714285713
KOR,Asia,South Korea,2022-02-02,907214,22904,18531.0,907214,900402,194379,150514.0
KOR,Asia,South Korea,2022-02-03,934656,27442,20153.428571428572,934656,927820,215052,165579.0
KOR,Asia,South Korea,2022-02-04,971018,36362,22842.285714285714,971018,964160,244415,182965.85714285713
KOR,Asia,South Korea,2022-02-05,1009688,38670,25864.428571428572,1009688,1002815,275453,202881.85714285713
KOR,Asia,South Korea,2022-02-06,1044963,35275,28464.85714285714,1044963,1038077,303229,224878.14285714287
KOR,Asia,South Korea,2022-02-07,1081681,36718,31091.285714285714,1081681,1074759,331368,248852.7142857143
KOR,Asia,South Korea,2022-02-08,1131239,49558,35275.57142857143,1131239,1124296,367933,275975.5714285714
KOR,Asia,South Korea,2022-02-09,1185361,54122,39735.28571428572,1185361,1178398,407555,306429.28571428574
KOR,Asia,South Korea,2022-02-10,1239287,53926,43518.71428571428,1239287,1232275,445371,339332.0
KOR,Asia,South Korea,2022-02-11,1294205,54918,46169.57142857143,1294205,1287160,482750,373379.85714285716
KOR,Asia,South Korea,2022-02-12,1350630,56425,48706.0,1350630,1343549,521644,408550.0
KOR,Asia,South Korea,2022-02-13,1405246,54616,51469.0,1405246,1398144,559190,445115.85714285716
KOR,Asia,South Korea,2022-02-14,1462421,57175,54391.42857142857,1462421,1455258,597988,483204.4285714286
KOR,Asia,South Korea,2022-02-15,1552851,90430,60230.28571428572,1552851,1545649,668126,526089.1428571428
KOR,Asia,South Korea,2022-02-16,1645978,93127,65802.42857142857,1645978,1638740,738338,573343.8571428572
KOR,Asia,South Korea,2022-02-17,1755806,109828,73788.42857142857,1755806,1748523,820703,626962.7142857143
KOR,Asia,South Korea,2022-02-18,1858009,102203,80543.42857142857,1858009,1850655,886495,684640.5714285715
KOR,Asia,South Korea,2022-02-19,1962837,104828,87458.14285714286,1962837,1955432,952617,746208.1428571428
KOR,Asia,South Korea,2022-02-20,2058184,95347,93276.85714285714,2058184,2050734,1012657,810989.1428571428
KOR,Asia,South Korea,2022-02-21,2157734,99550,99330.42857142857,2157734,2150226,1075467,879200.4285714285
KOR,Asia,South Korea,2022-02-22,2329182,171448,110904.42857142857,2329182,2321575,1197279,954793.7142857143
KOR,Asia,South Korea,2022-02-23,2499188,170006,121887.14285714286,2499188,2491499,1313101,1036902.7142857143
KOR,Asia,South Korea,2022-02-24,2665077,165889,129895.85714285714,2665077,2657294,1425019,1123233.5714285714
KOR,Asia,South Korea,2022-02-25,2831283,166206,139039.14285714287,2831283,2823388,1536228,1216052.5714285714
KOR,Asia,South Korea,2022-02-26,2994841,163558,147429.14285714287,2994841,2986897,1643348,1314728.4285714286
KOR,Asia,South Korea,2022-02-27,3134456,139615,153753.14285714287,3134456,3126398,1728254,1416956.5714285714
KOR,Asia,South Korea,2022-02-28,3273449,138993,159387.85714285713,3273449,3265279,1810021,1521892.857142857
KOR,Asia,South Korea,2022-03-01,3492686,219237,166214.85714285713,3492686,3484420,1938771,1627820.2857142857
KOR,Asia,South Korea,2022-03-02,3691488,198802,170328.57142857142,3691488,3683094,2044354,1732285.0
KOR,Asia,South Korea,2022-03-03,3958326,266838,184749.85714285713,3958326,3949746,2201223,1843171.2857142857
KOR,Asia,South Korea,2022-03-04,4212652,254326,197338.42857142858,4212652,4203856,2353201,1959881.7142857143
KOR,Asia,South Korea,2022-03-05,4456264,243612,208774.7142857143,4456264,4447307,2491875,2081099.857142857
KOR,Asia,South Korea,2022-03-06,4666977,210713,218931.57142857142,4666977,4657881,2607147,2206656.0
KOR,Asia,South Korea,2022-03-07,4869691,202714,228034.57142857142,4869691,4860409,2710183,2335250.5714285714
KOR,Asia,South Korea,2022-03-08,5212118,342427,245633.14285714287,5212118,5202678,2881103,2469869.4285714286
KOR,Asia,South Korea,2022-03-09,5539650,327532,264023.14285714284,5539650,5530004,3038505,2611891.0
KOR,Asia,South Korea,2022-03-10,5822626,282976,266328.5714285714,5822626,5812751,3155457,2748210.1428571427
KOR,Asia,South Korea,2022-03-11,6206277,383651,284803.5714285714,6206277,6196133,3372745,2893859.285714286
KOR,Asia,South Korea,2022-03-12,6556453,350176,300027.0,6556453,6546058,3559161,3046328.714285714
KOR,Asia,South Korea,2022-03-13,6866222,309769,314177.85714285716,6866222,6855627,3729229,3206626.1428571427
KOR,Asia,South Korea,2022-03-14,7228550,362328,336979.85714285716,7228550,7217662,3952383,3384083.285714286
KOR,Asia,South Korea,2022-03-15,7629275,400725,345308.14285714284,7629275,7618223,4133803,3563040.4285714286
KOR,Asia,South Korea,2022-03-16,8250592,621317,387277.4285714286,8250592,8239111,4556017,3779827.8571428573
KOR,Asia,South Korea,2022-03-17,8657609,407017,404997.5714285714,8657609,8645827,4696081,3999917.0
KOR,Asia,South Korea,2022-03-18,9038938,381329,404665.85714285716,9038938,9026837,4822981,4207093.571428572
KOR,Asia,South Korea,2022-03-19,9373646,334708,402456.14285714284,9373646,9361218,4913911,4400629.285714285
KOR,Asia,South Korea,2022-03-20,9582815,209169,388084.71428571426,9582815,9570058,4912177,4569621.857142857
KOR,Asia,South Korea,2022-03-21,9936540,353725,386855.71428571426,9936540,9923399,5062990,4728280.0
KOR,Asia,South Korea,2022-03-22,10427247,490707,399710.28571428574,10427247,10413815,5211137,4882184.857142857
KOR,Asia,South Korea,2022-03-23,10822836,395589,367463.4285714286,10822836,10808934,5278930,4985458.142857143
KOR,Asia,South Korea,2022-03-24,11162232,339396,357803.28571428574,11162232,11147938,5335187,5076759.0
