ISO_code,Continent,Country/Region,Date,Total Deaths,New Deaths,New Deaths Smooth (7 days),Total Deaths Fixed (sum New Deaths),Total Deaths Fixed Smooth (7 days)
KOR,Asia,South Korea,2020-01-28,0,0,0.0,0,0.0
KOR,Asia,South Korea,2020-01-29,0,0,0.0,0,0.0
KOR,Asia,South Korea,2020-01-30,0,0,0.0,0,0.0
KOR,Asia,South Korea,2020-01-31,0,0,0.0,0,0.0
KOR,Asia,South Korea,2020-02-01,0,0,0.0,0,0.0
KOR,Asia,South Korea,2020-02-02,0,0,0.0,0,0.0
KOR,Asia,South Korea,2020-02-03,0,0,0.0,0,0.0
KOR,Asia,South Korea,2020-02-04,0,0,0.0,0,0.0
KOR,Asia,South Korea,2020-02-05,0,0,0.0,0,0.0
KOR,Asia,South Korea,2020-02-06,0,0,0.0,0,0.0
KOR,Asia,South Korea,2020-02-07,0,0,0.0,0,0.0
KOR,Asia,South Korea,2020-02-08,0,0,0.0,0,0.0
KOR,Asia,South Korea,2020-02-09,0,0,0.0,0,0.0
KOR,Asia,South Korea,2020-02-10,0,0,0.0,0,0.0
KOR,Asia,South Korea,2020-02-11,0,0,0.0,0,0.0
KOR,Asia,South Korea,2020-02-12,0,0,0.0,0,0.0
KOR,Asia,South Korea,2020-02-13,0,0,0.0,0,0.0
KOR,Asia,South Korea,2020-02-14,0,0,0.0,0,0.0
KOR,Asia,South Korea,2020-02-15,0,0,0.0,0,0.0
KOR,Asia,South Korea,2020-02-16,0,0,0.0,0,0.0
KOR,Asia,South Korea,2020-02-17,0,0,0.0,0,0.0
KOR,Asia,South Korea,2020-02-18,0,0,0.0,0,0.0
KOR,Asia,South Korea,2020-02-19,0,0,0.0,0,0.0
KOR,Asia,South Korea,2020-02-20,1,1,0.14285714285714285,1,0.14285714285714285
KOR,Asia,South Korea,2020-02-21,2,1,0.2857142857142857,2,0.42857142857142855
KOR,Asia,South Korea,2020-02-22,2,0,0.2857142857142857,2,0.7142857142857143
KOR,Asia,South Korea,2020-02-23,6,4,0.8571428571428571,6,1.5714285714285714
KOR,Asia,South Korea,2020-02-24,8,2,1.1428571428571428,8,2.7142857142857144
KOR,Asia,South Korea,2020-02-25,10,2,1.4285714285714286,10,4.142857142857143
KOR,Asia,South Korea,2020-02-26,12,2,1.7142857142857142,12,5.857142857142857
KOR,Asia,South Korea,2020-02-27,13,1,1.7142857142857142,13,7.571428571428571
KOR,Asia,South Korea,2020-02-28,13,0,1.5714285714285714,13,9.142857142857142
KOR,Asia,South Korea,2020-02-29,16,3,2.0,16,11.142857142857142
KOR,Asia,South Korea,2020-03-01,17,1,1.5714285714285714,17,12.714285714285714
KOR,Asia,South Korea,2020-03-02,28,11,2.857142857142857,28,15.571428571428571
KOR,Asia,South Korea,2020-03-03,28,0,2.5714285714285716,28,18.142857142857142
KOR,Asia,South Korea,2020-03-04,35,7,3.2857142857142856,35,21.428571428571427
KOR,Asia,South Korea,2020-03-05,35,0,3.142857142857143,35,24.571428571428573
KOR,Asia,South Korea,2020-03-06,42,7,4.142857142857143,42,28.714285714285715
KOR,Asia,South Korea,2020-03-07,44,2,4.0,44,32.714285714285715
KOR,Asia,South Korea,2020-03-08,50,6,4.714285714285714,50,37.42857142857143
KOR,Asia,South Korea,2020-03-09,53,3,3.5714285714285716,53,41.0
KOR,Asia,South Korea,2020-03-10,54,1,3.7142857142857144,54,44.714285714285715
KOR,Asia,South Korea,2020-03-11,60,6,3.5714285714285716,60,48.285714285714285
KOR,Asia,South Korea,2020-03-12,66,6,4.428571428571429,66,52.714285714285715
KOR,Asia,South Korea,2020-03-13,66,0,3.4285714285714284,66,56.142857142857146
KOR,Asia,South Korea,2020-03-14,72,6,4.0,72,60.142857142857146
KOR,Asia,South Korea,2020-03-15,75,3,3.5714285714285716,75,63.714285714285715
KOR,Asia,South Korea,2020-03-16,75,0,3.142857142857143,75,66.85714285714286
KOR,Asia,South Korea,2020-03-17,81,6,3.857142857142857,81,70.71428571428571
KOR,Asia,South Korea,2020-03-18,84,3,3.4285714285714284,84,74.14285714285714
KOR,Asia,South Korea,2020-03-19,91,7,3.5714285714285716,91,77.71428571428571
KOR,Asia,South Korea,2020-03-20,94,3,4.0,94,81.71428571428571
KOR,Asia,South Korea,2020-03-21,102,8,4.285714285714286,102,86.0
KOR,Asia,South Korea,2020-03-22,111,9,5.142857142857143,111,91.14285714285714
KOR,Asia,South Korea,2020-03-23,111,0,5.142857142857143,111,96.28571428571429
KOR,Asia,South Korea,2020-03-24,120,9,5.571428571428571,120,101.85714285714286
KOR,Asia,South Korea,2020-03-25,126,6,6.0,126,107.85714285714286
KOR,Asia,South Korea,2020-03-26,131,5,5.714285714285714,131,113.57142857142857
KOR,Asia,South Korea,2020-03-27,139,8,6.428571428571429,139,120.0
KOR,Asia,South Korea,2020-03-28,144,5,6.0,144,126.0
KOR,Asia,South Korea,2020-03-29,152,8,5.857142857142857,152,131.85714285714286
KOR,Asia,South Korea,2020-03-30,158,6,6.714285714285714,158,138.57142857142858
KOR,Asia,South Korea,2020-03-31,162,4,6.0,162,144.57142857142858
KOR,Asia,South Korea,2020-04-01,165,3,5.571428571428571,165,150.14285714285714
KOR,Asia,South Korea,2020-04-02,169,4,5.428571428571429,169,155.57142857142858
KOR,Asia,South Korea,2020-04-03,174,5,5.0,174,160.57142857142858
KOR,Asia,South Korea,2020-04-04,177,3,4.714285714285714,177,165.28571428571428
KOR,Asia,South Korea,2020-04-05,183,6,4.428571428571429,183,169.71428571428572
KOR,Asia,South Korea,2020-04-06,186,3,4.0,186,173.71428571428572
KOR,Asia,South Korea,2020-04-07,192,6,4.285714285714286,192,178.0
KOR,Asia,South Korea,2020-04-08,200,8,5.0,200,183.0
KOR,Asia,South Korea,2020-04-09,204,4,5.0,204,188.0
KOR,Asia,South Korea,2020-04-10,208,4,4.857142857142857,208,192.85714285714286
KOR,Asia,South Korea,2020-04-11,211,3,4.857142857142857,211,197.71428571428572
KOR,Asia,South Korea,2020-04-12,214,3,4.428571428571429,214,202.14285714285714
KOR,Asia,South Korea,2020-04-13,217,3,4.428571428571429,217,206.57142857142858
KOR,Asia,South Korea,2020-04-14,222,5,4.285714285714286,222,210.85714285714286
KOR,Asia,South Korea,2020-04-15,225,3,3.5714285714285716,225,214.42857142857142
KOR,Asia,South Korea,2020-04-16,229,4,3.5714285714285716,229,218.0
KOR,Asia,South Korea,2020-04-17,230,1,3.142857142857143,230,221.14285714285714
KOR,Asia,South Korea,2020-04-18,232,2,3.0,232,224.14285714285714
KOR,Asia,South Korea,2020-04-19,234,2,2.857142857142857,234,227.0
KOR,Asia,South Korea,2020-04-20,236,2,2.7142857142857144,236,229.71428571428572
KOR,Asia,South Korea,2020-04-21,237,1,2.142857142857143,237,231.85714285714286
KOR,Asia,South Korea,2020-04-22,238,1,1.8571428571428572,238,233.71428571428572
KOR,Asia,South Korea,2020-04-23,240,2,1.5714285714285714,240,235.28571428571428
KOR,Asia,South Korea,2020-04-24,240,0,1.4285714285714286,240,236.71428571428572
KOR,Asia,South Korea,2020-04-25,242,2,1.4285714285714286,242,238.14285714285714
KOR,Asia,South Korea,2020-04-26,243,1,1.2857142857142858,243,239.42857142857142
KOR,Asia,South Korea,2020-04-27,244,1,1.1428571428571428,244,240.57142857142858
KOR,Asia,South Korea,2020-04-28,246,2,1.2857142857142858,246,241.85714285714286
KOR,Asia,South Korea,2020-04-29,247,1,1.2857142857142858,247,243.14285714285714
KOR,Asia,South Korea,2020-04-30,248,1,1.1428571428571428,248,244.28571428571428
KOR,Asia,South Korea,2020-05-01,250,2,1.4285714285714286,250,245.71428571428572
KOR,Asia,South Korea,2020-05-02,250,0,1.1428571428571428,250,246.85714285714286
KOR,Asia,South Korea,2020-05-03,252,2,1.2857142857142858,252,248.14285714285714
KOR,Asia,South Korea,2020-05-04,254,2,1.4285714285714286,254,249.57142857142858
KOR,Asia,South Korea,2020-05-05,255,1,1.2857142857142858,255,250.85714285714286
KOR,Asia,South Korea,2020-05-06,256,1,1.2857142857142858,256,252.14285714285714
KOR,Asia,South Korea,2020-05-07,256,0,1.1428571428571428,256,253.28571428571428
KOR,Asia,South Korea,2020-05-08,256,0,0.8571428571428571,256,254.14285714285714
KOR,Asia,South Korea,2020-05-09,256,0,0.8571428571428571,256,255.0
KOR,Asia,South Korea,2020-05-10,256,0,0.5714285714285714,256,255.57142857142858
KOR,Asia,South Korea,2020-05-11,258,2,0.5714285714285714,258,256.14285714285717
KOR,Asia,South Korea,2020-05-12,259,1,0.5714285714285714,259,256.7142857142857
KOR,Asia,South Korea,2020-05-13,260,1,0.5714285714285714,260,257.2857142857143
KOR,Asia,South Korea,2020-05-14,260,0,0.5714285714285714,260,257.85714285714283
KOR,Asia,South Korea,2020-05-15,262,2,0.8571428571428571,262,258.7142857142857
KOR,Asia,South Korea,2020-05-16,262,0,0.8571428571428571,262,259.57142857142856
KOR,Asia,South Korea,2020-05-17,263,1,1.0,263,260.57142857142856
KOR,Asia,South Korea,2020-05-18,263,0,0.7142857142857143,263,261.2857142857143
KOR,Asia,South Korea,2020-05-19,263,0,0.5714285714285714,263,261.85714285714283
KOR,Asia,South Korea,2020-05-20,264,1,0.5714285714285714,264,262.42857142857144
KOR,Asia,South Korea,2020-05-21,264,0,0.5714285714285714,264,263.0
KOR,Asia,South Korea,2020-05-22,266,2,0.5714285714285714,266,263.57142857142856
KOR,Asia,South Korea,2020-05-23,266,0,0.5714285714285714,266,264.14285714285717
KOR,Asia,South Korea,2020-05-24,267,1,0.5714285714285714,267,264.7142857142857
KOR,Asia,South Korea,2020-05-25,269,2,0.8571428571428571,269,265.57142857142856
KOR,Asia,South Korea,2020-05-26,269,0,0.8571428571428571,269,266.42857142857144
KOR,Asia,South Korea,2020-05-27,269,0,0.7142857142857143,269,267.14285714285717
KOR,Asia,South Korea,2020-05-28,269,0,0.7142857142857143,269,267.85714285714283
KOR,Asia,South Korea,2020-05-29,269,0,0.42857142857142855,269,268.2857142857143
KOR,Asia,South Korea,2020-05-30,270,1,0.5714285714285714,270,268.85714285714283
KOR,Asia,South Korea,2020-05-31,271,1,0.5714285714285714,271,269.42857142857144
KOR,Asia,South Korea,2020-06-01,272,1,0.42857142857142855,272,269.85714285714283
KOR,Asia,South Korea,2020-06-02,273,1,0.5714285714285714,273,270.42857142857144
KOR,Asia,South Korea,2020-06-03,273,0,0.5714285714285714,273,271.0
KOR,Asia,South Korea,2020-06-04,273,0,0.5714285714285714,273,271.57142857142856
KOR,Asia,South Korea,2020-06-05,273,0,0.5714285714285714,273,272.14285714285717
KOR,Asia,South Korea,2020-06-06,273,0,0.42857142857142855,273,272.57142857142856
KOR,Asia,South Korea,2020-06-07,273,0,0.2857142857142857,273,272.85714285714283
KOR,Asia,South Korea,2020-06-08,274,1,0.2857142857142857,274,273.14285714285717
KOR,Asia,South Korea,2020-06-09,276,2,0.42857142857142855,276,273.57142857142856
KOR,Asia,South Korea,2020-06-10,276,0,0.42857142857142855,276,274.0
KOR,Asia,South Korea,2020-06-11,277,1,0.5714285714285714,277,274.57142857142856
KOR,Asia,South Korea,2020-06-12,277,0,0.5714285714285714,277,275.14285714285717
KOR,Asia,South Korea,2020-06-13,277,0,0.5714285714285714,277,275.7142857142857
KOR,Asia,South Korea,2020-06-14,277,0,0.5714285714285714,277,276.2857142857143
KOR,Asia,South Korea,2020-06-15,278,1,0.5714285714285714,278,276.85714285714283
KOR,Asia,South Korea,2020-06-16,279,1,0.42857142857142855,279,277.2857142857143
KOR,Asia,South Korea,2020-06-17,280,1,0.5714285714285714,280,277.85714285714283
KOR,Asia,South Korea,2020-06-18,280,0,0.42857142857142855,280,278.2857142857143
KOR,Asia,South Korea,2020-06-19,280,0,0.42857142857142855,280,278.7142857142857
KOR,Asia,South Korea,2020-06-20,280,0,0.42857142857142855,280,279.14285714285717
KOR,Asia,South Korea,2020-06-21,280,0,0.42857142857142855,280,279.57142857142856
KOR,Asia,South Korea,2020-06-22,281,1,0.42857142857142855,281,280.0
KOR,Asia,South Korea,2020-06-23,281,0,0.2857142857142857,281,280.2857142857143
KOR,Asia,South Korea,2020-06-24,282,1,0.2857142857142857,282,280.57142857142856
KOR,Asia,South Korea,2020-06-25,282,0,0.2857142857142857,282,280.85714285714283
KOR,Asia,South Korea,2020-06-26,282,0,0.2857142857142857,282,281.14285714285717
KOR,Asia,South Korea,2020-06-27,282,0,0.2857142857142857,282,281.42857142857144
KOR,Asia,South Korea,2020-06-28,282,0,0.2857142857142857,282,281.7142857142857
KOR,Asia,South Korea,2020-06-29,282,0,0.14285714285714285,282,281.85714285714283
KOR,Asia,South Korea,2020-06-30,282,0,0.14285714285714285,282,282.0
KOR,Asia,South Korea,2020-07-01,282,0,0.0,282,282.0
KOR,Asia,South Korea,2020-07-02,282,0,0.0,282,282.0
KOR,Asia,South Korea,2020-07-03,283,1,0.14285714285714285,283,282.14285714285717
KOR,Asia,South Korea,2020-07-04,283,0,0.14285714285714285,283,282.2857142857143
KOR,Asia,South Korea,2020-07-05,284,1,0.2857142857142857,284,282.57142857142856
KOR,Asia,South Korea,2020-07-06,285,1,0.42857142857142855,285,283.0
KOR,Asia,South Korea,2020-07-07,285,0,0.42857142857142855,285,283.42857142857144
KOR,Asia,South Korea,2020-07-08,287,2,0.7142857142857143,287,284.14285714285717
KOR,Asia,South Korea,2020-07-09,288,1,0.8571428571428571,288,285.0
KOR,Asia,South Korea,2020-07-10,288,0,0.7142857142857143,288,285.7142857142857
KOR,Asia,South Korea,2020-07-11,289,1,0.8571428571428571,289,286.57142857142856
KOR,Asia,South Korea,2020-07-12,289,0,0.7142857142857143,289,287.2857142857143
KOR,Asia,South Korea,2020-07-13,289,0,0.5714285714285714,289,287.85714285714283
KOR,Asia,South Korea,2020-07-14,289,0,0.5714285714285714,289,288.42857142857144
KOR,Asia,South Korea,2020-07-15,291,2,0.5714285714285714,291,289.0
KOR,Asia,South Korea,2020-07-16,293,2,0.7142857142857143,293,289.7142857142857
KOR,Asia,South Korea,2020-07-17,294,1,0.8571428571428571,294,290.57142857142856
KOR,Asia,South Korea,2020-07-18,295,1,0.8571428571428571,295,291.42857142857144
KOR,Asia,South Korea,2020-07-19,296,1,1.0,296,292.42857142857144
KOR,Asia,South Korea,2020-07-20,296,0,1.0,296,293.42857142857144
KOR,Asia,South Korea,2020-07-21,297,1,1.1428571428571428,297,294.57142857142856
KOR,Asia,South Korea,2020-07-22,297,0,0.8571428571428571,297,295.42857142857144
KOR,Asia,South Korea,2020-07-23,298,1,0.7142857142857143,298,296.14285714285717
KOR,Asia,South Korea,2020-07-24,298,0,0.5714285714285714,298,296.7142857142857
KOR,Asia,South Korea,2020-07-25,298,0,0.42857142857142855,298,297.14285714285717
KOR,Asia,South Korea,2020-07-26,299,1,0.42857142857142855,299,297.57142857142856
KOR,Asia,South Korea,2020-07-27,300,1,0.5714285714285714,300,298.14285714285717
KOR,Asia,South Korea,2020-07-28,300,0,0.42857142857142855,300,298.57142857142856
KOR,Asia,South Korea,2020-07-29,300,0,0.42857142857142855,300,299.0
KOR,Asia,South Korea,2020-07-30,301,1,0.42857142857142855,301,299.42857142857144
KOR,Asia,South Korea,2020-07-31,301,0,0.42857142857142855,301,299.85714285714283
KOR,Asia,South Korea,2020-08-01,301,0,0.42857142857142855,301,300.2857142857143
KOR,Asia,South Korea,2020-08-02,301,0,0.2857142857142857,301,300.57142857142856
KOR,Asia,South Korea,2020-08-03,301,0,0.14285714285714285,301,300.7142857142857
KOR,Asia,South Korea,2020-08-04,302,1,0.2857142857142857,302,301.0
KOR,Asia,South Korea,2020-08-05,302,0,0.2857142857142857,302,301.2857142857143
KOR,Asia,South Korea,2020-08-06,303,1,0.2857142857142857,303,301.57142857142856
KOR,Asia,South Korea,2020-08-07,304,1,0.42857142857142855,304,302.0
KOR,Asia,South Korea,2020-08-08,305,1,0.5714285714285714,305,302.57142857142856
KOR,Asia,South Korea,2020-08-09,305,0,0.5714285714285714,305,303.14285714285717
KOR,Asia,South Korea,2020-08-10,305,0,0.5714285714285714,305,303.7142857142857
KOR,Asia,South Korea,2020-08-11,305,0,0.42857142857142855,305,304.14285714285717
KOR,Asia,South Korea,2020-08-12,305,0,0.42857142857142855,305,304.57142857142856
KOR,Asia,South Korea,2020-08-13,305,0,0.2857142857142857,305,304.85714285714283
KOR,Asia,South Korea,2020-08-14,305,0,0.14285714285714285,305,305.0
KOR,Asia,South Korea,2020-08-15,305,0,0.0,305,305.0
KOR,Asia,South Korea,2020-08-16,305,0,0.0,305,305.0
KOR,Asia,South Korea,2020-08-17,306,1,0.14285714285714285,306,305.14285714285717
KOR,Asia,South Korea,2020-08-18,306,0,0.14285714285714285,306,305.2857142857143
KOR,Asia,South Korea,2020-08-19,307,1,0.2857142857142857,307,305.57142857142856
KOR,Asia,South Korea,2020-08-20,309,2,0.5714285714285714,309,306.14285714285717
KOR,Asia,South Korea,2020-08-21,309,0,0.5714285714285714,309,306.7142857142857
KOR,Asia,South Korea,2020-08-22,309,0,0.5714285714285714,309,307.2857142857143
KOR,Asia,South Korea,2020-08-23,309,0,0.5714285714285714,309,307.85714285714283
KOR,Asia,South Korea,2020-08-24,310,1,0.5714285714285714,310,308.42857142857144
KOR,Asia,South Korea,2020-08-25,312,2,0.8571428571428571,312,309.2857142857143
KOR,Asia,South Korea,2020-08-26,313,1,0.8571428571428571,313,310.14285714285717
KOR,Asia,South Korea,2020-08-27,316,3,1.0,316,311.14285714285717
KOR,Asia,South Korea,2020-08-28,321,5,1.7142857142857142,321,312.85714285714283
KOR,Asia,South Korea,2020-08-29,323,2,2.0,323,314.85714285714283
KOR,Asia,South Korea,2020-08-30,324,1,2.142857142857143,324,317.0
KOR,Asia,South Korea,2020-08-31,324,0,2.0,324,319.0
KOR,Asia,South Korea,2020-09-01,326,2,2.0,326,321.0
KOR,Asia,South Korea,2020-09-02,329,3,2.2857142857142856,329,323.2857142857143
KOR,Asia,South Korea,2020-09-03,331,2,2.142857142857143,331,325.42857142857144
KOR,Asia,South Korea,2020-09-04,333,2,1.7142857142857142,333,327.14285714285717
KOR,Asia,South Korea,2020-09-05,334,1,1.5714285714285714,334,328.7142857142857
KOR,Asia,South Korea,2020-09-06,336,2,1.7142857142857142,336,330.42857142857144
KOR,Asia,South Korea,2020-09-07,341,5,2.4285714285714284,341,332.85714285714283
KOR,Asia,South Korea,2020-09-08,344,3,2.5714285714285716,344,335.42857142857144
KOR,Asia,South Korea,2020-09-09,346,2,2.4285714285714284,346,337.85714285714283
KOR,Asia,South Korea,2020-09-10,350,4,2.7142857142857144,350,340.57142857142856
KOR,Asia,South Korea,2020-09-11,355,5,3.142857142857143,355,343.7142857142857
KOR,Asia,South Korea,2020-09-12,358,3,3.4285714285714284,358,347.14285714285717
KOR,Asia,South Korea,2020-09-13,363,5,3.857142857142857,363,351.0
KOR,Asia,South Korea,2020-09-14,367,4,3.7142857142857144,367,354.7142857142857
KOR,Asia,South Korea,2020-09-15,367,0,3.2857142857142856,367,358.0
KOR,Asia,South Korea,2020-09-16,372,5,3.7142857142857144,372,361.7142857142857
KOR,Asia,South Korea,2020-09-17,377,5,3.857142857142857,377,365.57142857142856
KOR,Asia,South Korea,2020-09-18,378,1,3.2857142857142856,378,368.85714285714283
KOR,Asia,South Korea,2020-09-19,383,5,3.5714285714285716,383,372.42857142857144
KOR,Asia,South Korea,2020-09-20,385,2,3.142857142857143,385,375.57142857142856
KOR,Asia,South Korea,2020-09-21,388,3,3.0,388,378.57142857142856
KOR,Asia,South Korea,2020-09-22,388,0,3.0,388,381.57142857142856
KOR,Asia,South Korea,2020-09-23,393,5,3.0,393,384.57142857142856
KOR,Asia,South Korea,2020-09-24,395,2,2.5714285714285716,395,387.14285714285717
KOR,Asia,South Korea,2020-09-25,399,4,3.0,399,390.14285714285717
KOR,Asia,South Korea,2020-09-26,401,2,2.5714285714285716,401,392.7142857142857
KOR,Asia,South Korea,2020-09-27,406,5,3.0,406,395.7142857142857
KOR,Asia,South Korea,2020-09-28,407,1,2.7142857142857144,407,398.42857142857144
KOR,Asia,South Korea,2020-09-29,413,6,3.5714285714285716,413,402.0
KOR,Asia,South Korea,2020-09-30,415,2,3.142857142857143,415,405.14285714285717
KOR,Asia,South Korea,2020-10-01,416,1,3.0,416,408.14285714285717
KOR,Asia,South Korea,2020-10-02,420,4,3.0,420,411.14285714285717
KOR,Asia,South Korea,2020-10-03,421,1,2.857142857142857,421,414.0
KOR,Asia,South Korea,2020-10-04,422,1,2.2857142857142856,422,416.2857142857143
KOR,Asia,South Korea,2020-10-05,422,0,2.142857142857143,422,418.42857142857144
KOR,Asia,South Korea,2020-10-06,425,3,1.7142857142857142,425,420.14285714285717
KOR,Asia,South Korea,2020-10-07,427,2,1.7142857142857142,427,421.85714285714283
KOR,Asia,South Korea,2020-10-08,428,1,1.7142857142857142,428,423.57142857142856
KOR,Asia,South Korea,2020-10-09,430,2,1.4285714285714286,430,425.0
KOR,Asia,South Korea,2020-10-10,432,2,1.5714285714285714,432,426.57142857142856
KOR,Asia,South Korea,2020-10-11,433,1,1.5714285714285714,433,428.14285714285717
KOR,Asia,South Korea,2020-10-12,434,1,1.7142857142857142,434,429.85714285714283
KOR,Asia,South Korea,2020-10-13,438,4,1.8571428571428572,438,431.7142857142857
KOR,Asia,South Korea,2020-10-14,439,1,1.7142857142857142,439,433.42857142857144
KOR,Asia,South Korea,2020-10-15,441,2,1.8571428571428572,441,435.2857142857143
KOR,Asia,South Korea,2020-10-16,443,2,1.8571428571428572,443,437.14285714285717
KOR,Asia,South Korea,2020-10-17,444,1,1.7142857142857142,444,438.85714285714283
KOR,Asia,South Korea,2020-10-18,444,0,1.5714285714285714,444,440.42857142857144
KOR,Asia,South Korea,2020-10-19,447,3,1.8571428571428572,447,442.2857142857143
KOR,Asia,South Korea,2020-10-20,450,3,1.7142857142857142,450,444.0
KOR,Asia,South Korea,2020-10-21,453,3,2.0,453,446.0
KOR,Asia,South Korea,2020-10-22,455,2,2.0,455,448.0
KOR,Asia,South Korea,2020-10-23,457,2,2.0,457,450.0
KOR,Asia,South Korea,2020-10-24,457,0,1.8571428571428572,457,451.85714285714283
KOR,Asia,South Korea,2020-10-25,457,0,1.8571428571428572,457,453.7142857142857
KOR,Asia,South Korea,2020-10-26,460,3,1.8571428571428572,460,455.57142857142856
KOR,Asia,South Korea,2020-10-27,461,1,1.5714285714285714,461,457.14285714285717
KOR,Asia,South Korea,2020-10-28,462,1,1.2857142857142858,462,458.42857142857144
KOR,Asia,South Korea,2020-10-29,463,1,1.1428571428571428,463,459.57142857142856
KOR,Asia,South Korea,2020-10-30,464,1,1.0,464,460.57142857142856
KOR,Asia,South Korea,2020-10-31,466,2,1.2857142857142858,466,461.85714285714283
KOR,Asia,South Korea,2020-11-01,468,2,1.5714285714285714,468,463.42857142857144
KOR,Asia,South Korea,2020-11-02,472,4,1.7142857142857142,472,465.14285714285717
KOR,Asia,South Korea,2020-11-03,474,2,1.8571428571428572,474,467.0
KOR,Asia,South Korea,2020-11-04,475,1,1.8571428571428572,475,468.85714285714283
KOR,Asia,South Korea,2020-11-05,476,1,1.8571428571428572,476,470.7142857142857
KOR,Asia,South Korea,2020-11-06,477,1,1.8571428571428572,477,472.57142857142856
KOR,Asia,South Korea,2020-11-07,478,1,1.7142857142857142,478,474.2857142857143
KOR,Asia,South Korea,2020-11-08,480,2,1.7142857142857142,480,476.0
KOR,Asia,South Korea,2020-11-09,485,5,1.8571428571428572,485,477.85714285714283
KOR,Asia,South Korea,2020-11-10,487,2,1.8571428571428572,487,479.7142857142857
KOR,Asia,South Korea,2020-11-11,487,0,1.7142857142857142,487,481.42857142857144
KOR,Asia,South Korea,2020-11-12,488,1,1.7142857142857142,488,483.14285714285717
KOR,Asia,South Korea,2020-11-13,492,4,2.142857142857143,492,485.2857142857143
KOR,Asia,South Korea,2020-11-14,493,1,2.142857142857143,493,487.42857142857144
KOR,Asia,South Korea,2020-11-15,494,1,2.0,494,489.42857142857144
KOR,Asia,South Korea,2020-11-16,494,0,1.2857142857142858,494,490.7142857142857
KOR,Asia,South Korea,2020-11-17,496,2,1.2857142857142858,496,492.0
KOR,Asia,South Korea,2020-11-18,498,2,1.5714285714285714,498,493.57142857142856
KOR,Asia,South Korea,2020-11-19,501,3,1.8571428571428572,501,495.42857142857144
KOR,Asia,South Korea,2020-11-20,503,2,1.5714285714285714,503,497.0
KOR,Asia,South Korea,2020-11-21,505,2,1.7142857142857142,505,498.7142857142857
KOR,Asia,South Korea,2020-11-22,509,4,2.142857142857143,509,500.85714285714283
KOR,Asia,South Korea,2020-11-23,510,1,2.2857142857142856,510,503.14285714285717
KOR,Asia,South Korea,2020-11-24,513,3,2.4285714285714284,513,505.57142857142856
KOR,Asia,South Korea,2020-11-25,515,2,2.4285714285714284,515,508.0
KOR,Asia,South Korea,2020-11-26,516,1,2.142857142857143,516,510.14285714285717
KOR,Asia,South Korea,2020-11-27,522,6,2.7142857142857144,522,512.8571428571429
KOR,Asia,South Korea,2020-11-28,523,1,2.5714285714285716,523,515.4285714285714
KOR,Asia,South Korea,2020-11-29,526,3,2.4285714285714284,526,517.8571428571429
KOR,Asia,South Korea,2020-11-30,526,0,2.2857142857142856,526,520.1428571428571
KOR,Asia,South Korea,2020-12-01,526,0,1.8571428571428572,526,522.0
KOR,Asia,South Korea,2020-12-02,529,3,2.0,529,524.0
KOR,Asia,South Korea,2020-12-03,536,7,2.857142857142857,536,526.8571428571429
KOR,Asia,South Korea,2020-12-04,540,4,2.5714285714285716,540,529.4285714285714
KOR,Asia,South Korea,2020-12-05,545,5,3.142857142857143,545,532.5714285714286
KOR,Asia,South Korea,2020-12-06,549,4,3.2857142857142856,549,535.8571428571429
KOR,Asia,South Korea,2020-12-07,552,3,3.7142857142857144,552,539.5714285714286
KOR,Asia,South Korea,2020-12-08,556,4,4.285714285714286,556,543.8571428571429
KOR,Asia,South Korea,2020-12-09,564,8,5.0,564,548.8571428571429
KOR,Asia,South Korea,2020-12-10,572,8,5.142857142857143,572,554.0
KOR,Asia,South Korea,2020-12-11,578,6,5.428571428571429,578,559.4285714285714
KOR,Asia,South Korea,2020-12-12,580,2,5.0,580,564.4285714285714
KOR,Asia,South Korea,2020-12-13,587,7,5.428571428571429,587,569.8571428571429
KOR,Asia,South Korea,2020-12-14,600,13,6.857142857142857,600,576.7142857142857
KOR,Asia,South Korea,2020-12-15,612,12,8.0,612,584.7142857142857
KOR,Asia,South Korea,2020-12-16,634,22,10.0,634,594.7142857142857
KOR,Asia,South Korea,2020-12-17,645,11,10.428571428571429,645,605.1428571428571
KOR,Asia,South Korea,2020-12-18,659,14,11.571428571428571,659,616.7142857142857
KOR,Asia,South Korea,2020-12-19,674,15,13.428571428571429,674,630.1428571428571
KOR,Asia,South Korea,2020-12-20,698,24,15.857142857142858,698,646.0
KOR,Asia,South Korea,2020-12-21,722,24,17.428571428571427,722,663.4285714285714
KOR,Asia,South Korea,2020-12-22,739,17,18.142857142857142,739,681.5714285714286
KOR,Asia,South Korea,2020-12-23,756,17,17.428571428571427,756,699.0
KOR,Asia,South Korea,2020-12-24,773,17,18.285714285714285,773,717.2857142857143
KOR,Asia,South Korea,2020-12-25,793,20,19.142857142857142,793,736.4285714285714
KOR,Asia,South Korea,2020-12-26,808,15,19.142857142857142,808,755.5714285714286
KOR,Asia,South Korea,2020-12-27,819,11,17.285714285714285,819,772.8571428571429
KOR,Asia,South Korea,2020-12-28,859,40,19.571428571428573,859,792.4285714285714
KOR,Asia,South Korea,2020-12-29,879,20,20.0,879,812.4285714285714
KOR,Asia,South Korea,2020-12-30,900,21,20.571428571428573,900,833.0
KOR,Asia,South Korea,2020-12-31,917,17,20.571428571428573,917,853.5714285714286
KOR,Asia,South Korea,2021-01-01,942,25,21.285714285714285,942,874.8571428571429
KOR,Asia,South Korea,2021-01-02,962,20,22.0,962,896.8571428571429
KOR,Asia,South Korea,2021-01-03,981,19,23.142857142857142,981,920.0
KOR,Asia,South Korea,2021-01-04,1007,26,21.142857142857142,1007,941.1428571428571
KOR,Asia,South Korea,2021-01-05,1027,20,21.142857142857142,1027,962.2857142857143
KOR,Asia,South Korea,2021-01-06,1046,19,20.857142857142858,1046,983.1428571428571
KOR,Asia,South Korea,2021-01-07,1081,35,23.428571428571427,1081,1006.5714285714286
KOR,Asia,South Korea,2021-01-08,1100,19,22.571428571428573,1100,1029.142857142857
KOR,Asia,South Korea,2021-01-09,1125,25,23.285714285714285,1125,1052.4285714285713
KOR,Asia,South Korea,2021-01-10,1140,15,22.714285714285715,1140,1075.142857142857
KOR,Asia,South Korea,2021-01-11,1165,25,22.571428571428573,1165,1097.7142857142858
KOR,Asia,South Korea,2021-01-12,1185,20,22.571428571428573,1185,1120.2857142857142
KOR,Asia,South Korea,2021-01-13,1195,10,21.285714285714285,1195,1141.5714285714287
KOR,Asia,South Korea,2021-01-14,1217,22,19.428571428571427,1217,1161.0
KOR,Asia,South Korea,2021-01-15,1236,19,19.428571428571427,1236,1180.4285714285713
KOR,Asia,South Korea,2021-01-16,1249,13,17.714285714285715,1249,1198.142857142857
KOR,Asia,South Korea,2021-01-17,1264,15,17.714285714285715,1264,1215.857142857143
KOR,Asia,South Korea,2021-01-18,1283,19,16.857142857142858,1283,1232.7142857142858
KOR,Asia,South Korea,2021-01-19,1300,17,16.428571428571427,1300,1249.142857142857
KOR,Asia,South Korea,2021-01-20,1316,16,17.285714285714285,1316,1266.4285714285713
KOR,Asia,South Korea,2021-01-21,1328,12,15.857142857142858,1328,1282.2857142857142
KOR,Asia,South Korea,2021-01-22,1337,9,14.428571428571429,1337,1296.7142857142858
KOR,Asia,South Korea,2021-01-23,1349,12,14.285714285714286,1349,1311.0
KOR,Asia,South Korea,2021-01-24,1360,11,13.714285714285714,1360,1324.7142857142858
KOR,Asia,South Korea,2021-01-25,1371,11,12.571428571428571,1371,1337.2857142857142
KOR,Asia,South Korea,2021-01-26,1378,7,11.142857142857142,1378,1348.4285714285713
KOR,Asia,South Korea,2021-01-27,1386,8,10.0,1386,1358.4285714285713
KOR,Asia,South Korea,2021-01-28,1399,13,10.142857142857142,1399,1368.5714285714287
KOR,Asia,South Korea,2021-01-29,1414,15,11.0,1414,1379.5714285714287
KOR,Asia,South Korea,2021-01-30,1420,6,10.142857142857142,1420,1389.7142857142858
KOR,Asia,South Korea,2021-01-31,1425,5,9.285714285714286,1425,1399.0
KOR,Asia,South Korea,2021-02-01,1435,10,9.142857142857142,1435,1408.142857142857
KOR,Asia,South Korea,2021-02-02,1441,6,9.0,1441,1417.142857142857
KOR,Asia,South Korea,2021-02-03,1448,7,8.857142857142858,1448,1426.0
KOR,Asia,South Korea,2021-02-04,1459,11,8.571428571428571,1459,1434.5714285714287
KOR,Asia,South Korea,2021-02-05,1464,5,7.142857142857143,1464,1441.7142857142858
KOR,Asia,South Korea,2021-02-06,1471,7,7.285714285714286,1471,1449.0
KOR,Asia,South Korea,2021-02-07,1474,3,7.0,1474,1456.0
KOR,Asia,South Korea,2021-02-08,1482,8,6.714285714285714,1482,1462.7142857142858
KOR,Asia,South Korea,2021-02-09,1486,4,6.428571428571429,1486,1469.142857142857
KOR,Asia,South Korea,2021-02-10,1496,10,6.857142857142857,1496,1476.0
KOR,Asia,South Korea,2021-02-11,1507,11,6.857142857142857,1507,1482.857142857143
KOR,Asia,South Korea,2021-02-12,1514,7,7.142857142857143,1514,1490.0
KOR,Asia,South Korea,2021-02-13,1522,8,7.285714285714286,1522,1497.2857142857142
KOR,Asia,South Korea,2021-02-14,1527,5,7.571428571428571,1527,1504.857142857143
KOR,Asia,South Korea,2021-02-15,1534,7,7.428571428571429,1534,1512.2857142857142
KOR,Asia,South Korea,2021-02-16,1538,4,7.428571428571429,1538,1519.7142857142858
KOR,Asia,South Korea,2021-02-17,1544,6,6.857142857142857,1544,1526.5714285714287
KOR,Asia,South Korea,2021-02-18,1550,6,6.142857142857143,1550,1532.7142857142858
KOR,Asia,South Korea,2021-02-19,1553,3,5.571428571428571,1553,1538.2857142857142
KOR,Asia,South Korea,2021-02-20,1557,4,5.0,1557,1543.2857142857142
KOR,Asia,South Korea,2021-02-21,1562,5,5.0,1562,1548.2857142857142
KOR,Asia,South Korea,2021-02-22,1573,11,5.571428571428571,1573,1553.857142857143
KOR,Asia,South Korea,2021-02-23,1576,3,5.428571428571429,1576,1559.2857142857142
KOR,Asia,South Korea,2021-02-24,1581,5,5.285714285714286,1581,1564.5714285714287
KOR,Asia,South Korea,2021-02-25,1585,4,5.0,1585,1569.5714285714287
KOR,Asia,South Korea,2021-02-26,1595,10,6.0,1595,1575.5714285714287
KOR,Asia,South Korea,2021-02-27,1603,8,6.571428571428571,1603,1582.142857142857
KOR,Asia,South Korea,2021-02-28,1605,2,6.142857142857143,1605,1588.2857142857142
KOR,Asia,South Korea,2021-03-01,1606,1,4.714285714285714,1606,1593.0
KOR,Asia,South Korea,2021-03-02,1612,6,5.142857142857143,1612,1598.142857142857
KOR,Asia,South Korea,2021-03-03,1619,7,5.428571428571429,1619,1603.5714285714287
KOR,Asia,South Korea,2021-03-04,1627,8,6.0,1627,1609.5714285714287
KOR,Asia,South Korea,2021-03-05,1632,5,5.285714285714286,1632,1614.857142857143
KOR,Asia,South Korea,2021-03-06,1634,2,4.428571428571429,1634,1619.2857142857142
KOR,Asia,South Korea,2021-03-07,1642,8,5.285714285714286,1642,1624.5714285714287
KOR,Asia,South Korea,2021-03-08,1645,3,5.571428571428571,1645,1630.142857142857
KOR,Asia,South Korea,2021-03-09,1648,3,5.142857142857143,1648,1635.2857142857142
KOR,Asia,South Korea,2021-03-10,1652,4,4.714285714285714,1652,1640.0
KOR,Asia,South Korea,2021-03-11,1662,10,5.0,1662,1645.0
KOR,Asia,South Korea,2021-03-12,1667,5,5.0,1667,1650.0
KOR,Asia,South Korea,2021-03-13,1669,2,5.0,1669,1655.0
KOR,Asia,South Korea,2021-03-14,1675,6,4.714285714285714,1675,1659.7142857142858
KOR,Asia,South Korea,2021-03-15,1678,3,4.714285714285714,1678,1664.4285714285713
KOR,Asia,South Korea,2021-03-16,1686,8,5.428571428571429,1686,1669.857142857143
KOR,Asia,South Korea,2021-03-17,1688,2,5.142857142857143,1688,1675.0
KOR,Asia,South Korea,2021-03-18,1690,2,4.0,1690,1679.0
KOR,Asia,South Korea,2021-03-19,1693,3,3.7142857142857144,1693,1682.7142857142858
KOR,Asia,South Korea,2021-03-20,1696,3,3.857142857142857,1696,1686.5714285714287
KOR,Asia,South Korea,2021-03-21,1697,1,3.142857142857143,1697,1689.7142857142858
KOR,Asia,South Korea,2021-03-22,1704,7,3.7142857142857144,1704,1693.4285714285713
KOR,Asia,South Korea,2021-03-23,1707,3,3.0,1707,1696.4285714285713
KOR,Asia,South Korea,2021-03-24,1709,2,3.0,1709,1699.4285714285713
KOR,Asia,South Korea,2021-03-25,1716,7,3.7142857142857144,1716,1703.142857142857
KOR,Asia,South Korea,2021-03-26,1721,5,4.0,1721,1707.142857142857
KOR,Asia,South Korea,2021-03-27,1722,1,3.7142857142857144,1722,1710.857142857143
KOR,Asia,South Korea,2021-03-28,1726,4,4.142857142857143,1726,1715.0
KOR,Asia,South Korea,2021-03-29,1729,3,3.5714285714285716,1729,1718.5714285714287
KOR,Asia,South Korea,2021-03-30,1731,2,3.4285714285714284,1731,1722.0
KOR,Asia,South Korea,2021-03-31,1735,4,3.7142857142857144,1735,1725.7142857142858
KOR,Asia,South Korea,2021-04-01,1737,2,3.0,1737,1728.7142857142858
KOR,Asia,South Korea,2021-04-02,1740,3,2.7142857142857144,1740,1731.4285714285713
KOR,Asia,South Korea,2021-04-03,1744,4,3.142857142857143,1744,1734.5714285714287
KOR,Asia,South Korea,2021-04-04,1748,4,3.142857142857143,1748,1737.7142857142858
KOR,Asia,South Korea,2021-04-05,1752,4,3.2857142857142856,1752,1741.0
KOR,Asia,South Korea,2021-04-06,1756,4,3.5714285714285716,1756,1744.5714285714287
KOR,Asia,South Korea,2021-04-07,1758,2,3.2857142857142856,1758,1747.857142857143
KOR,Asia,South Korea,2021-04-08,1764,6,3.857142857142857,1764,1751.7142857142858
KOR,Asia,South Korea,2021-04-09,1765,1,3.5714285714285716,1765,1755.2857142857142
KOR,Asia,South Korea,2021-04-10,1768,3,3.4285714285714284,1768,1758.7142857142858
KOR,Asia,South Korea,2021-04-11,1770,2,3.142857142857143,1770,1761.857142857143
KOR,Asia,South Korea,2021-04-12,1775,5,3.2857142857142856,1775,1765.142857142857
KOR,Asia,South Korea,2021-04-13,1782,7,3.7142857142857144,1782,1768.857142857143
KOR,Asia,South Korea,2021-04-14,1788,6,4.285714285714286,1788,1773.142857142857
KOR,Asia,South Korea,2021-04-15,1790,2,3.7142857142857144,1790,1776.857142857143
KOR,Asia,South Korea,2021-04-16,1794,4,4.142857142857143,1794,1781.0
KOR,Asia,South Korea,2021-04-17,1797,3,4.142857142857143,1797,1785.142857142857
KOR,Asia,South Korea,2021-04-18,1801,4,4.428571428571429,1801,1789.5714285714287
KOR,Asia,South Korea,2021-04-19,1802,1,3.857142857142857,1802,1793.4285714285713
KOR,Asia,South Korea,2021-04-20,1806,4,3.4285714285714284,1806,1796.857142857143
KOR,Asia,South Korea,2021-04-21,1808,2,2.857142857142857,1808,1799.7142857142858
KOR,Asia,South Korea,2021-04-22,1811,3,3.0,1811,1802.7142857142858
KOR,Asia,South Korea,2021-04-23,1812,1,2.5714285714285716,1812,1805.2857142857142
KOR,Asia,South Korea,2021-04-24,1813,1,2.2857142857142856,1813,1807.5714285714287
KOR,Asia,South Korea,2021-04-25,1817,4,2.2857142857142856,1817,1809.857142857143
KOR,Asia,South Korea,2021-04-26,1820,3,2.5714285714285716,1820,1812.4285714285713
KOR,Asia,South Korea,2021-04-27,1821,1,2.142857142857143,1821,1814.5714285714287
KOR,Asia,South Korea,2021-04-28,1825,4,2.4285714285714284,1825,1817.0
KOR,Asia,South Korea,2021-04-29,1828,3,2.4285714285714284,1828,1819.4285714285713
KOR,Asia,South Korea,2021-04-30,1831,3,2.7142857142857144,1831,1822.142857142857
KOR,Asia,South Korea,2021-05-01,1833,2,2.857142857142857,1833,1825.0
KOR,Asia,South Korea,2021-05-02,1834,1,2.4285714285714284,1834,1827.4285714285713
KOR,Asia,South Korea,2021-05-03,1840,6,2.857142857142857,1840,1830.2857142857142
KOR,Asia,South Korea,2021-05-04,1847,7,3.7142857142857144,1847,1834.0
KOR,Asia,South Korea,2021-05-05,1851,4,3.7142857142857144,1851,1837.7142857142858
KOR,Asia,South Korea,2021-05-06,1860,9,4.571428571428571,1860,1842.2857142857142
KOR,Asia,South Korea,2021-05-07,1865,5,4.857142857142857,1865,1847.142857142857
KOR,Asia,South Korea,2021-05-08,1874,9,5.857142857142857,1874,1853.0
KOR,Asia,South Korea,2021-05-09,1875,1,5.857142857142857,1875,1858.857142857143
KOR,Asia,South Korea,2021-05-10,1879,4,5.571428571428571,1879,1864.4285714285713
KOR,Asia,South Korea,2021-05-11,1884,5,5.285714285714286,1884,1869.7142857142858
KOR,Asia,South Korea,2021-05-12,1891,7,5.714285714285714,1891,1875.4285714285713
KOR,Asia,South Korea,2021-05-13,1893,2,4.714285714285714,1893,1880.142857142857
KOR,Asia,South Korea,2021-05-14,1896,3,4.428571428571429,1896,1884.5714285714287
KOR,Asia,South Korea,2021-05-15,1900,4,3.7142857142857144,1900,1888.2857142857142
KOR,Asia,South Korea,2021-05-16,1903,3,4.0,1903,1892.2857142857142
KOR,Asia,South Korea,2021-05-17,1904,1,3.5714285714285716,1904,1895.857142857143
KOR,Asia,South Korea,2021-05-18,1912,8,4.0,1912,1899.857142857143
KOR,Asia,South Korea,2021-05-19,1916,4,3.5714285714285716,1916,1903.4285714285713
KOR,Asia,South Korea,2021-05-20,1922,6,4.142857142857143,1922,1907.5714285714287
KOR,Asia,South Korea,2021-05-21,1926,4,4.285714285714286,1926,1911.857142857143
KOR,Asia,South Korea,2021-05-22,1931,5,4.428571428571429,1931,1916.2857142857142
KOR,Asia,South Korea,2021-05-23,1934,3,4.428571428571429,1934,1920.7142857142858
KOR,Asia,South Korea,2021-05-24,1938,4,4.857142857142857,1938,1925.5714285714287
KOR,Asia,South Korea,2021-05-25,1940,2,4.0,1940,1929.5714285714287
KOR,Asia,South Korea,2021-05-26,1943,3,3.857142857142857,1943,1933.4285714285713
KOR,Asia,South Korea,2021-05-27,1946,3,3.4285714285714284,1946,1936.857142857143
KOR,Asia,South Korea,2021-05-28,1951,5,3.5714285714285716,1951,1940.4285714285713
KOR,Asia,South Korea,2021-05-29,1957,6,3.7142857142857144,1957,1944.142857142857
KOR,Asia,South Korea,2021-05-30,1959,2,3.5714285714285716,1959,1947.7142857142858
KOR,Asia,South Korea,2021-05-31,1963,4,3.5714285714285716,1963,1951.2857142857142
KOR,Asia,South Korea,2021-06-01,1965,2,3.5714285714285716,1965,1954.857142857143
KOR,Asia,South Korea,2021-06-02,1968,3,3.5714285714285716,1968,1958.4285714285713
KOR,Asia,South Korea,2021-06-03,1969,1,3.2857142857142856,1969,1961.7142857142858
KOR,Asia,South Korea,2021-06-04,1971,2,2.857142857142857,1971,1964.5714285714287
KOR,Asia,South Korea,2021-06-05,1973,2,2.2857142857142856,1973,1966.857142857143
KOR,Asia,South Korea,2021-06-06,1974,1,2.142857142857143,1974,1969.0
KOR,Asia,South Korea,2021-06-07,1975,1,1.7142857142857142,1975,1970.7142857142858
KOR,Asia,South Korea,2021-06-08,1977,2,1.7142857142857142,1977,1972.4285714285713
KOR,Asia,South Korea,2021-06-09,1979,2,1.5714285714285714,1979,1974.0
KOR,Asia,South Korea,2021-06-10,1981,2,1.7142857142857142,1981,1975.7142857142858
KOR,Asia,South Korea,2021-06-11,1982,1,1.5714285714285714,1982,1977.2857142857142
KOR,Asia,South Korea,2021-06-12,1985,3,1.7142857142857142,1985,1979.0
KOR,Asia,South Korea,2021-06-13,1988,3,2.0,1988,1981.0
KOR,Asia,South Korea,2021-06-14,1992,4,2.4285714285714284,1992,1983.4285714285713
KOR,Asia,South Korea,2021-06-15,1993,1,2.2857142857142856,1993,1985.7142857142858
KOR,Asia,South Korea,2021-06-16,1994,1,2.142857142857143,1994,1987.857142857143
KOR,Asia,South Korea,2021-06-17,1996,2,2.142857142857143,1996,1990.0
KOR,Asia,South Korea,2021-06-18,1997,1,2.142857142857143,1997,1992.142857142857
KOR,Asia,South Korea,2021-06-19,2002,5,2.4285714285714284,2002,1994.5714285714287
KOR,Asia,South Korea,2021-06-20,2004,2,2.2857142857142856,2004,1996.857142857143
KOR,Asia,South Korea,2021-06-21,2006,2,2.0,2006,1998.857142857143
KOR,Asia,South Korea,2021-06-22,2007,1,2.0,2007,2000.857142857143
KOR,Asia,South Korea,2021-06-23,2008,1,2.0,2008,2002.857142857143
KOR,Asia,South Korea,2021-06-24,2009,1,1.8571428571428572,2009,2004.7142857142858
KOR,Asia,South Korea,2021-06-25,2012,3,2.142857142857143,2012,2006.857142857143
KOR,Asia,South Korea,2021-06-26,2013,1,1.5714285714285714,2013,2008.4285714285713
KOR,Asia,South Korea,2021-06-27,2015,2,1.5714285714285714,2015,2010.0
KOR,Asia,South Korea,2021-06-28,2017,2,1.5714285714285714,2017,2011.5714285714287
KOR,Asia,South Korea,2021-06-29,2018,1,1.5714285714285714,2018,2013.142857142857
KOR,Asia,South Korea,2021-06-30,2021,3,1.8571428571428572,2021,2015.0
KOR,Asia,South Korea,2021-07-01,2024,3,2.142857142857143,2024,2017.142857142857
KOR,Asia,South Korea,2021-07-02,2025,1,1.8571428571428572,2025,2019.0
KOR,Asia,South Korea,2021-07-03,2026,1,1.8571428571428572,2026,2020.857142857143
KOR,Asia,South Korea,2021-07-04,2028,2,1.8571428571428572,2028,2022.7142857142858
KOR,Asia,South Korea,2021-07-05,2032,4,2.142857142857143,2032,2024.857142857143
KOR,Asia,South Korea,2021-07-06,2033,1,2.142857142857143,2033,2027.0
KOR,Asia,South Korea,2021-07-07,2034,1,1.8571428571428572,2034,2028.857142857143
KOR,Asia,South Korea,2021-07-08,2036,2,1.7142857142857142,2036,2030.5714285714287
KOR,Asia,South Korea,2021-07-09,2038,2,1.8571428571428572,2038,2032.4285714285713
KOR,Asia,South Korea,2021-07-10,2043,5,2.4285714285714284,2043,2034.857142857143
KOR,Asia,South Korea,2021-07-11,2044,1,2.2857142857142856,2044,2037.142857142857
KOR,Asia,South Korea,2021-07-12,2046,2,2.0,2046,2039.142857142857
KOR,Asia,South Korea,2021-07-13,2048,2,2.142857142857143,2048,2041.2857142857142
KOR,Asia,South Korea,2021-07-14,2050,2,2.2857142857142856,2050,2043.5714285714287
KOR,Asia,South Korea,2021-07-15,2051,1,2.142857142857143,2051,2045.7142857142858
KOR,Asia,South Korea,2021-07-16,2055,4,2.4285714285714284,2055,2048.1428571428573
KOR,Asia,South Korea,2021-07-17,2057,2,2.0,2057,2050.1428571428573
KOR,Asia,South Korea,2021-07-18,2058,1,2.0,2058,2052.1428571428573
KOR,Asia,South Korea,2021-07-19,2059,1,1.8571428571428572,2059,2054.0
KOR,Asia,South Korea,2021-07-20,2060,1,1.7142857142857142,2060,2055.714285714286
KOR,Asia,South Korea,2021-07-21,2063,3,1.8571428571428572,2063,2057.5714285714284
KOR,Asia,South Korea,2021-07-22,2066,3,2.142857142857143,2066,2059.714285714286
KOR,Asia,South Korea,2021-07-23,2068,2,1.8571428571428572,2068,2061.5714285714284
KOR,Asia,South Korea,2021-07-24,2073,5,2.2857142857142856,2073,2063.8571428571427
KOR,Asia,South Korea,2021-07-25,2077,4,2.7142857142857144,2077,2066.5714285714284
KOR,Asia,South Korea,2021-07-26,2079,2,2.857142857142857,2079,2069.4285714285716
KOR,Asia,South Korea,2021-07-27,2083,4,3.2857142857142856,2083,2072.714285714286
KOR,Asia,South Korea,2021-07-28,2085,2,3.142857142857143,2085,2075.8571428571427
KOR,Asia,South Korea,2021-07-29,2089,4,3.2857142857142856,2089,2079.1428571428573
KOR,Asia,South Korea,2021-07-30,2095,6,3.857142857142857,2095,2083.0
KOR,Asia,South Korea,2021-07-31,2098,3,3.5714285714285716,2098,2086.5714285714284
KOR,Asia,South Korea,2021-08-01,2099,1,3.142857142857143,2099,2089.714285714286
KOR,Asia,South Korea,2021-08-02,2104,5,3.5714285714285716,2104,2093.285714285714
KOR,Asia,South Korea,2021-08-03,2106,2,3.2857142857142856,2106,2096.5714285714284
KOR,Asia,South Korea,2021-08-04,2109,3,3.4285714285714284,2109,2100.0
