ISO_code,Continent,Country/Region,Date,Susceptibles Raw (S),Infected Raw (I),Recovered Raw (R),Deaths Raw (D),Total Population (N),Total Population Without Deahts (N Alive)
ESP,Europe,Spain,2020-01-28,47332614,0,0,0,47332614,47332614
ESP,Europe,Spain,2020-01-29,47332614,0,0,0,47332614,47332614
ESP,Europe,Spain,2020-01-30,47332614,0,0,0,47332614,47332614
ESP,Europe,Spain,2020-01-31,47332614,0,0,0,47332614,47332614
ESP,Europe,Spain,2020-02-01,47332613,1,0,0,47332614,47332614
ESP,Europe,Spain,2020-02-02,47332613,1,0,0,47332614,47332614
ESP,Europe,Spain,2020-02-03,47332613,1,0,0,47332614,47332614
ESP,Europe,Spain,2020-02-04,47332613,1,0,0,47332614,47332614
ESP,Europe,Spain,2020-02-05,47332613,1,0,0,47332614,47332614
ESP,Europe,Spain,2020-02-06,47332613,1,0,0,47332614,47332614
ESP,Europe,Spain,2020-02-07,47332613,1,0,0,47332614,47332614
ESP,Europe,Spain,2020-02-08,47332613,1,0,0,47332614,47332614
ESP,Europe,Spain,2020-02-09,47332612,2,0,0,47332614,47332614
ESP,Europe,Spain,2020-02-10,47332612,2,0,0,47332614,47332614
ESP,Europe,Spain,2020-02-11,47332612,2,0,0,47332614,47332614
ESP,Europe,Spain,2020-02-12,47332612,2,0,0,47332614,47332614
ESP,Europe,Spain,2020-02-13,47332612,2,0,0,47332614,47332614
ESP,Europe,Spain,2020-02-14,47332612,2,0,0,47332614,47332614
ESP,Europe,Spain,2020-02-15,47332612,1,1,0,47332614,47332614
ESP,Europe,Spain,2020-02-16,47332612,1,1,0,47332614,47332614
ESP,Europe,Spain,2020-02-17,47332612,1,1,0,47332614,47332614
ESP,Europe,Spain,2020-02-18,47332612,1,1,0,47332614,47332614
ESP,Europe,Spain,2020-02-19,47332612,1,1,0,47332614,47332614
ESP,Europe,Spain,2020-02-20,47332612,1,1,0,47332614,47332614
ESP,Europe,Spain,2020-02-21,47332612,1,1,0,47332614,47332614
ESP,Europe,Spain,2020-02-22,47332612,1,1,0,47332614,47332614
ESP,Europe,Spain,2020-02-23,47332612,0,2,0,47332614,47332614
ESP,Europe,Spain,2020-02-24,47332612,0,2,0,47332614,47332614
ESP,Europe,Spain,2020-02-25,47332608,4,2,0,47332614,47332614
ESP,Europe,Spain,2020-02-26,47332601,11,2,0,47332614,47332614
ESP,Europe,Spain,2020-02-27,47332599,13,2,0,47332614,47332614
ESP,Europe,Spain,2020-02-28,47332582,30,2,0,47332614,47332614
ESP,Europe,Spain,2020-02-29,47332569,43,2,0,47332614,47332614
ESP,Europe,Spain,2020-03-01,47332530,82,2,0,47332614,47332614
ESP,Europe,Spain,2020-03-02,47332494,118,2,0,47332614,47332614
ESP,Europe,Spain,2020-03-03,47332449,162,2,1,47332614,47332613
ESP,Europe,Spain,2020-03-04,47332392,218,2,2,47332614,47332612
ESP,Europe,Spain,2020-03-05,47332355,254,2,3,47332614,47332611
ESP,Europe,Spain,2020-03-06,47332214,393,2,5,47332614,47332609
ESP,Europe,Spain,2020-03-07,47332114,488,2,10,47332614,47332604
ESP,Europe,Spain,2020-03-08,47331941,654,2,17,47332614,47332597
ESP,Europe,Spain,2020-03-09,47331541,1043,2,28,47332614,47332586
ESP,Europe,Spain,2020-03-10,47330919,1654,6,35,47332614,47332579
ESP,Europe,Spain,2020-03-11,47330337,2210,13,54,47332614,47332560
ESP,Europe,Spain,2020-03-12,47330337,2207,15,55,47332614,47332559
ESP,Europe,Spain,2020-03-13,47327382,5067,32,133,47332614,47332481
ESP,Europe,Spain,2020-03-14,47326223,6151,45,195,47332614,47332419
ESP,Europe,Spain,2020-03-15,47324816,7425,84,289,47332614,47332325
ESP,Europe,Spain,2020-03-16,47322672,9480,120,342,47332614,47332272
ESP,Europe,Spain,2020-03-17,47320866,11051,164,533,47332614,47332081
ESP,Europe,Spain,2020-03-18,47318704,13067,220,623,47332614,47331991
ESP,Europe,Spain,2020-03-19,47314651,16877,256,830,47332614,47331784
ESP,Europe,Spain,2020-03-20,47312204,18972,395,1043,47332614,47331571
ESP,Europe,Spain,2020-03-21,47307240,23509,490,1375,47332614,47331239
ESP,Europe,Spain,2020-03-22,47303846,26340,656,1772,47332614,47330842
ESP,Europe,Spain,2020-03-23,47297478,31780,1045,2311,47332614,47330303
ESP,Europe,Spain,2020-03-24,47292729,35417,1660,2808,47332614,47329806
ESP,Europe,Spain,2020-03-25,47283099,43645,2223,3647,47332614,47328967
ESP,Europe,Spain,2020-03-26,47274828,51199,2222,4365,47332614,47328249
ESP,Europe,Spain,2020-03-27,47266895,55482,5099,5138,47332614,47327476
ESP,Europe,Spain,2020-03-28,47259379,61057,6196,5982,47332614,47326632
ESP,Europe,Spain,2020-03-29,47252504,65798,7509,6803,47332614,47325811
ESP,Europe,Spain,2020-03-30,47244658,70640,9600,7716,47332614,47324898
ESP,Europe,Spain,2020-03-31,47236691,76244,11215,8464,47332614,47324150
ESP,Europe,Spain,2020-04-01,47228496,81444,13287,9387,47332614,47323227
ESP,Europe,Spain,2020-04-02,47220549,84584,17133,10348,47332614,47322266
ESP,Europe,Spain,2020-04-03,47213415,88634,19367,11198,47332614,47321416
ESP,Europe,Spain,2020-04-04,47206446,90222,23999,11947,47332614,47320667
ESP,Europe,Spain,2020-04-05,47200968,92009,26996,12641,47332614,47319973
ESP,Europe,Spain,2020-04-06,47195939,90509,32825,13341,47332614,47319273
ESP,Europe,Spain,2020-04-07,47190672,90820,37077,14045,47332614,47318569
ESP,Europe,Spain,2020-04-08,47184394,87560,45868,14792,47332614,47317822
ESP,Europe,Spain,2020-04-09,47179392,84354,53421,15447,47332614,47317167
ESP,Europe,Spain,2020-04-10,47174341,81611,60581,16081,47332614,47316533
ESP,Europe,Spain,2020-04-11,47169587,79168,67253,16606,47332614,47316008
ESP,Europe,Spain,2020-04-12,47165783,76315,73307,17209,47332614,47315405
ESP,Europe,Spain,2020-04-13,47162515,72103,80240,17756,47332614,47314858
ESP,Europe,Spain,2020-04-14,47160073,67026,87459,18056,47332614,47314558
ESP,Europe,Spain,2020-04-15,47154970,64205,94731,18708,47332614,47313906
ESP,Europe,Spain,2020-04-16,47147666,63916,101717,19315,47332614,47313299
ESP,Europe,Spain,2020-04-17,47141775,62836,108001,20002,47332614,47312612
ESP,Europe,Spain,2020-04-18,47140888,57462,114221,20043,47332614,47312571
ESP,Europe,Spain,2020-04-19,47133940,59216,119005,20453,47332614,47312161
ESP,Europe,Spain,2020-04-20,47132404,56024,123334,20852,47332614,47311762
ESP,Europe,Spain,2020-04-21,47128436,54999,127897,21282,47332614,47311332
ESP,Europe,Spain,2020-04-22,47124225,53244,133428,21717,47332614,47310897
ESP,Europe,Spain,2020-04-23,47119590,53092,137775,22157,47332614,47310457
ESP,Europe,Spain,2020-04-24,47119590,48308,142192,22524,47332614,47310090
ESP,Europe,Spain,2020-04-25,47116675,46616,146421,22902,47332614,47309712
ESP,Europe,Spain,2020-04-26,47114946,44856,149622,23190,47332614,47309424
ESP,Europe,Spain,2020-04-27,47113115,43635,152343,23521,47332614,47309093
ESP,Europe,Spain,2020-04-28,47111807,42500,154485,23822,47332614,47308792
ESP,Europe,Spain,2020-04-29,47109663,39740,158936,24275,47332614,47308339
ESP,Europe,Spain,2020-04-30,47109145,33293,165633,24543,47332614,47308071
ESP,Europe,Spain,2020-05-01,47107364,29870,170837,24543,47332614,47308071
ESP,Europe,Spain,2020-05-02,47105998,29833,171683,25100,47332614,47307514
ESP,Europe,Spain,2020-05-03,47105114,24015,178221,25264,47332614,47307350
ESP,Europe,Spain,2020-05-04,47104569,23259,179358,25428,47332614,47307186
ESP,Europe,Spain,2020-05-05,47103251,20854,182896,25613,47332614,47307001
ESP,Europe,Spain,2020-05-06,47102255,17830,186672,25857,47332614,47306757
ESP,Europe,Spain,2020-05-07,47101133,14544,190867,26070,47332614,47306544
ESP,Europe,Spain,2020-05-08,47099723,16092,190500,26299,47332614,47306315
ESP,Europe,Spain,2020-05-09,47099002,14097,193037,26478,47332614,47306136
ESP,Europe,Spain,2020-05-10,47098230,13285,194478,26621,47332614,47305993
ESP,Europe,Spain,2020-05-11,47095144,14748,195978,26744,47332614,47305870
ESP,Europe,Spain,2020-05-12,47094550,14159,196985,26920,47332614,47305694
ESP,Europe,Spain,2020-05-13,47093889,12945,198676,27104,47332614,47305510
ESP,Europe,Spain,2020-05-14,47093040,13327,198926,27321,47332614,47305293
ESP,Europe,Spain,2020-05-15,47092397,12051,200707,27459,47332614,47305155
ESP,Europe,Spain,2020-05-16,47091882,11653,201516,27563,47332614,47305051
ESP,Europe,Spain,2020-05-17,47091882,10933,202236,27563,47332614,47305051
ESP,Europe,Spain,2020-05-18,47090974,11314,202617,27709,47332614,47304905
ESP,Europe,Spain,2020-05-19,47090543,10543,203750,27778,47332614,47304836
ESP,Europe,Spain,2020-05-20,47090025,10199,204502,27888,47332614,47304726
ESP,Europe,Spain,2020-05-21,47089543,9720,205411,27940,47332614,47304674
ESP,Europe,Spain,2020-05-22,47087756,9638,206592,28628,47332614,47303986
ESP,Europe,Spain,2020-05-23,47087290,9512,207134,28678,47332614,47303936
ESP,Europe,Spain,2020-05-24,47086808,9291,207763,28752,47332614,47303862
ESP,Europe,Spain,2020-05-25,47086808,6328,210726,28752,47332614,47303862
ESP,Europe,Spain,2020-05-26,47085949,6486,211144,29035,47332614,47303579
ESP,Europe,Spain,2020-05-27,47085949,6009,211621,29035,47332614,47303579
ESP,Europe,Spain,2020-05-28,47084302,7022,212253,29037,47332614,47303577
ESP,Europe,Spain,2020-05-29,47083644,7173,212758,29039,47332614,47303575
ESP,Europe,Spain,2020-05-30,47082980,7422,213169,29043,47332614,47303571
ESP,Europe,Spain,2020-05-31,47082729,7671,213169,29045,47332614,47303569
ESP,Europe,Spain,2020-06-01,47082570,7068,213931,29045,47332614,47303569
ESP,Europe,Spain,2020-06-02,47082276,7000,214293,29045,47332614,47303569
ESP,Europe,Spain,2020-06-03,47081882,6985,214701,29046,47332614,47303568
ESP,Europe,Spain,2020-06-04,47081548,6884,215131,29051,47332614,47303563
ESP,Europe,Spain,2020-06-05,47081230,6102,216230,29052,47332614,47303562
ESP,Europe,Spain,2020-06-06,47080898,6017,216646,29053,47332614,47303561
ESP,Europe,Spain,2020-06-07,47080658,5848,217054,29054,47332614,47303560
ESP,Europe,Spain,2020-06-08,47080491,6015,217054,29054,47332614,47303560
ESP,Europe,Spain,2020-06-09,47080242,5688,217630,29054,47332614,47303560
ESP,Europe,Spain,2020-06-10,47079928,6002,217630,29054,47332614,47303560
ESP,Europe,Spain,2020-06-11,47079501,4784,219275,29054,47332614,47303560
ESP,Europe,Spain,2020-06-12,47078999,4630,219931,29054,47332614,47303560
ESP,Europe,Spain,2020-06-13,47078603,4366,220591,29054,47332614,47303560
ESP,Europe,Spain,2020-06-14,47078280,4440,220840,29054,47332614,47303560
ESP,Europe,Spain,2020-06-15,47078099,4462,220999,29054,47332614,47303560
ESP,Europe,Spain,2020-06-16,47077880,4387,221293,29054,47332614,47303560
ESP,Europe,Spain,2020-06-17,47077525,4349,221686,29054,47332614,47303560
ESP,Europe,Spain,2020-06-18,47076940,4605,222015,29054,47332614,47303560
ESP,Europe,Spain,2020-06-19,47076633,3416,222332,30233,47332614,47302381
ESP,Europe,Spain,2020-06-20,47076270,3441,222663,30240,47332614,47302374
ESP,Europe,Spain,2020-06-21,47075936,3535,222902,30241,47332614,47302373
ESP,Europe,Spain,2020-06-22,47075704,3599,223069,30242,47332614,47302372
ESP,Europe,Spain,2020-06-23,47075456,3597,223318,30243,47332614,47302371
ESP,Europe,Spain,2020-06-24,47075122,3615,223632,30245,47332614,47302369
ESP,Europe,Spain,2020-06-25,47074722,3585,224059,30248,47332614,47302366
ESP,Europe,Spain,2020-06-26,47074303,3494,224561,30256,47332614,47302358
ESP,Europe,Spain,2020-06-27,47073739,3659,224957,30259,47332614,47302355
ESP,Europe,Spain,2020-06-28,47073438,3635,225280,30261,47332614,47302353
ESP,Europe,Spain,2020-06-29,47073238,3651,225461,30264,47332614,47302350
ESP,Europe,Spain,2020-06-30,47072937,3724,225680,30273,47332614,47302341
ESP,Europe,Spain,2020-07-01,47072549,3748,226035,30282,47332614,47302332
ESP,Europe,Spain,2020-07-02,47072105,3603,226620,30286,47332614,47302328
ESP,Europe,Spain,2020-07-03,47071663,4900,225748,30303,47332614,47302311
ESP,Europe,Spain,2020-07-04,47071663,4544,226104,30303,47332614,47302311
ESP,Europe,Spain,2020-07-05,47071663,4211,226437,30303,47332614,47302311
ESP,Europe,Spain,2020-07-06,47070419,5221,226668,30306,47332614,47302308
ESP,Europe,Spain,2020-07-07,47070078,5311,226915,30310,47332614,47302304
ESP,Europe,Spain,2020-07-08,47069695,5358,227247,30314,47332614,47302300
ESP,Europe,Spain,2020-07-09,47069152,5499,227644,30319,47332614,47302295
ESP,Europe,Spain,2020-07-10,47068300,5938,228055,30321,47332614,47302293
ESP,Europe,Spain,2020-07-11,47068300,5377,228616,30321,47332614,47302293
ESP,Europe,Spain,2020-07-12,47068300,5078,228915,30321,47332614,47302293
ESP,Europe,Spain,2020-07-13,47066255,6923,229112,30324,47332614,47302290
ESP,Europe,Spain,2020-07-14,47065589,7294,229404,30327,47332614,47302287
ESP,Europe,Spain,2020-07-15,47064714,7786,229783,30331,47332614,47302283
ESP,Europe,Spain,2020-07-16,47063353,8704,230223,30334,47332614,47302280
ESP,Europe,Spain,2020-07-17,47061953,9675,230648,30338,47332614,47302276
ESP,Europe,Spain,2020-07-18,47061953,9675,230648,30338,47332614,47302276
ESP,Europe,Spain,2020-07-19,47061953,9675,230648,30338,47332614,47302276
ESP,Europe,Spain,2020-07-20,47057372,13013,231889,30340,47332614,47302274
ESP,Europe,Spain,2020-07-21,47056014,14032,232226,30342,47332614,47302272
ESP,Europe,Spain,2020-07-22,47054657,15008,232605,30344,47332614,47302270
ESP,Europe,Spain,2020-07-23,47052042,17082,233143,30347,47332614,47302267
ESP,Europe,Spain,2020-07-24,47049787,18484,233993,30350,47332614,47302264
ESP,Europe,Spain,2020-07-25,47049787,18484,233993,30350,47332614,47302264
ESP,Europe,Spain,2020-07-26,47049787,18484,233993,30350,47332614,47302264
ESP,Europe,Spain,2020-07-27,47043426,22801,236035,30352,47332614,47302262
ESP,Europe,Spain,2020-07-28,47041598,23964,236698,30354,47332614,47302260
ESP,Europe,Spain,2020-07-29,47039567,25119,237569,30359,47332614,47302255
ESP,Europe,Spain,2020-07-30,47036778,26548,238927,30361,47332614,47302253
ESP,Europe,Spain,2020-07-31,47033686,28242,240323,30363,47332614,47302251
ESP,Europe,Spain,2020-08-01,47033686,28242,240323,30363,47332614,47302251
ESP,Europe,Spain,2020-08-02,47033686,28242,240323,30363,47332614,47302251
ESP,Europe,Spain,2020-08-03,47025154,32168,244902,30390,47332614,47302224
ESP,Europe,Spain,2020-08-04,47019394,36546,246258,30416,47332614,47302198
ESP,Europe,Spain,2020-08-05,47016441,38143,247613,30417,47332614,47302197
ESP,Europe,Spain,2020-08-06,47012353,39618,250225,30418,47332614,47302196
ESP,Europe,Spain,2020-08-07,47007846,41870,252477,30421,47332614,47302193
ESP,Europe,Spain,2020-08-08,47007846,41870,252477,30421,47332614,47302193
ESP,Europe,Spain,2020-08-09,47007846,41870,252477,30421,47332614,47302193
ESP,Europe,Spain,2020-08-10,46999228,44056,258836,30494,47332614,47302120
ESP,Europe,Spain,2020-08-11,46995596,45857,260662,30499,47332614,47302115
ESP,Europe,Spain,2020-08-12,46992424,47003,262688,30499,47332614,47302115
ESP,Europe,Spain,2020-08-13,46984874,51740,265475,30525,47332614,47302089
ESP,Europe,Spain,2020-08-14,46979395,54117,268565,30537,47332614,47302077
ESP,Europe,Spain,2020-08-15,46979395,54117,268565,30537,47332614,47302077
ESP,Europe,Spain,2020-08-16,46979395,54117,268565,30537,47332614,47302077
ESP,Europe,Spain,2020-08-17,46963126,61852,277070,30566,47332614,47302048
ESP,Europe,Spain,2020-08-18,46958012,61208,282804,30590,47332614,47302024
ESP,Europe,Spain,2020-08-19,46951341,64800,285756,30717,47332614,47301897
ESP,Europe,Spain,2020-08-20,46944302,67736,289843,30733,47332614,47301881
ESP,Europe,Spain,2020-08-21,46936154,71355,294347,30758,47332614,47301856
ESP,Europe,Spain,2020-08-22,46936154,71355,294347,30758,47332614,47301856
ESP,Europe,Spain,2020-08-23,46936154,71355,294347,30758,47332614,47301856
ESP,Europe,Spain,2020-08-24,46916772,82158,302892,30792,47332614,47301822
ESP,Europe,Spain,2020-08-25,46909655,85596,306519,30844,47332614,47301770
ESP,Europe,Spain,2020-08-26,46902359,89673,309691,30891,47332614,47301723
ESP,Europe,Spain,2020-08-27,46892701,91782,317215,30916,47332614,47301698
ESP,Europe,Spain,2020-08-28,46882922,96079,322682,30931,47332614,47301683
ESP,Europe,Spain,2020-08-29,46882922,96079,322682,30931,47332614,47301683
ESP,Europe,Spain,2020-08-30,46882922,96079,322682,30931,47332614,47301683
ESP,Europe,Spain,2020-08-31,46859350,103328,338922,31014,47332614,47301600
ESP,Europe,Spain,2020-09-01,46851235,106295,344012,31072,47332614,47301542
ESP,Europe,Spain,2020-09-02,46842654,108290,350556,31114,47332614,47301500
ESP,Europe,Spain,2020-09-03,46833695,110186,357579,31154,47332614,47301460
ESP,Europe,Spain,2020-09-04,46823219,112355,365702,31338,47332614,47301276
ESP,Europe,Spain,2020-09-05,46823219,112355,365702,31338,47332614,47301276
ESP,Europe,Spain,2020-09-06,46823219,112355,365702,31338,47332614,47301276
ESP,Europe,Spain,2020-09-07,46796659,119469,385050,31436,47332614,47301178
ESP,Europe,Spain,2020-09-08,46787695,121290,392115,31514,47332614,47301100
ESP,Europe,Spain,2020-09-09,46778829,122873,399364,31548,47332614,47301066
ESP,Europe,Spain,2020-09-10,46768065,123933,408997,31619,47332614,47300995
ESP,Europe,Spain,2020-09-11,46755882,126304,418761,31667,47332614,47300947
ESP,Europe,Spain,2020-09-12,46755882,126304,418761,31667,47332614,47300947
ESP,Europe,Spain,2020-09-13,46755882,126304,418761,31667,47332614,47300947
ESP,Europe,Spain,2020-09-14,46728478,130118,442250,31768,47332614,47300846
ESP,Europe,Spain,2020-09-15,46719041,131342,450307,31924,47332614,47300690
ESP,Europe,Spain,2020-09-16,46707848,133757,458846,32163,47332614,47300451
ESP,Europe,Spain,2020-09-17,46696557,135967,467765,32325,47332614,47300289
ESP,Europe,Spain,2020-09-18,46682168,139974,478057,32415,47332614,47300199
ESP,Europe,Spain,2020-09-19,46682168,139974,478057,32415,47332614,47300199
ESP,Europe,Spain,2020-09-20,46682168,139974,478057,32415,47332614,47300199
ESP,Europe,Spain,2020-09-21,46650740,144772,504519,32583,47332614,47300031
ESP,Europe,Spain,2020-09-22,46639941,146444,513405,32824,47332614,47299790
ESP,Europe,Spain,2020-09-23,46628652,148771,522237,32954,47332614,47299660
ESP,Europe,Spain,2020-09-24,46617999,148647,532930,33038,47332614,47299576
ESP,Europe,Spain,2020-09-25,46605727,148670,545065,33152,47332614,47299462
ESP,Europe,Spain,2020-09-26,46605727,148670,545065,33152,47332614,47299462
ESP,Europe,Spain,2020-09-27,46605727,148670,545065,33152,47332614,47299462
ESP,Europe,Spain,2020-09-28,46573942,152973,572368,33331,47332614,47299283
ESP,Europe,Spain,2020-09-29,46573942,143692,581649,33331,47332614,47299283
ESP,Europe,Spain,2020-09-30,46553020,153280,592603,33711,47332614,47298903
ESP,Europe,Spain,2020-10-01,46543601,151388,603732,33893,47332614,47298721
ESP,Europe,Spain,2020-10-02,46532276,148301,618031,34006,47332614,47298608
ESP,Europe,Spain,2020-10-03,46532276,148301,618031,34006,47332614,47298608
ESP,Europe,Spain,2020-10-04,46532276,148301,618031,34006,47332614,47298608
ESP,Europe,Spain,2020-10-05,46508796,140382,649291,34145,47332614,47298469
ESP,Europe,Spain,2020-10-06,46496798,141561,659849,34406,47332614,47298208
ESP,Europe,Spain,2020-10-07,46486307,140817,671008,34482,47332614,47298132
ESP,Europe,Spain,2020-10-08,46473884,142545,681577,34608,47332614,47298006
ESP,Europe,Spain,2020-10-09,46461096,142934,693735,34849,47332614,47297765
ESP,Europe,Spain,2020-10-10,46461096,142934,693735,34849,47332614,47297765
ESP,Europe,Spain,2020-10-11,46461096,142934,693735,34849,47332614,47297765
ESP,Europe,Spain,2020-10-12,46433240,138989,725341,35044,47332614,47297570
ESP,Europe,Spain,2020-10-13,46426122,146027,725341,35124,47332614,47297490
ESP,Europe,Spain,2020-10-14,46414152,137246,745883,35333,47332614,47297281
ESP,Europe,Spain,2020-10-15,46400834,141187,755120,35473,47332614,47297141
ESP,Europe,Spain,2020-10-16,46385648,144939,766332,35695,47332614,47296919
ESP,Europe,Spain,2020-10-17,46385648,144939,766332,35695,47332614,47296919
ESP,Europe,Spain,2020-10-18,46385648,144939,766332,35695,47332614,47296919
ESP,Europe,Spain,2020-10-19,46347759,159270,789673,35912,47332614,47296702
ESP,Europe,Spain,2020-10-20,46333886,161188,801410,36130,47332614,47296484
ESP,Europe,Spain,2020-10-21,46316913,167590,811825,36286,47332614,47296328
ESP,Europe,Spain,2020-10-22,46295927,176124,824122,36441,47332614,47296173
ESP,Europe,Spain,2020-10-23,46276076,183197,836669,36672,47332614,47295942
ESP,Europe,Spain,2020-10-24,46276076,183197,836669,36672,47332614,47295942
ESP,Europe,Spain,2020-10-25,46276076,183197,836669,36672,47332614,47295942
ESP,Europe,Spain,2020-10-26,46223888,207445,864330,36951,47332614,47295663
ESP,Europe,Spain,2020-10-27,46205470,218558,871368,37218,47332614,47295396
ESP,Europe,Spain,2020-10-28,46185705,226394,883129,37386,47332614,47295228
ESP,Europe,Spain,2020-10-29,46162125,236623,896307,37559,47332614,47295055
ESP,Europe,Spain,2020-10-30,46136530,247015,911271,37798,47332614,47294816
ESP,Europe,Spain,2020-10-31,46136530,247015,911271,37798,47332614,47294816
ESP,Europe,Spain,2020-11-01,46136530,247015,911271,37798,47332614,47294816
ESP,Europe,Spain,2020-11-02,46081511,263983,948943,38177,47332614,47294437
ESP,Europe,Spain,2020-11-03,46062842,268759,962598,38415,47332614,47294199
ESP,Europe,Spain,2020-11-04,46037800,275361,979415,40038,47332614,47292576
ESP,Europe,Spain,2020-11-05,46015892,276070,1000246,40406,47332614,47292208
ESP,Europe,Spain,2020-11-06,45993376,278619,1019866,40753,47332614,47291861
ESP,Europe,Spain,2020-11-07,45993376,278619,1019866,40753,47332614,47291861
ESP,Europe,Spain,2020-11-08,45993376,278619,1019866,40753,47332614,47291861
ESP,Europe,Spain,2020-11-09,45940990,278584,1071775,41265,47332614,47291349
ESP,Europe,Spain,2020-11-10,45940990,260433,1089926,41265,47332614,47291349
ESP,Europe,Spain,2020-11-11,45904499,276567,1109523,42025,47332614,47290589
ESP,Europe,Spain,2020-11-12,45884988,272315,1132930,42381,47332614,47290233
ESP,Europe,Spain,2020-11-13,45863617,268022,1158286,42689,47332614,47289925
ESP,Europe,Spain,2020-11-14,45863617,268022,1158286,42689,47332614,47289925
ESP,Europe,Spain,2020-11-15,45863617,268022,1158286,42689,47332614,47289925
ESP,Europe,Spain,2020-11-16,45825344,251171,1212926,43173,47332614,47289441
ESP,Europe,Spain,2020-11-17,45812185,245464,1231357,43608,47332614,47289006
ESP,Europe,Spain,2020-11-18,45796867,237012,1254776,43959,47332614,47288655
ESP,Europe,Spain,2020-11-19,45780634,231453,1276316,44211,47332614,47288403
ESP,Europe,Spain,2020-11-20,45765478,224112,1298485,44539,47332614,47288075
ESP,Europe,Spain,2020-11-21,45765478,224112,1298485,44539,47332614,47288075
ESP,Europe,Spain,2020-11-22,45765478,224112,1298485,44539,47332614,47288075
ESP,Europe,Spain,2020-11-23,45739592,197612,1350359,45051,47332614,47287563
ESP,Europe,Spain,2020-11-24,45727364,209303,1350359,45588,47332614,47287026
ESP,Europe,Spain,2020-11-25,45717142,183425,1386090,45957,47332614,47286657
ESP,Europe,Spain,2020-11-26,45704853,176222,1405245,46294,47332614,47286320
ESP,Europe,Spain,2020-11-27,45694000,165718,1426308,46588,47332614,47286026
ESP,Europe,Spain,2020-11-28,45694000,165718,1426308,46588,47332614,47286026
ESP,Europe,Spain,2020-11-29,45694000,165718,1426308,46588,47332614,47286026
ESP,Europe,Spain,2020-11-30,45674021,147507,1464097,46989,47332614,47285625
ESP,Europe,Spain,2020-12-01,45665764,142598,1476821,47431,47332614,47285183
ESP,Europe,Spain,2020-12-02,45656433,136689,1491788,47704,47332614,47284910
ESP,Europe,Spain,2020-12-03,45646306,130581,1507769,47958,47332614,47284656
ESP,Europe,Spain,2020-12-04,45637561,124284,1522597,48172,47332614,47284442
ESP,Europe,Spain,2020-12-05,45637561,124284,1522597,48172,47332614,47284442
ESP,Europe,Spain,2020-12-06,45637561,124284,1522597,48172,47332614,47284442
ESP,Europe,Spain,2020-12-07,45619880,116197,1547971,48566,47332614,47284048
ESP,Europe,Spain,2020-12-08,45619880,104506,1559662,48566,47332614,47284048
ESP,Europe,Spain,2020-12-09,45610107,104053,1569515,48939,47332614,47283675
ESP,Europe,Spain,2020-12-10,45602152,99731,1581467,49264,47332614,47283350
ESP,Europe,Spain,2020-12-11,45591633,99411,1592026,49544,47332614,47283070
ESP,Europe,Spain,2020-12-12,45591633,99411,1592026,49544,47332614,47283070
ESP,Europe,Spain,2020-12-13,45591633,99411,1592026,49544,47332614,47283070
ESP,Europe,Spain,2020-12-14,45570324,100753,1611604,49933,47332614,47282681
ESP,Europe,Spain,2020-12-15,45559996,102878,1619419,50321,47332614,47282293
ESP,Europe,Spain,2020-12-16,45548918,104703,1628477,50516,47332614,47282098
ESP,Europe,Spain,2020-12-17,45536787,106780,1638350,50697,47332614,47281917
ESP,Europe,Spain,2020-12-18,45524972,109915,1646881,50846,47332614,47281768
ESP,Europe,Spain,2020-12-19,45524972,109915,1646881,50846,47332614,47281768
ESP,Europe,Spain,2020-12-20,45524972,109915,1646881,50846,47332614,47281768
ESP,Europe,Spain,2020-12-21,45502959,114307,1664168,51180,47332614,47281434
ESP,Europe,Spain,2020-12-22,45492305,124701,1664168,51440,47332614,47281174
ESP,Europe,Spain,2020-12-23,45479919,127509,1673568,51618,47332614,47280996
ESP,Europe,Spain,2020-12-24,45467257,132415,1681198,51744,47332614,47280870
ESP,Europe,Spain,2020-12-25,45467257,122176,1691437,51744,47332614,47280870
ESP,Europe,Spain,2020-12-26,45467257,122176,1691437,51744,47332614,47280870
ESP,Europe,Spain,2020-12-27,45467257,122176,1691437,51744,47332614,47280870
ESP,Europe,Spain,2020-12-28,45442795,125420,1712357,52042,47332614,47280572
ESP,Europe,Spain,2020-12-29,45428706,129249,1722297,52362,47332614,47280252
ESP,Europe,Spain,2020-12-30,45411990,134835,1733180,52609,47332614,47280005
ESP,Europe,Spain,2020-12-31,45393943,140784,1745130,52757,47332614,47279857
ESP,Europe,Spain,2021-01-01,45393943,129118,1756796,52757,47332614,47279857
ESP,Europe,Spain,2021-01-02,45393943,129118,1756796,52757,47332614,47279857
ESP,Europe,Spain,2021-01-03,45393943,129118,1756796,52757,47332614,47279857
ESP,Europe,Spain,2021-01-04,45363364,137777,1778475,52998,47332614,47279616
ESP,Europe,Spain,2021-01-05,45339664,150731,1788869,53350,47332614,47279264
ESP,Europe,Spain,2021-01-06,45339664,138523,1801077,53350,47332614,47279264
ESP,Europe,Spain,2021-01-07,45297304,168102,1813613,53595,47332614,47279019
ESP,Europe,Spain,2021-01-08,45271848,193359,1813613,53794,47332614,47278820
ESP,Europe,Spain,2021-01-09,45271848,193359,1813613,53794,47332614,47278820
ESP,Europe,Spain,2021-01-10,45271848,193359,1813613,53794,47332614,47278820
ESP,Europe,Spain,2021-01-11,45210426,230216,1837777,54195,47332614,47278419
ESP,Europe,Spain,2021-01-12,45184988,241477,1851546,54603,47332614,47278011
ESP,Europe,Spain,2021-01-13,45146119,263682,1868015,54798,47332614,47277816
ESP,Europe,Spain,2021-01-14,45110241,281460,1885914,54999,47332614,47277615
ESP,Europe,Spain,2021-01-15,45070044,321422,1885914,55234,47332614,47277380
ESP,Europe,Spain,2021-01-16,45070044,321422,1885914,55234,47332614,47277380
ESP,Europe,Spain,2021-01-17,45070044,321422,1885914,55234,47332614,47277380
ESP,Europe,Spain,2021-01-18,44985757,374916,1916252,55689,47332614,47276925
ESP,Europe,Spain,2021-01-19,44951466,385455,1939600,56093,47332614,47276521
ESP,Europe,Spain,2021-01-20,44909890,426567,1939600,56557,47332614,47276057
ESP,Europe,Spain,2021-01-21,44865533,428405,1981715,56961,47332614,47275653
ESP,Europe,Spain,2021-01-22,44822648,445633,2006972,57361,47332614,47275253
ESP,Europe,Spain,2021-01-23,44822648,445633,2006972,57361,47332614,47275253
ESP,Europe,Spain,2021-01-24,44822648,445633,2006972,57361,47332614,47275253
ESP,Europe,Spain,2021-01-25,44728826,477667,2067993,58128,47332614,47274486
ESP,Europe,Spain,2021-01-26,44692391,488486,2093023,58714,47332614,47273900
ESP,Europe,Spain,2021-01-27,44652106,489600,2131697,59211,47332614,47273403
ESP,Europe,Spain,2021-01-28,44617207,488307,2167374,59726,47332614,47272888
ESP,Europe,Spain,2021-01-29,44579089,485950,2207336,60239,47332614,47272375
ESP,Europe,Spain,2021-01-30,44579089,485950,2207336,60239,47332614,47272375
ESP,Europe,Spain,2021-01-31,44579089,485950,2207336,60239,47332614,47272375
ESP,Europe,Spain,2021-02-01,44499403,481042,2291168,61001,47332614,47271613
ESP,Europe,Spain,2021-02-02,44470339,475495,2325055,61725,47332614,47270889
ESP,Europe,Spain,2021-02-03,44438743,465414,2366167,62290,47332614,47270324
ESP,Europe,Spain,2021-02-04,44408783,450989,2410120,62722,47332614,47269892
ESP,Europe,Spain,2021-02-05,44380218,436485,2452605,63306,47332614,47269308
ESP,Europe,Spain,2021-02-06,44380218,436485,2452605,63306,47332614,47269308
ESP,Europe,Spain,2021-02-07,44380218,436485,2452605,63306,47332614,47269308
ESP,Europe,Spain,2021-02-08,44333123,389616,2545660,64215,47332614,47268399
ESP,Europe,Spain,2021-02-09,44316721,369403,2581509,64981,47332614,47267633
ESP,Europe,Spain,2021-02-10,44298607,347086,2621297,65624,47332614,47266990
ESP,Europe,Spain,2021-02-11,44280754,330042,2655681,66137,47332614,47266477
ESP,Europe,Spain,2021-02-12,44266173,306488,2693286,66667,47332614,47265947
ESP,Europe,Spain,2021-02-13,44266173,306488,2693286,66667,47332614,47265947
ESP,Europe,Spain,2021-02-14,44266173,306488,2693286,66667,47332614,47265947
ESP,Europe,Spain,2021-02-15,44235922,257113,2772210,67369,47332614,47265245
ESP,Europe,Spain,2021-02-16,44225865,238300,2800550,67899,47332614,47264715
ESP,Europe,Spain,2021-02-17,44215036,217761,2831581,68236,47332614,47264378
ESP,Europe,Spain,2021-02-18,44200521,202360,2861109,68624,47332614,47263990
ESP,Europe,Spain,2021-02-19,44189086,185417,2889090,69021,47332614,47263593
ESP,Europe,Spain,2021-02-20,44189086,185417,2889090,69021,47332614,47263593
ESP,Europe,Spain,2021-02-21,44189086,185417,2889090,69021,47332614,47263593
ESP,Europe,Spain,2021-02-22,44168237,159545,2935276,69556,47332614,47263058
ESP,Europe,Spain,2021-02-23,44160776,150927,2950912,69999,47332614,47262615
ESP,Europe,Spain,2021-02-24,44151564,142279,2968383,70388,47332614,47262226
ESP,Europe,Spain,2021-02-25,44141996,134162,2985723,70733,47332614,47261881
ESP,Europe,Spain,2021-02-26,44133655,128123,2999774,71062,47332614,47261552
ESP,Europe,Spain,2021-02-27,44133655,128123,2999774,71062,47332614,47261552
ESP,Europe,Spain,2021-02-28,44133655,128123,2999774,71062,47332614,47261552
ESP,Europe,Spain,2021-03-01,44117677,114085,3029323,71529,47332614,47261085
ESP,Europe,Spain,2021-03-02,44117677,104366,3038850,71721,47332614,47260893
ESP,Europe,Spain,2021-03-03,44111540,99565,3049342,72167,47332614,47260447
ESP,Europe,Spain,2021-03-04,44105503,91221,3063469,72421,47332614,47260193
ESP,Europe,Spain,2021-03-05,44098849,86200,3074507,73058,47332614,47259556
ESP,Europe,Spain,2021-03-06,44098849,86200,3074507,73058,47332614,47259556
ESP,Europe,Spain,2021-03-07,44098849,86200,3074507,73058,47332614,47259556
ESP,Europe,Spain,2021-03-08,44086891,77546,3094821,73356,47332614,47259258
ESP,Europe,Spain,2021-03-09,44082879,74249,3101839,73647,47332614,47258967
ESP,Europe,Spain,2021-03-10,44075760,72311,3110662,73881,47332614,47258733
ESP,Europe,Spain,2021-03-11,44069505,69219,3119885,74005,47332614,47258609
ESP,Europe,Spain,2021-03-12,44064157,66382,3127897,74178,47332614,47258436
ESP,Europe,Spain,2021-03-13,44064157,66382,3127897,74178,47332614,47258436
ESP,Europe,Spain,2021-03-14,44064157,66382,3127897,74178,47332614,47258436
ESP,Europe,Spain,2021-03-15,44052799,62063,3143408,74344,47332614,47258270
ESP,Europe,Spain,2021-03-16,44047837,67076,3143216,74485,47332614,47258129
ESP,Europe,Spain,2021-03-17,44041745,67249,3148907,74713,47332614,47257901
ESP,Europe,Spain,2021-03-18,44035529,67565,3154690,74830,47332614,47257784
ESP,Europe,Spain,2021-03-19,44035529,61548,3160707,74830,47332614,47257784
ESP,Europe,Spain,2021-03-20,44035529,61548,3160707,74830,47332614,47257784
ESP,Europe,Spain,2021-03-21,44035529,61548,3160707,74830,47332614,47257784
ESP,Europe,Spain,2021-03-22,44019058,65726,3172367,75463,47332614,47257151
ESP,Europe,Spain,2021-03-23,44013542,67320,3176088,75664,47332614,47256950
ESP,Europe,Spain,2021-03-24,44013542,60435,3182973,75664,47332614,47256950
ESP,Europe,Spain,2021-03-25,44000123,67047,3189104,76340,47332614,47256274
ESP,Europe,Spain,2021-03-26,43992537,68868,3194279,76930,47332614,47255684
ESP,Europe,Spain,2021-03-27,43992537,68868,3194279,76930,47332614,47255684
ESP,Europe,Spain,2021-03-28,43992537,68868,3194279,76930,47332614,47255684
ESP,Europe,Spain,2021-03-29,43977036,72988,3205471,77119,47332614,47255495
ESP,Europe,Spain,2021-03-30,43972042,73055,3210292,77225,47332614,47255389
ESP,Europe,Spain,2021-03-31,43963508,75571,3216156,77379,47332614,47255235
ESP,Europe,Spain,2021-04-01,43956467,76431,3222255,77461,47332614,47255153
ESP,Europe,Spain,2021-04-02,43956467,76431,3222255,77461,47332614,47255153
ESP,Europe,Spain,2021-04-03,43946896,85845,3222255,77618,47332614,47254996
ESP,Europe,Spain,2021-04-04,43946896,85845,3222255,77618,47332614,47254996
ESP,Europe,Spain,2021-04-05,43936536,80282,3238093,77703,47332614,47254911
ESP,Europe,Spain,2021-04-06,43929913,81462,3243408,77831,47332614,47254783
ESP,Europe,Spain,2021-04-07,43921125,90124,3243408,77957,47332614,47254657
ESP,Europe,Spain,2021-04-08,43911224,87140,3256151,78099,47332614,47254515
ESP,Europe,Spain,2021-04-09,43900349,90870,3263147,78248,47332614,47254366
ESP,Europe,Spain,2021-04-10,43900349,90870,3263147,78248,47332614,47254366
ESP,Europe,Spain,2021-04-11,43900349,90870,3263147,78248,47332614,47254366
ESP,Europe,Spain,2021-04-12,43877605,98105,3278459,78445,47332614,47254169
ESP,Europe,Spain,2021-04-13,43871313,99409,3283347,78545,47332614,47254069
ESP,Europe,Spain,2021-04-14,43860839,101372,3291727,78676,47332614,47253938
ESP,Europe,Spain,2021-04-15,43851176,103950,3298686,78802,47332614,47253812
ESP,Europe,Spain,2021-04-16,43840578,114449,3298686,78901,47332614,47253713
ESP,Europe,Spain,2021-04-17,43840578,105035,3308100,78901,47332614,47253713
ESP,Europe,Spain,2021-04-18,43840578,105035,3308100,78901,47332614,47253713
ESP,Europe,Spain,2021-04-19,43819507,115710,3318375,79022,47332614,47253592
ESP,Europe,Spain,2021-04-20,43819507,109215,3324870,79022,47332614,47253592
ESP,Europe,Spain,2021-04-21,43801789,118009,3333532,79284,47332614,47253330
ESP,Europe,Spain,2021-04-22,43790975,118932,3343291,79416,47332614,47253198
ESP,Europe,Spain,2021-04-23,43779244,119842,3354017,79511,47332614,47253103
ESP,Europe,Spain,2021-04-24,43779244,119842,3354017,79511,47332614,47253103
ESP,Europe,Spain,2021-04-25,43779244,119842,3354017,79511,47332614,47253103
ESP,Europe,Spain,2021-04-26,43759392,117000,3376564,79658,47332614,47252956
ESP,Europe,Spain,2021-04-27,43751727,118356,3382756,79775,47332614,47252839
ESP,Europe,Spain,2021-04-28,43743062,116590,3393099,79863,47332614,47252751
ESP,Europe,Spain,2021-04-29,43732919,117059,3402636,80000,47332614,47252614
ESP,Europe,Spain,2021-04-30,43723784,115559,3413135,80136,47332614,47252478
ESP,Europe,Spain,2021-05-01,43723784,115559,3413135,80136,47332614,47252478
ESP,Europe,Spain,2021-05-02,43723784,115559,3413135,80136,47332614,47252478
ESP,Europe,Spain,2021-05-03,43707431,110885,3434085,80213,47332614,47252401
ESP,Europe,Spain,2021-05-04,43702916,115294,3434085,80319,47332614,47252295
ESP,Europe,Spain,2021-05-05,43696599,103988,3451541,80486,47332614,47252128
ESP,Europe,Spain,2021-05-06,43688639,101106,3462223,80646,47332614,47251968
ESP,Europe,Spain,2021-05-07,43680453,97590,3473859,80712,47332614,47251902
ESP,Europe,Spain,2021-05-08,43680453,97590,3473859,80712,47332614,47251902
ESP,Europe,Spain,2021-05-09,43680453,97590,3473859,80712,47332614,47251902
ESP,Europe,Spain,2021-05-10,43666469,91766,3493564,80815,47332614,47251799
ESP,Europe,Spain,2021-05-11,43661528,88954,3501112,81020,47332614,47251594
ESP,Europe,Spain,2021-05-12,43655110,86687,3509689,81128,47332614,47251486
ESP,Europe,Spain,2021-05-13,43649409,82309,3519695,81201,47332614,47251413
ESP,Europe,Spain,2021-05-14,43643062,79599,3528694,81259,47332614,47251355
ESP,Europe,Spain,2021-05-15,43643062,79599,3528694,81259,47332614,47251355
ESP,Europe,Spain,2021-05-16,43643062,79599,3528694,81259,47332614,47251355
ESP,Europe,Spain,2021-05-17,43632001,74291,3544970,81352,47332614,47251262
ESP,Europe,Spain,2021-05-18,43628013,73800,3549379,81422,47332614,47251192
ESP,Europe,Spain,2021-05-19,43621933,73664,3555529,81488,47332614,47251126
ESP,Europe,Spain,2021-05-20,43616200,71564,3563329,81521,47332614,47251093
ESP,Europe,Spain,2021-05-21,43611408,68217,3571449,81540,47332614,47251074
ESP,Europe,Spain,2021-05-22,43611408,68217,3571449,81540,47332614,47251074
ESP,Europe,Spain,2021-05-23,43611408,68217,3571449,81540,47332614,47251074
ESP,Europe,Spain,2021-05-24,43600341,65312,3585330,81631,47332614,47250983
ESP,Europe,Spain,2021-05-25,43594982,65845,3590066,81721,47332614,47250893
ESP,Europe,Spain,2021-05-26,43589975,64488,3596376,81775,47332614,47250839
ESP,Europe,Spain,2021-05-27,43584685,64117,3602004,81808,47332614,47250806
ESP,Europe,Spain,2021-05-28,43579203,63293,3608293,81825,47332614,47250789
ESP,Europe,Spain,2021-05-29,43579203,63293,3608293,81825,47332614,47250789
ESP,Europe,Spain,2021-05-30,43579203,63293,3608293,81825,47332614,47250789
ESP,Europe,Spain,2021-05-31,43569471,62009,3619261,81873,47332614,47250741
ESP,Europe,Spain,2021-06-01,43565083,62449,3623179,81903,47332614,47250711
ESP,Europe,Spain,2021-06-02,43560099,61353,3629193,81969,47332614,47250645
ESP,Europe,Spain,2021-06-03,43554849,60903,3634893,81969,47332614,47250645
ESP,Europe,Spain,2021-06-04,43549880,60953,3639666,82115,47332614,47250499
ESP,Europe,Spain,2021-06-05,43549880,60952,3639666,82116,47332614,47250498
ESP,Europe,Spain,2021-06-06,43549880,60952,3639666,82116,47332614,47250498
ESP,Europe,Spain,2021-06-07,43540338,59478,3650642,82156,47332614,47250458
ESP,Europe,Spain,2021-06-08,43536834,57640,3655911,82229,47332614,47250385
ESP,Europe,Spain,2021-06-09,43532407,57091,3660864,82252,47332614,47250362
ESP,Europe,Spain,2021-06-10,43518403,65705,3666121,82385,47332614,47250229
ESP,Europe,Spain,2021-06-11,43514261,64346,3671586,82421,47332614,47250193
ESP,Europe,Spain,2021-06-12,43514261,64346,3671586,82421,47332614,47250193
ESP,Europe,Spain,2021-06-13,43514261,64346,3671586,82421,47332614,47250193
ESP,Europe,Spain,2021-06-14,43506094,62813,3681270,82437,47332614,47250177
ESP,Europe,Spain,2021-06-15,43502662,61825,3685628,82499,47332614,47250115
ESP,Europe,Spain,2021-06-16,43498830,60703,3690546,82535,47332614,47250079
ESP,Europe,Spain,2021-06-17,43494633,59631,3695796,82554,47332614,47250060
ESP,Europe,Spain,2021-06-18,43490419,59004,3700619,82572,47332614,47250042
ESP,Europe,Spain,2021-06-19,43490419,59005,3700618,82572,47332614,47250042
ESP,Europe,Spain,2021-06-20,43490419,59005,3700618,82572,47332614,47250042
ESP,Europe,Spain,2021-06-21,43483210,56675,3710120,82609,47332614,47250005
ESP,Europe,Spain,2021-06-22,43479170,57254,3713551,82639,47332614,47249975
ESP,Europe,Spain,2021-06-23,43474829,57162,3717955,82668,47332614,47249946
ESP,Europe,Spain,2021-06-24,43470322,47780,3731826,82686,47332614,47249928
ESP,Europe,Spain,2021-06-25,43465398,48585,3735932,82699,47332614,47249915
ESP,Europe,Spain,2021-06-26,43465398,48585,3735932,82699,47332614,47249915
ESP,Europe,Spain,2021-06-27,43465398,48585,3735932,82699,47332614,47249915
ESP,Europe,Spain,2021-06-28,43455219,50603,3744083,82709,47332614,47249905
ESP,Europe,Spain,2021-06-29,43448128,54284,3747453,82749,47332614,47249865
ESP,Europe,Spain,2021-06-30,43438901,59669,3751249,82795,47332614,47249819
ESP,Europe,Spain,2021-07-01,43426556,67828,3755427,82803,47332614,47249811
ESP,Europe,Spain,2021-07-02,43413993,76167,3759623,82831,47332614,47249783
ESP,Europe,Spain,2021-07-03,43413993,76167,3759623,82831,47332614,47249783
ESP,Europe,Spain,2021-07-04,43413993,76167,3759623,82831,47332614,47249783
ESP,Europe,Spain,2021-07-05,43381386,101579,3766795,82854,47332614,47249760
ESP,Europe,Spain,2021-07-06,43367249,111688,3770805,82872,47332614,47249742
ESP,Europe,Spain,2021-07-07,43349865,124743,3775117,82889,47332614,47249725
ESP,Europe,Spain,2021-07-08,43332548,137543,3779606,82917,47332614,47249697
ESP,Europe,Spain,2021-07-09,43310669,154505,3784517,82923,47332614,47249691
ESP,Europe,Spain,2021-07-10,43310669,154505,3784517,82923,47332614,47249691
ESP,Europe,Spain,2021-07-11,43310669,154505,3784517,82923,47332614,47249691
ESP,Europe,Spain,2021-07-12,43276737,178251,3794686,82940,47332614,47249674
ESP,Europe,Spain,2021-07-13,43232777,215147,3801737,82953,47332614,47249661
ESP,Europe,Spain,2021-07-14,43206387,232346,3810918,82963,47332614,47249651
ESP,Europe,Spain,2021-07-15,43178699,247656,3823255,83004,47332614,47249610
ESP,Europe,Spain,2021-07-16,43147639,266169,3835790,83016,47332614,47249598
ESP,Europe,Spain,2021-07-17,43147639,266169,3835790,83016,47332614,47249598
ESP,Europe,Spain,2021-07-18,43147639,266169,3835790,83016,47332614,47249598
ESP,Europe,Spain,2021-07-19,43086011,295190,3868374,83039,47332614,47249575
ESP,Europe,Spain,2021-07-20,43058725,308328,3882493,83068,47332614,47249546
ESP,Europe,Spain,2021-07-21,43028138,321530,3899860,83086,47332614,47249528
ESP,Europe,Spain,2021-07-22,42998603,333748,3917149,83114,47332614,47249500
ESP,Europe,Spain,2021-07-23,42967432,343019,3939022,83141,47332614,47249473
ESP,Europe,Spain,2021-07-24,42967432,343019,3939022,83141,47332614,47249473
ESP,Europe,Spain,2021-07-25,42967432,343019,3939022,83141,47332614,47249473
ESP,Europe,Spain,2021-07-26,42905807,370682,3972937,83188,47332614,47249426
ESP,Europe,Spain,2021-07-27,42879408,353079,4016884,83243,47332614,47249371
ESP,Europe,Spain,2021-07-28,42852259,353775,4043264,83316,47332614,47249298
ESP,Europe,Spain,2021-07-29,42825570,352771,4070911,83362,47332614,47249252
ESP,Europe,Spain,2021-07-30,42800817,346432,4101959,83406,47332614,47249208
ESP,Europe,Spain,2021-07-31,42800817,346432,4101959,83406,47332614,47249208
ESP,Europe,Spain,2021-08-01,42800817,346432,4101959,83406,47332614,47249208
ESP,Europe,Spain,2021-08-02,42744878,340609,4163564,83563,47332614,47249051
ESP,Europe,Spain,2021-08-03,42724551,333549,4190821,83693,47332614,47248921
ESP,Europe,Spain,2021-08-04,42702677,324783,4221390,83764,47332614,47248850
ESP,Europe,Spain,2021-08-05,42681290,316576,4250897,83851,47332614,47248763
ESP,Europe,Spain,2021-08-06,42659729,306918,4282041,83926,47332614,47248688
ESP,Europe,Spain,2021-08-07,42659729,306918,4282041,83926,47332614,47248688
ESP,Europe,Spain,2021-08-08,42659729,306918,4282041,83926,47332614,47248688
ESP,Europe,Spain,2021-08-09,42620091,284859,4343619,84045,47332614,47248569
ESP,Europe,Spain,2021-08-10,42604411,274093,4369963,84147,47332614,47248467
ESP,Europe,Spain,2021-08-11,42587388,263947,4397039,84240,47332614,47248374
ESP,Europe,Spain,2021-08-12,42569978,254627,4423682,84327,47332614,47248287
ESP,Europe,Spain,2021-08-13,42554321,245512,4448391,84390,47332614,47248224
ESP,Europe,Spain,2021-08-14,42554321,245512,4448391,84390,47332614,47248224
ESP,Europe,Spain,2021-08-15,42554321,245512,4448391,84390,47332614,47248224
ESP,Europe,Spain,2021-08-16,42528595,215331,4504173,84515,47332614,47248099
ESP,Europe,Spain,2021-08-17,42514259,209326,4524370,84659,47332614,47247955
ESP,Europe,Spain,2021-08-18,42502303,199335,4546173,84803,47332614,47247811
ESP,Europe,Spain,2021-08-19,42489858,190359,4567473,84924,47332614,47247690
ESP,Europe,Spain,2021-08-20,42477408,181191,4588959,85056,47332614,47247558
ESP,Europe,Spain,2021-08-21,42477408,181191,4588959,85056,47332614,47247558
ESP,Europe,Spain,2021-08-22,42477408,181191,4588959,85056,47332614,47247558
ESP,Europe,Spain,2021-08-23,42453509,165370,4628478,85257,47332614,47247357
ESP,Europe,Spain,2021-08-24,42443437,159674,4644056,85447,47332614,47247167
ESP,Europe,Spain,2021-08-25,42432656,153362,4660986,85610,47332614,47247004
ESP,Europe,Spain,2021-08-26,42425541,142983,4678309,85781,47332614,47246833
ESP,Europe,Spain,2021-08-27,42416052,136739,4693903,85920,47332614,47246694
ESP,Europe,Spain,2021-08-28,42416052,136739,4693903,85920,47332614,47246694
ESP,Europe,Spain,2021-08-29,42416052,136739,4693903,85920,47332614,47246694
ESP,Europe,Spain,2021-08-30,42400563,126481,4719504,86066,47332614,47246548
ESP,Europe,Spain,2021-08-31,42392796,119862,4733696,86260,47332614,47246354
ESP,Europe,Spain,2021-09-01,42385978,114736,4745508,86392,47332614,47246222
ESP,Europe,Spain,2021-09-02,42376417,111805,4757832,86560,47332614,47246054
ESP,Europe,Spain,2021-09-03,42370106,105643,4770150,86715,47332614,47245899
ESP,Europe,Spain,2021-09-04,42370106,105643,4770150,86715,47332614,47245899
ESP,Europe,Spain,2021-09-05,42370106,105643,4770150,86715,47332614,47245899
ESP,Europe,Spain,2021-09-06,42360749,91169,4793848,86848,47332614,47245766
ESP,Europe,Spain,2021-09-07,42355221,86677,4803730,86986,47332614,47245628
ESP,Europe,Spain,2021-09-08,42349603,81596,4814348,87067,47332614,47245547
ESP,Europe,Spain,2021-09-09,42344840,79344,4821292,87138,47332614,47245476
ESP,Europe,Spain,2021-09-10,42340400,74362,4830642,87210,47332614,47245404
ESP,Europe,Spain,2021-09-11,42340400,74362,4830642,87210,47332614,47245404
ESP,Europe,Spain,2021-09-12,42340400,74362,4830642,87210,47332614,47245404
ESP,Europe,Spain,2021-09-13,42332596,66720,4845985,87313,47332614,47245301
ESP,Europe,Spain,2021-09-14,42329335,62253,4853558,87468,47332614,47245146
ESP,Europe,Spain,2021-09-15,42325612,59200,4860244,87558,47332614,47245056
ESP,Europe,Spain,2021-09-16,42321537,53781,4869637,87659,47332614,47244955
ESP,Europe,Spain,2021-09-17,42318315,50803,4875793,87703,47332614,47244911
ESP,Europe,Spain,2021-09-18,42318315,50803,4875793,87703,47332614,47244911
ESP,Europe,Spain,2021-09-19,42318315,50803,4875793,87703,47332614,47244911
ESP,Europe,Spain,2021-09-20,42312327,47449,4885017,87821,47332614,47244793
ESP,Europe,Spain,2021-09-21,42309877,44427,4890407,87903,47332614,47244711
ESP,Europe,Spain,2021-09-22,42307037,41628,4895944,88005,47332614,47244609
ESP,Europe,Spain,2021-09-23,42304006,39867,4900636,88105,47332614,47244509
ESP,Europe,Spain,2021-09-24,42301260,38201,4905004,88149,47332614,47244465
ESP,Europe,Spain,2021-09-25,42301260,38201,4905004,88149,47332614,47244465
ESP,Europe,Spain,2021-09-26,42301260,38201,4905004,88149,47332614,47244465
ESP,Europe,Spain,2021-09-27,42296221,35470,4912705,88218,47332614,47244396
ESP,Europe,Spain,2021-09-28,42293931,34594,4915811,88278,47332614,47244336
ESP,Europe,Spain,2021-09-29,42291170,33683,4919444,88317,47332614,47244297
ESP,Europe,Spain,2021-09-30,42288770,32091,4923418,88335,47332614,47244279
ESP,Europe,Spain,2021-10-01,42286733,30902,4926596,88383,47332614,47244231
ESP,Europe,Spain,2021-10-02,42286733,30902,4926596,88383,47332614,47244231
ESP,Europe,Spain,2021-10-03,42286733,30902,4926596,88383,47332614,47244231
ESP,Europe,Spain,2021-10-04,42282462,29239,4932466,88447,47332614,47244167
ESP,Europe,Spain,2021-10-05,42280661,28578,4934834,88541,47332614,47244073
ESP,Europe,Spain,2021-10-06,42278358,28086,4937572,88598,47332614,47244016
ESP,Europe,Spain,2021-10-07,42276551,26939,4940503,88621,47332614,47243993
ESP,Europe,Spain,2021-10-08,42274242,26469,4943205,88698,47332614,47243916
ESP,Europe,Spain,2021-10-09,42274242,26469,4943205,88698,47332614,47243916
ESP,Europe,Spain,2021-10-10,42274242,26469,4943205,88698,47332614,47243916
ESP,Europe,Spain,2021-10-11,42270413,25279,4948175,88747,47332614,47243867
ESP,Europe,Spain,2021-10-12,42270413,23049,4950405,88747,47332614,47243867
ESP,Europe,Spain,2021-10-13,42267655,23043,4953127,88789,47332614,47243825
ESP,Europe,Spain,2021-10-14,42265723,22545,4955509,88837,47332614,47243777
ESP,Europe,Spain,2021-10-15,42263475,22747,4957498,88894,47332614,47243720
ESP,Europe,Spain,2021-10-16,42263475,22747,4957498,88894,47332614,47243720
ESP,Europe,Spain,2021-10-17,42263475,22747,4957498,88894,47332614,47243720
ESP,Europe,Spain,2021-10-18,42258983,22976,4961705,88950,47332614,47243664
ESP,Europe,Spain,2021-10-19,42257094,23137,4963412,88971,47332614,47243643
ESP,Europe,Spain,2021-10-20,42254566,23388,4965658,89002,47332614,47243612
ESP,Europe,Spain,2021-10-21,42252685,23465,4967442,89022,47332614,47243592
ESP,Europe,Spain,2021-10-22,42250129,23759,4969674,89052,47332614,47243562
ESP,Europe,Spain,2021-10-23,42250129,23759,4969674,89052,47332614,47243562
ESP,Europe,Spain,2021-10-24,42250129,23759,4969674,89052,47332614,47243562
ESP,Europe,Spain,2021-10-25,42245644,24410,4973454,89106,47332614,47243508
ESP,Europe,Spain,2021-10-26,42243718,26284,4973454,89158,47332614,47243456
ESP,Europe,Spain,2021-10-27,42241186,26049,4976170,89209,47332614,47243405
ESP,Europe,Spain,2021-10-28,42238974,26344,4978054,89242,47332614,47243372
ESP,Europe,Spain,2021-10-29,42236713,26368,4980245,89288,47332614,47243326
ESP,Europe,Spain,2021-10-30,42236713,26368,4980245,89288,47332614,47243326
ESP,Europe,Spain,2021-10-31,42236713,26368,4980245,89288,47332614,47243326
ESP,Europe,Spain,2021-11-01,42236713,21932,4984681,89288,47332614,47243326
ESP,Europe,Spain,2021-11-02,42230893,25829,4986549,89343,47332614,47243271
ESP,Europe,Spain,2021-11-03,42228606,25580,4989046,89382,47332614,47243232
ESP,Europe,Spain,2021-11-04,42225315,26995,4990907,89397,47332614,47243217
ESP,Europe,Spain,2021-11-05,42222222,27535,4993433,89424,47332614,47243190
ESP,Europe,Spain,2021-11-06,42222222,27535,4993433,89424,47332614,47243190
ESP,Europe,Spain,2021-11-07,42222222,27535,4993433,89424,47332614,47243190
ESP,Europe,Spain,2021-11-08,42215805,29467,4997864,89478,47332614,47243136
ESP,Europe,Spain,2021-11-09,42215805,27593,4999738,89478,47332614,47243136
ESP,Europe,Spain,2021-11-10,42209344,31514,5002219,89537,47332614,47243077
ESP,Europe,Spain,2021-11-11,42205058,33591,5004398,89567,47332614,47243047
ESP,Europe,Spain,2021-11-12,42200705,35703,5006613,89593,47332614,47243021
ESP,Europe,Spain,2021-11-13,42200705,35703,5006613,89593,47332614,47243021
ESP,Europe,Spain,2021-11-14,42200705,35703,5006613,89593,47332614,47243021
ESP,Europe,Spain,2021-11-15,42190907,45458,5006613,89636,47332614,47242978
ESP,Europe,Spain,2021-11-16,42186816,43755,5012378,89665,47332614,47242949
ESP,Europe,Spain,2021-11-17,42180149,48144,5014626,89695,47332614,47242919
ESP,Europe,Spain,2021-11-18,42173834,51154,5017902,89724,47332614,47242890
ESP,Europe,Spain,2021-11-19,42167198,54718,5020968,89730,47332614,47242884
ESP,Europe,Spain,2021-11-20,42167198,54718,5020968,89730,47332614,47242884
ESP,Europe,Spain,2021-11-21,42167198,54718,5020968,89730,47332614,47242884
ESP,Europe,Spain,2021-11-22,42151323,64208,5027331,89752,47332614,47242862
ESP,Europe,Spain,2021-11-23,42144546,70951,5027331,89786,47332614,47242828
ESP,Europe,Spain,2021-11-24,42136019,73038,5033733,89824,47332614,47242790
ESP,Europe,Spain,2021-11-25,42126761,78013,5037989,89851,47332614,47242763
ESP,Europe,Spain,2021-11-26,42116849,83574,5042316,89875,47332614,47242739
ESP,Europe,Spain,2021-11-27,42116849,83574,5042316,89875,47332614,47242739
ESP,Europe,Spain,2021-11-28,42116849,83574,5042316,89875,47332614,47242739
ESP,Europe,Spain,2021-11-29,42093938,96677,5052071,89928,47332614,47242686
ESP,Europe,Spain,2021-11-30,42083677,102832,5056133,89972,47332614,47242642
ESP,Europe,Spain,2021-12-01,42073141,106703,5062770,90000,47332614,47242614
ESP,Europe,Spain,2021-12-02,42058641,114875,5069056,90042,47332614,47242572
ESP,Europe,Spain,2021-12-03,42044903,121946,5075686,90079,47332614,47242535
ESP,Europe,Spain,2021-12-04,42044903,121946,5075686,90079,47332614,47242535
ESP,Europe,Spain,2021-12-05,42044903,121946,5075686,90079,47332614,47242535
ESP,Europe,Spain,2021-12-06,42044903,106093,5091539,90079,47332614,47242535
ESP,Europe,Spain,2021-12-07,42001095,143080,5098282,90157,47332614,47242457
ESP,Europe,Spain,2021-12-08,42001095,134591,5106771,90157,47332614,47242457
ESP,Europe,Spain,2021-12-09,41974683,151688,5116002,90241,47332614,47242373
ESP,Europe,Spain,2021-12-10,41957588,158836,5125890,90300,47332614,47242314
ESP,Europe,Spain,2021-12-11,41957588,158835,5125890,90301,47332614,47242313
ESP,Europe,Spain,2021-12-12,41957588,158835,5125890,90301,47332614,47242313
ESP,Europe,Spain,2021-12-13,41907786,185676,5148748,90404,47332614,47242210
ESP,Europe,Spain,2021-12-14,41881650,201537,5158965,90462,47332614,47242152
ESP,Europe,Spain,2021-12-15,41854510,218092,5169473,90539,47332614,47242075
ESP,Europe,Spain,2021-12-16,41825610,232486,5183931,90587,47332614,47242027
ESP,Europe,Spain,2021-12-17,41792251,252103,5197632,90628,47332614,47241986
ESP,Europe,Spain,2021-12-18,41792251,252103,5197632,90628,47332614,47241986
ESP,Europe,Spain,2021-12-19,41792251,252103,5197632,90628,47332614,47241986
ESP,Europe,Spain,2021-12-20,41712547,331722,5197632,90713,47332614,47241901
ESP,Europe,Spain,2021-12-21,41662724,337721,5241362,90807,47332614,47241807
ESP,Europe,Spain,2021-12-22,41602683,397712,5241362,90857,47332614,47241757
ESP,Europe,Spain,2021-12-23,41529771,444214,5267690,90939,47332614,47241675
ESP,Europe,Spain,2021-12-24,41529771,427178,5284726,90939,47332614,47241675
ESP,Europe,Spain,2021-12-25,41529771,427179,5284725,90939,47332614,47241675
ESP,Europe,Spain,2021-12-26,41529771,427179,5284725,90939,47332614,47241675
ESP,Europe,Spain,2021-12-27,41315152,591979,5334424,91059,47332614,47241555
ESP,Europe,Spain,2021-12-28,41215481,665458,5360502,91173,47332614,47241441
ESP,Europe,Spain,2021-12-29,41114721,739077,5387565,91251,47332614,47241363
ESP,Europe,Spain,2021-12-30,40953033,871839,5416417,91325,47332614,47241289
ESP,Europe,Spain,2021-12-31,40953033,838521,5449735,91325,47332614,47241289
ESP,Europe,Spain,2022-01-01,40953033,838521,5449735,91325,47332614,47241289
ESP,Europe,Spain,2022-01-02,40953033,838521,5449735,91325,47332614,47241289
ESP,Europe,Spain,2022-01-03,40580267,1131500,5529354,91493,47332614,47241121
ESP,Europe,Spain,2022-01-04,40462492,1199430,5579083,91609,47332614,47241005
ESP,Europe,Spain,2022-01-05,40325312,1276471,5639074,91757,47332614,47240857
ESP,Europe,Spain,2022-01-06,40325312,1203641,5711904,91757,47332614,47240857
ESP,Europe,Spain,2022-01-07,40082872,1445984,5711904,91854,47332614,47240760
ESP,Europe,Spain,2022-01-08,40082872,1445984,5711904,91854,47332614,47240760
ESP,Europe,Spain,2022-01-09,40082872,1445984,5711904,91854,47332614,47240760
ESP,Europe,Spain,2022-01-10,39790478,1523677,5926403,92056,47332614,47240558
ESP,Europe,Spain,2022-01-11,39655536,1558815,6025960,92303,47332614,47240311
ESP,Europe,Spain,2022-01-12,39476411,1637133,6126642,92428,47332614,47240186
ESP,Europe,Spain,2022-01-13,39317250,1634568,6288256,92540,47332614,47240074
ESP,Europe,Spain,2022-01-14,39154742,1796937,6288256,92679,47332614,47239935
ESP,Europe,Spain,2022-01-15,39154742,1796937,6288256,92679,47332614,47239935
ESP,Europe,Spain,2022-01-16,39154742,1796937,6288256,92679,47332614,47239935
ESP,Europe,Spain,2022-01-17,38823275,1755572,6660854,92913,47332614,47239701
ESP,Europe,Spain,2022-01-18,38728803,1732101,6778513,93197,47332614,47239417
ESP,Europe,Spain,2022-01-19,38570862,1752850,6915545,93357,47332614,47239257
ESP,Europe,Spain,2022-01-20,38413415,1910135,6915545,93519,47332614,47239095
ESP,Europe,Spain,2022-01-21,38272320,1808745,7157888,93661,47332614,47238953
ESP,Europe,Spain,2022-01-22,38272320,1808745,7157888,93661,47332614,47238953
ESP,Europe,Spain,2022-01-23,38272320,1808745,7157888,93661,47332614,47238953
ESP,Europe,Spain,2022-01-24,37966888,1821732,7450080,93914,47332614,47238700
ESP,Europe,Spain,2022-01-25,37852011,1801532,7584775,94296,47332614,47238318
ESP,Europe,Spain,2022-01-26,37718458,1755870,7763775,94511,47332614,47238103
ESP,Europe,Spain,2022-01-27,37587570,1727533,7922824,94687,47332614,47237927
ESP,Europe,Spain,2022-01-28,37468648,1683887,8085193,94886,47332614,47237728
ESP,Europe,Spain,2022-01-29,37468648,1683887,8085193,94886,47332614,47237728
ESP,Europe,Spain,2022-01-30,37468648,1683887,8085193,94886,47332614,47237728
ESP,Europe,Spain,2022-01-31,37286525,1534518,8416426,95145,47332614,47237469
ESP,Europe,Spain,2022-02-01,37208652,1517795,8510614,95553,47332614,47237061
ESP,Europe,Spain,2022-02-02,37122430,1446012,8668395,95777,47332614,47236837
ESP,Europe,Spain,2022-02-03,37048062,1362912,8825680,95960,47332614,47236654
ESP,Europe,Spain,2022-02-04,37048062,1221959,8966633,95960,47332614,47236654
ESP,Europe,Spain,2022-02-05,37048062,1221959,8966633,95960,47332614,47236654
ESP,Europe,Spain,2022-02-06,37048062,1221959,8966633,95960,47332614,47236654
ESP,Europe,Spain,2022-02-07,36852307,1112005,9271812,96490,47332614,47236124
ESP,Europe,Spain,2022-02-08,36808476,1040980,9386307,96851,47332614,47235763
ESP,Europe,Spain,2022-02-09,36745637,970199,9519645,97133,47332614,47235481
ESP,Europe,Spain,2022-02-10,36692582,892149,9650357,97526,47332614,47235088
ESP,Europe,Spain,2022-02-11,36643578,822041,9769080,97915,47332614,47234699
ESP,Europe,Spain,2022-02-12,36643578,822041,9769080,97915,47332614,47234699
ESP,Europe,Spain,2022-02-13,36643578,822041,9769080,97915,47332614,47234699
ESP,Europe,Spain,2022-02-14,36574872,708282,9950944,98516,47332614,47234098
ESP,Europe,Spain,2022-02-15,36540492,664887,10028409,98826,47332614,47233788
ESP,Europe,Spain,2022-02-16,36503384,615553,10114407,99270,47332614,47233344
ESP,Europe,Spain,2022-02-17,36469171,575221,10188592,99630,47332614,47232984
ESP,Europe,Spain,2022-02-18,36438556,605548,10188592,99918,47332614,47232696
ESP,Europe,Spain,2022-02-19,36438556,605548,10188592,99918,47332614,47232696
ESP,Europe,Spain,2022-02-20,36438556,605548,10188592,99918,47332614,47232696
ESP,Europe,Spain,2022-02-21,36389778,458637,10383817,100382,47332614,47232232
ESP,Europe,Spain,2022-02-22,36367585,437187,10427287,100555,47332614,47232059
ESP,Europe,Spain,2022-02-23,36333673,408241,10489844,100856,47332614,47231758
ESP,Europe,Spain,2022-02-24,36297781,391245,10542506,101082,47332614,47231532
ESP,Europe,Spain,2022-02-25,36270254,369909,10591121,101330,47332614,47231284
ESP,Europe,Spain,2022-02-26,36270254,369909,10591121,101330,47332614,47231284
ESP,Europe,Spain,2022-02-27,36270254,369909,10591121,101330,47332614,47231284
ESP,Europe,Spain,2022-02-28,36270254,301804,10659226,101330,47332614,47231284
ESP,Europe,Spain,2022-03-01,36211693,325822,10693296,101803,47332614,47230811
ESP,Europe,Spain,2022-03-02,36192890,307807,10729960,101957,47332614,47230657
ESP,Europe,Spain,2022-03-03,36169750,296892,10763813,102159,47332614,47230455
ESP,Europe,Spain,2022-03-04,36147350,288791,10794140,102333,47332614,47230281
ESP,Europe,Spain,2022-03-05,36147350,288791,10794140,102333,47332614,47230281
ESP,Europe,Spain,2022-03-06,36147350,288791,10794140,102333,47332614,47230281
ESP,Europe,Spain,2022-03-07,36111353,276313,10842454,102494,47332614,47230120
ESP,Europe,Spain,2022-03-08,36088204,277157,10864474,102779,47332614,47229835
ESP,Europe,Spain,2022-03-09,36066268,265349,10898085,102912,47332614,47229702
ESP,Europe,Spain,2022-03-10,36043653,252213,10933751,102997,47332614,47229617
ESP,Europe,Spain,2022-03-11,36023804,244725,10961030,103055,47332614,47229559
ESP,Europe,Spain,2022-03-12,36023804,244725,10961030,103055,47332614,47229559
ESP,Europe,Spain,2022-03-13,36023804,244725,10961030,103055,47332614,47229559
ESP,Europe,Spain,2022-03-14,36023804,244725,10961030,103055,47332614,47229559
ESP,Europe,Spain,2022-03-15,35987738,222422,11019118,103336,47332614,47229278
ESP,Europe,Spain,2022-03-16,35987738,203773,11037767,103336,47332614,47229278
ESP,Europe,Spain,2022-03-17,35987738,180835,11060705,103336,47332614,47229278
ESP,Europe,Spain,2022-03-18,35923141,222919,11082931,103623,47332614,47228991
ESP,Europe,Spain,2022-03-19,35923141,222919,11082931,103623,47332614,47228991
ESP,Europe,Spain,2022-03-20,35923141,222919,11082931,103623,47332614,47228991
ESP,Europe,Spain,2022-03-21,35923141,187083,11118767,103623,47332614,47228991
ESP,Europe,Spain,2022-03-22,35868994,218016,11141631,103973,47332614,47228641
ESP,Europe,Spain,2022-03-23,35868994,196213,11163434,103973,47332614,47228641
ESP,Europe,Spain,2022-03-24,35868994,173683,11185964,103973,47332614,47228641
