ISO_code,Continent,Country/Region,Date,Susceptibles Smooth (S),Infected Smooth (I),Recovered Smooth (R),Deaths Smooth (D),Total Population (N),Total Population Without Deahts (N Alive)
ESP,Europe,Spain,2020-01-28,47332614.0,0.0,0.0,0.0,47332614.0,47332614.0
ESP,Europe,Spain,2020-01-29,47332614.0,0.0,0.0,0.0,47332614.0,47332614.0
ESP,Europe,Spain,2020-01-30,47332614.0,0.0,0.0,0.0,47332614.0,47332614.0
ESP,Europe,Spain,2020-01-31,47332614.0,0.0,0.0,0.0,47332614.0,47332614.0
ESP,Europe,Spain,2020-02-01,47332613.85714286,0.14285714285714285,0.0,0.0,47332614.0,47332614.0
ESP,Europe,Spain,2020-02-02,47332613.71428572,0.2857142857142857,0.0,0.0,47332614.0,47332614.0
ESP,Europe,Spain,2020-02-03,47332613.57142858,0.42857142857142855,0.0,0.0,47332614.00000001,47332614.00000001
ESP,Europe,Spain,2020-02-04,47332613.42857143,0.5714285714285714,0.0,0.0,47332614.00000001,47332614.00000001
ESP,Europe,Spain,2020-02-05,47332613.28571428,0.7142857142857143,0.0,0.0,47332614.0,47332614.0
ESP,Europe,Spain,2020-02-06,47332613.14285714,0.8571428571428571,0.0,0.0,47332614.0,47332614.0
ESP,Europe,Spain,2020-02-07,47332613.0,1.0,0.0,0.0,47332614.0,47332614.0
ESP,Europe,Spain,2020-02-08,47332613.0,1.0,0.0,0.0,47332614.0,47332614.0
ESP,Europe,Spain,2020-02-09,47332612.85714286,1.1428571428571428,0.0,0.0,47332614.0,47332614.0
ESP,Europe,Spain,2020-02-10,47332612.71428572,1.2857142857142858,0.0,0.0,47332614.0,47332614.0
ESP,Europe,Spain,2020-02-11,47332612.57142858,1.4285714285714286,0.0,0.0,47332614.00000001,47332614.00000001
ESP,Europe,Spain,2020-02-12,47332612.42857143,1.5714285714285714,0.0,0.0,47332614.00000001,47332614.00000001
ESP,Europe,Spain,2020-02-13,47332612.28571428,1.7142857142857142,0.0,0.0,47332614.0,47332614.0
ESP,Europe,Spain,2020-02-14,47332612.14285714,1.8571428571428568,0.0,0.0,47332614.0,47332614.0
ESP,Europe,Spain,2020-02-15,47332612.0,1.8571428571428568,0.14285714285714285,0.0,47332614.0,47332614.0
ESP,Europe,Spain,2020-02-16,47332612.0,1.7142857142857142,0.2857142857142857,0.0,47332614.0,47332614.0
ESP,Europe,Spain,2020-02-17,47332612.0,1.5714285714285714,0.42857142857142855,0.0,47332614.0,47332614.0
ESP,Europe,Spain,2020-02-18,47332612.0,1.4285714285714286,0.5714285714285714,0.0,47332614.0,47332614.0
ESP,Europe,Spain,2020-02-19,47332612.0,1.2857142857142858,0.7142857142857143,0.0,47332614.0,47332614.0
ESP,Europe,Spain,2020-02-20,47332612.0,1.1428571428571428,0.8571428571428571,0.0,47332614.0,47332614.0
ESP,Europe,Spain,2020-02-21,47332612.0,1.0,1.0,0.0,47332614.0,47332614.0
ESP,Europe,Spain,2020-02-22,47332612.0,1.0,1.0,0.0,47332614.0,47332614.0
ESP,Europe,Spain,2020-02-23,47332612.0,0.8571428571428571,1.1428571428571428,0.0,47332614.0,47332614.0
ESP,Europe,Spain,2020-02-24,47332612.0,0.7142857142857143,1.2857142857142858,0.0,47332614.0,47332614.0
ESP,Europe,Spain,2020-02-25,47332611.42857143,1.1428571428571428,1.4285714285714286,0.0,47332614.0,47332614.0
ESP,Europe,Spain,2020-02-26,47332609.85714285,2.571428571428572,1.5714285714285714,0.0,47332614.0,47332614.0
ESP,Europe,Spain,2020-02-27,47332608.0,4.285714285714286,1.7142857142857142,0.0,47332614.0,47332614.0
ESP,Europe,Spain,2020-02-28,47332603.71428572,8.428571428571429,1.8571428571428568,0.0,47332614.0,47332614.0
ESP,Europe,Spain,2020-02-29,47332597.57142858,14.428571428571427,2.0,0.0,47332614.00000001,47332614.00000001
ESP,Europe,Spain,2020-03-01,47332585.85714286,26.142857142857146,2.0,0.0,47332614.0,47332614.0
ESP,Europe,Spain,2020-03-02,47332569.0,43.0,2.0,0.0,47332614.0,47332614.0
ESP,Europe,Spain,2020-03-03,47332546.28571428,65.57142857142857,2.0,0.14285714285714285,47332614.0,47332613.85714286
ESP,Europe,Spain,2020-03-04,47332516.42857143,95.14285714285714,2.0,0.42857142857142855,47332614.0,47332613.571428575
ESP,Europe,Spain,2020-03-05,47332481.57142857,129.57142857142858,2.0,0.8571428571428571,47332614.0,47332613.14285714
ESP,Europe,Spain,2020-03-06,47332429.0,181.42857142857144,2.0,1.5714285714285714,47332614.0,47332612.428571425
ESP,Europe,Spain,2020-03-07,47332364.0,245.0,2.0,3.0,47332614.0,47332611.0
ESP,Europe,Spain,2020-03-08,47332279.85714286,326.7142857142857,2.0,5.428571428571429,47332614.0,47332608.571428575
ESP,Europe,Spain,2020-03-09,47332143.71428572,458.8571428571428,2.0,9.428571428571429,47332614.0,47332604.571428575
ESP,Europe,Spain,2020-03-10,47331925.14285714,672.0,2.571428571428572,14.285714285714285,47332614.0,47332599.71428572
ESP,Europe,Spain,2020-03-11,47331631.57142857,956.5714285714287,4.142857142857143,21.714285714285715,47332614.0,47332592.28571428
ESP,Europe,Spain,2020-03-12,47331343.28571428,1235.5714285714287,6.0,29.142857142857146,47332614.0,47332584.85714286
ESP,Europe,Spain,2020-03-13,47330653.00000001,1903.2857142857144,10.285714285714286,47.42857142857143,47332614.0,47332566.571428575
ESP,Europe,Spain,2020-03-14,47329811.42857143,2712.285714285714,16.428571428571427,73.85714285714286,47332614.0,47332540.14285714
ESP,Europe,Spain,2020-03-15,47328793.57142857,3679.571428571429,28.142857142857146,112.71428571428572,47332614.0,47332501.28571428
ESP,Europe,Spain,2020-03-16,47327526.57142857,4884.857142857143,45.0,157.57142857142858,47332614.0,47332456.428571425
ESP,Europe,Spain,2020-03-17,47326090.42857143,6227.285714285716,67.57142857142857,228.7142857142857,47332614.00000001,47332385.28571429
ESP,Europe,Spain,2020-03-18,47324428.57142858,7778.285714285716,97.14285714285714,310.0,47332614.00000001,47332304.00000001
ESP,Europe,Spain,2020-03-19,47322187.71428571,9874.0,131.57142857142858,420.71428571428567,47332614.0,47332193.28571428
ESP,Europe,Spain,2020-03-20,47320019.42857143,11860.428571428569,183.42857142857144,550.7142857142857,47332614.0,47332063.28571428
ESP,Europe,Spain,2020-03-21,47317307.57142858,14340.142857142857,247.0,719.2857142857142,47332614.00000001,47331894.714285724
ESP,Europe,Spain,2020-03-22,47314311.85714286,17042.285714285714,328.7142857142857,931.1428571428572,47332614.0,47331682.85714286
ESP,Europe,Spain,2020-03-23,47310712.71428572,20228.0,460.8571428571428,1212.4285714285713,47332614.0,47331401.571428575
ESP,Europe,Spain,2020-03-24,47306693.14285714,23708.857142857138,674.5714285714286,1537.428571428571,47332614.0,47331076.571428575
ESP,Europe,Spain,2020-03-25,47301606.71428572,28077.142857142862,960.7142857142856,1969.4285714285716,47332614.0,47330644.571428575
ESP,Europe,Spain,2020-03-26,47295917.71428572,32980.28571428572,1241.5714285714287,2474.428571428572,47332614.0,47330139.571428575
ESP,Europe,Spain,2020-03-27,47289445.0,38196.0,1913.571428571429,3059.4285714285716,47332614.0,47329554.571428575
ESP,Europe,Spain,2020-03-28,47282607.71428571,43560.0,2728.714285714286,3717.571428571429,47332614.0,47328896.428571425
ESP,Europe,Spain,2020-03-29,47275273.14285714,49196.857142857145,3707.714285714286,4436.285714285715,47332614.0,47328177.71428572
ESP,Europe,Spain,2020-03-30,47267727.42857143,54748.285714285725,4929.857142857143,5208.428571428572,47332614.0,47327405.571428575
ESP,Europe,Spain,2020-03-31,47259722.0,60580.714285714275,6294.857142857143,6016.428571428572,47332614.0,47326597.571428575
ESP,Europe,Spain,2020-04-01,47251921.57142858,65980.57142857142,7875.428571428572,6836.428571428572,47332614.00000001,47325777.57142858
ESP,Europe,Spain,2020-04-02,47244167.42857143,70749.85714285714,10005.57142857143,7691.142857142857,47332614.00000001,47324922.857142866
ESP,Europe,Spain,2020-04-03,47236527.42857143,75485.85714285714,12043.857142857143,8556.857142857143,47332614.00000001,47324057.14285715
ESP,Europe,Spain,2020-04-04,47228965.57142858,79652.28571428571,14587.142857142857,9409.0,47332614.00000001,47323205.00000001
ESP,Europe,Spain,2020-04-05,47221603.28571428,83396.71428571429,17371.0,10243.0,47332614.0,47322371.0
ESP,Europe,Spain,2020-04-06,47214643.42857143,86235.14285714286,20688.85714285714,11046.571428571431,47332614.00000001,47321567.42857143
ESP,Europe,Spain,2020-04-07,47208069.28571429,88317.42857142858,24383.42857142857,11843.857142857143,47332614.0,47320770.14285714
ESP,Europe,Spain,2020-04-08,47201769.0,89191.14285714287,29037.857142857138,12616.0,47332614.0,47319998.0
ESP,Europe,Spain,2020-04-09,47195889.42857143,89158.28571428571,34221.857142857145,13344.428571428569,47332614.0,47319269.571428575
ESP,Europe,Spain,2020-04-10,47190307.42857143,88155.0,40109.57142857143,14042.0,47332614.00000001,47318572.00000001
ESP,Europe,Spain,2020-04-11,47185041.85714285,86575.85714285714,46288.714285714275,14707.571428571431,47332614.0,47317906.428571425
ESP,Europe,Spain,2020-04-12,47180015.42857143,84333.85714285714,52904.571428571435,15360.142857142857,47332614.00000001,47317253.857142866
ESP,Europe,Spain,2020-04-13,47175240.57142858,81704.42857142858,59678.142857142855,15990.857142857143,47332614.00000001,47316623.14285715
ESP,Europe,Spain,2020-04-14,47170869.28571428,78305.28571428571,66875.57142857142,16563.85714285714,47332614.0,47316050.14285714
ESP,Europe,Spain,2020-04-15,47166665.85714286,74968.85714285714,73856.0,17123.285714285714,47332614.0,47315490.71428572
ESP,Europe,Spain,2020-04-16,47162133.57142858,72049.14285714286,80755.42857142858,17675.85714285714,47332614.00000001,47314938.14285715
ESP,Europe,Spain,2020-04-17,47157481.28571428,69367.0,87529.71428571429,18236.0,47332614.0,47314378.0
ESP,Europe,Spain,2020-04-18,47153381.42857143,66266.14285714286,94239.42857142855,18727.0,47332614.0,47313887.0
ESP,Europe,Spain,2020-04-19,47148832.42857143,63823.42857142857,100767.71428571428,19190.428571428565,47332614.0,47313423.571428575
ESP,Europe,Spain,2020-04-20,47144530.85714286,61526.42857142857,106924.0,19632.714285714286,47332614.0,47312981.28571428
ESP,Europe,Spain,2020-04-21,47140011.28571428,59808.285714285725,112700.85714285714,20093.571428571428,47332614.0,47312520.428571425
ESP,Europe,Spain,2020-04-22,47135619.14285715,58242.42857142857,118229.0,20523.428571428565,47332614.0,47312090.571428575
ESP,Europe,Spain,2020-04-23,47131608.28571429,56696.142857142855,123380.14285714286,20929.428571428565,47332614.0,47311684.571428575
ESP,Europe,Spain,2020-04-24,47128438.99999999,54620.714285714275,128264.57142857145,21289.714285714286,47332614.0,47311324.28571428
ESP,Europe,Spain,2020-04-25,47124980.0,53071.285714285725,132864.57142857142,21698.14285714286,47332614.0,47310915.85714286
ESP,Europe,Spain,2020-04-26,47122266.57142858,51019.857142857145,137238.42857142858,22089.142857142862,47332614.00000001,47310524.857142866
ESP,Europe,Spain,2020-04-27,47119511.0,49250.0,141382.57142857142,22470.42857142857,47332614.0,47310143.571428575
ESP,Europe,Spain,2020-04-28,47117135.42857143,47464.428571428565,145180.85714285713,22833.285714285717,47332614.0,47309780.71428572
ESP,Europe,Spain,2020-04-29,47115055.14285714,45535.285714285725,148824.85714285713,23198.714285714286,47332614.0,47309415.28571428
ESP,Europe,Spain,2020-04-30,47113562.99999999,42706.857142857145,152804.57142857142,23539.571428571428,47332614.0,47309074.428571425
ESP,Europe,Spain,2020-05-01,47111816.42857143,40072.857142857145,156896.7142857143,23828.0,47332614.00000001,47308786.00000001
ESP,Europe,Spain,2020-05-02,47110291.14285714,37675.28571428572,160505.57142857142,24142.0,47332614.0,47308472.0
ESP,Europe,Spain,2020-05-03,47108886.57142858,34698.0,164591.14285714287,24438.285714285717,47332614.00000001,47308175.714285724
ESP,Europe,Spain,2020-05-04,47107665.71428572,31787.142857142862,168450.42857142858,24710.714285714286,47332614.0,47307903.28571428
ESP,Europe,Spain,2020-05-05,47106443.42857143,28694.857142857138,172509.14285714287,24966.571428571428,47332614.00000001,47307647.42857143
ESP,Europe,Spain,2020-05-06,47105385.14285714,25564.857142857138,176471.42857142858,25192.571428571428,47332614.0,47307421.428571425
ESP,Europe,Spain,2020-05-07,47104240.57142858,22886.42857142857,180076.2857142857,25410.714285714286,47332614.00000001,47307203.28571429
ESP,Europe,Spain,2020-05-08,47103149.0,20918.14285714286,182885.2857142857,25661.571428571428,47332614.0,47306952.428571425
ESP,Europe,Spain,2020-05-09,47102149.57142858,18670.14285714286,185935.85714285716,25858.42857142857,47332614.00000001,47306755.57142858
ESP,Europe,Spain,2020-05-10,47101166.14285715,17137.285714285714,188258.2857142857,26052.285714285717,47332614.0,47306561.71428572
ESP,Europe,Spain,2020-05-11,47099819.71428572,15921.428571428569,190632.57142857145,26240.285714285717,47332614.0,47306373.71428572
ESP,Europe,Spain,2020-05-12,47098576.71428572,14965.0,192645.2857142857,26427.0,47332614.0,47306187.0
ESP,Europe,Spain,2020-05-13,47097381.57142858,14267.142857142857,194360.1428571429,26605.142857142862,47332614.00000001,47306008.857142866
ESP,Europe,Spain,2020-05-14,47096225.42857143,14093.285714285714,195511.42857142855,26783.857142857138,47332614.0,47305830.14285714
ESP,Europe,Spain,2020-05-15,47095178.85714285,13516.0,196969.57142857145,26949.571428571428,47332614.0,47305664.428571425
ESP,Europe,Spain,2020-05-16,47094161.71428571,13166.857142857143,198180.85714285716,27104.571428571428,47332614.0,47305509.428571425
ESP,Europe,Spain,2020-05-17,47093254.85714286,12830.857142857143,199289.1428571429,27239.142857142862,47332614.0,47305374.85714286
ESP,Europe,Spain,2020-05-18,47092659.14285714,12340.285714285714,200237.57142857145,27377.0,47332614.0,47305237.0
ESP,Europe,Spain,2020-05-19,47092086.71428571,11823.714285714286,201204.0,27499.571428571428,47332614.0,47305114.428571425
ESP,Europe,Spain,2020-05-20,47091534.71428572,11431.428571428569,202036.2857142857,27611.571428571428,47332614.0,47305002.428571425
ESP,Europe,Spain,2020-05-21,47091035.14285714,10916.142857142857,202962.7142857143,27700.0,47332614.0,47304914.0
ESP,Europe,Spain,2020-05-22,47090372.14285715,10571.42857142857,203803.42857142855,27867.0,47332614.0,47304747.0
ESP,Europe,Spain,2020-05-23,47089716.14285714,10265.57142857143,204606.0,28026.285714285717,47332614.0,47304587.71428572
ESP,Europe,Spain,2020-05-24,47088991.28571428,10031.0,205395.57142857145,28196.142857142862,47332614.0,47304417.85714286
ESP,Europe,Spain,2020-05-25,47088396.14285714,9318.714285714286,206554.0,28345.142857142862,47332614.0,47304268.85714286
ESP,Europe,Spain,2020-05-26,47087739.85714286,8739.142857142857,207610.2857142857,28524.714285714286,47332614.0,47304089.28571428
ESP,Europe,Spain,2020-05-27,47087157.57142857,8140.571428571428,208627.2857142857,28688.571428571428,47332614.0,47303925.428571425
ESP,Europe,Spain,2020-05-28,47086408.85714286,7755.142857142857,209604.7142857143,28845.285714285717,47332614.0,47303768.71428572
ESP,Europe,Spain,2020-05-29,47085821.42857143,7403.0,210485.57142857145,28904.0,47332614.00000001,47303710.00000001
ESP,Europe,Spain,2020-05-30,47085205.71428572,7104.428571428572,211347.7142857143,28956.142857142862,47332614.0,47303657.85714286
ESP,Europe,Spain,2020-05-31,47084623.0,6873.0,212120.0,28998.0,47332614.0,47303616.0
ESP,Europe,Spain,2020-06-01,47084017.57142857,6978.714285714284,212577.85714285716,29039.857142857138,47332614.0,47303574.14285714
ESP,Europe,Spain,2020-06-02,47083492.85714286,7052.142857142857,213027.7142857143,29041.285714285717,47332614.0,47303572.71428572
ESP,Europe,Spain,2020-06-03,47082911.85714285,7191.571428571428,213467.7142857143,29042.857142857138,47332614.0,47303571.14285714
ESP,Europe,Spain,2020-06-04,47082518.42857143,7171.857142857143,213878.85714285716,29044.857142857138,47332614.00000001,47303569.14285715
ESP,Europe,Spain,2020-06-05,47082173.57142857,7018.857142857143,214374.85714285716,29046.714285714286,47332614.0,47303567.28571428
ESP,Europe,Spain,2020-06-06,47081876.14285714,6818.142857142857,214871.57142857145,29048.142857142862,47332614.0,47303565.85714286
ESP,Europe,Spain,2020-06-07,47081580.28571428,6557.714285714284,215426.57142857145,29049.42857142857,47332614.0,47303564.571428575
ESP,Europe,Spain,2020-06-08,47081283.28571428,6407.285714285716,215872.7142857143,29050.714285714286,47332614.0,47303563.28571428
ESP,Europe,Spain,2020-06-09,47080992.71428572,6219.857142857143,216349.42857142855,29052.0,47332614.0,47303562.0
ESP,Europe,Spain,2020-06-10,47080713.57142858,6079.428571428572,216767.85714285716,29053.142857142862,47332614.00000001,47303560.857142866
ESP,Europe,Spain,2020-06-11,47080421.14285714,5779.428571428572,217359.85714285716,29053.571428571428,47332614.0,47303560.428571425
ESP,Europe,Spain,2020-06-12,47080102.42857143,5569.142857142857,217888.57142857145,29053.857142857138,47332614.00000001,47303560.14285715
ESP,Europe,Spain,2020-06-13,47079774.57142858,5333.285714285715,218452.1428571429,29054.0,47332614.00000001,47303560.00000001
ESP,Europe,Spain,2020-06-14,47079434.85714286,5132.142857142857,218993.0,29054.0,47332614.0,47303560.0
ESP,Europe,Spain,2020-06-15,47079093.14285714,4910.285714285715,219556.57142857145,29054.0,47332614.0,47303560.0
ESP,Europe,Spain,2020-06-16,47078755.71428572,4724.428571428572,220079.85714285716,29054.0,47332614.0,47303560.0
ESP,Europe,Spain,2020-06-17,47078412.42857143,4488.285714285715,220659.2857142857,29054.0,47332614.0,47303560.0
ESP,Europe,Spain,2020-06-18,47078046.57142857,4462.714285714285,221050.7142857143,29054.0,47332614.0,47303560.0
ESP,Europe,Spain,2020-06-19,47077708.57142858,4289.285714285715,221393.7142857143,29222.42857142857,47332614.00000001,47303391.57142858
ESP,Europe,Spain,2020-06-20,47077375.28571428,4157.142857142857,221689.7142857143,29391.857142857138,47332614.0,47303222.14285714
ESP,Europe,Spain,2020-06-21,47077040.42857143,4027.857142857143,221984.2857142857,29561.42857142857,47332614.0,47303052.571428575
ESP,Europe,Spain,2020-06-22,47076698.28571428,3904.571428571429,222280.0,29731.142857142862,47332614.0,47302882.85714286
ESP,Europe,Spain,2020-06-23,47076352.0,3791.714285714286,222569.2857142857,29901.0,47332614.0,47302713.0
ESP,Europe,Spain,2020-06-24,47076008.71428572,3686.857142857143,222847.2857142857,30071.142857142862,47332614.0,47302542.85714286
ESP,Europe,Spain,2020-06-25,47075691.85714286,3541.142857142857,223139.2857142857,30241.714285714286,47332614.0,47302372.28571428
ESP,Europe,Spain,2020-06-26,47075359.0,3552.285714285714,223457.7142857143,30245.0,47332614.0,47302369.0
ESP,Europe,Spain,2020-06-27,47074997.42857143,3583.4285714285716,223785.42857142855,30247.714285714286,47332614.0,47302366.28571428
ESP,Europe,Spain,2020-06-28,47074640.57142857,3597.714285714286,224125.1428571429,30250.571428571428,47332614.0,47302363.428571425
ESP,Europe,Spain,2020-06-29,47074288.28571428,3605.142857142857,224466.85714285716,30253.714285714286,47332614.0,47302360.28571428
ESP,Europe,Spain,2020-06-30,47073928.42857143,3623.285714285714,224804.2857142857,30258.0,47332614.0,47302356.0
ESP,Europe,Spain,2020-07-01,47073560.85714286,3642.285714285714,225147.57142857145,30263.285714285717,47332614.0,47302350.71428572
ESP,Europe,Spain,2020-07-02,47073187.0,3644.857142857143,225513.42857142855,30268.714285714286,47332614.0,47302345.28571428
ESP,Europe,Spain,2020-07-03,47072809.85714286,3845.714285714286,225683.0,30275.42857142857,47332614.0,47302338.571428575
ESP,Europe,Spain,2020-07-04,47072513.28571428,3972.142857142857,225846.85714285716,30281.714285714286,47332614.0,47302332.28571428
ESP,Europe,Spain,2020-07-05,47072259.71428572,4054.4285714285716,226012.1428571429,30287.714285714286,47332614.0,47302326.28571428
ESP,Europe,Spain,2020-07-06,47071856.99999999,4278.714285714285,226184.57142857145,30293.714285714286,47332614.0,47302320.28571428
ESP,Europe,Spain,2020-07-07,47071448.57142858,4505.428571428572,226361.0,30299.0,47332614.00000001,47302315.00000001
ESP,Europe,Spain,2020-07-08,47071040.85714286,4735.428571428572,226534.1428571429,30303.571428571428,47332614.0,47302310.428571425
ESP,Europe,Spain,2020-07-09,47070619.00000001,5006.285714285715,226680.42857142855,30308.285714285717,47332614.0,47302305.71428572
ESP,Europe,Spain,2020-07-10,47070138.57142857,5154.571428571428,227010.0,30310.857142857138,47332614.0,47302303.14285714
ESP,Europe,Spain,2020-07-11,47069658.14285714,5273.571428571428,227368.85714285716,30313.42857142857,47332614.0,47302300.571428575
ESP,Europe,Spain,2020-07-12,47069177.71428572,5397.428571428572,227722.85714285716,30316.0,47332614.0,47302298.0
ESP,Europe,Spain,2020-07-13,47068582.85714285,5640.571428571428,228072.0,30318.571428571428,47332614.0,47302295.428571425
ESP,Europe,Spain,2020-07-14,47067941.57142857,5923.857142857143,228427.57142857145,30321.0,47332614.0,47302293.0
ESP,Europe,Spain,2020-07-15,47067230.0,6270.714285714284,228789.85714285716,30323.42857142857,47332614.0,47302290.571428575
ESP,Europe,Spain,2020-07-16,47066401.57142857,6728.571428571428,229158.2857142857,30325.571428571428,47332614.0,47302288.428571425
ESP,Europe,Spain,2020-07-17,47065494.85714286,7262.428571428572,229528.7142857143,30328.0,47332614.0,47302286.0
ESP,Europe,Spain,2020-07-18,47064588.14285715,7876.428571428572,229819.0,30330.42857142857,47332614.0,47302283.571428575
ESP,Europe,Spain,2020-07-19,47063681.42857143,8533.142857142857,230066.57142857145,30332.857142857138,47332614.00000001,47302281.14285715
ESP,Europe,Spain,2020-07-20,47062412.42857143,9403.142857142857,230463.2857142857,30335.142857142862,47332614.0,47302278.85714286
ESP,Europe,Spain,2020-07-21,47061044.57142858,10365.714285714286,230866.42857142855,30337.285714285717,47332614.00000001,47302276.714285724
ESP,Europe,Spain,2020-07-22,47059607.85714286,11397.428571428569,231269.57142857145,30339.142857142862,47332614.0,47302274.85714286
ESP,Europe,Spain,2020-07-23,47057992.0,12594.285714285714,231686.7142857143,30341.0,47332614.0,47302273.0
ESP,Europe,Spain,2020-07-24,47056253.99999999,13852.714285714286,232164.57142857145,30342.714285714286,47332614.0,47302271.28571428
ESP,Europe,Spain,2020-07-25,47054516.00000001,15111.142857142857,232642.42857142855,30344.42857142857,47332614.0,47302269.571428575
ESP,Europe,Spain,2020-07-26,47052778.0,16369.571428571431,233120.2857142857,30346.142857142862,47332614.0,47302267.85714286
ESP,Europe,Spain,2020-07-27,47050785.71428571,17767.85714285714,233712.57142857145,30347.857142857138,47332614.0,47302266.14285714
ESP,Europe,Spain,2020-07-28,47048726.28571428,19186.714285714286,234351.42857142855,30349.571428571428,47332614.0,47302264.428571425
ESP,Europe,Spain,2020-07-29,47046570.57142857,20631.14285714286,235060.57142857145,30351.714285714286,47332614.0,47302262.28571428
ESP,Europe,Spain,2020-07-30,47044390.0,21983.428571428565,235886.85714285716,30353.714285714286,47332614.0,47302260.28571428
ESP,Europe,Spain,2020-07-31,47042089.85714286,23377.42857142857,236791.1428571429,30355.571428571428,47332614.0,47302258.428571425
ESP,Europe,Spain,2020-08-01,47039789.71428573,24771.42857142857,237695.42857142855,30357.42857142857,47332614.00000001,47302256.57142858
ESP,Europe,Spain,2020-08-02,47037489.57142858,26165.42857142857,238599.7142857143,30359.285714285717,47332614.00000001,47302254.714285724
ESP,Europe,Spain,2020-08-03,47034879.28571428,27503.571428571428,239866.42857142855,30364.714285714286,47332614.0,47302249.28571428
ESP,Europe,Spain,2020-08-04,47031707.28571428,29301.0,241232.1428571429,30373.571428571428,47332614.0,47302240.428571425
ESP,Europe,Spain,2020-08-05,47028403.57142857,31161.571428571428,242667.0,30381.857142857138,47332614.0,47302232.14285714
ESP,Europe,Spain,2020-08-06,47024914.28571428,33028.71428571428,244281.0,30390.0,47332614.0,47302224.0
ESP,Europe,Spain,2020-08-07,47021222.85714286,34975.57142857143,246017.2857142857,30398.285714285717,47332614.0,47302215.71428572
ESP,Europe,Spain,2020-08-08,47017531.42857143,36922.42857142857,247753.57142857145,30406.571428571428,47332614.00000001,47302207.42857143
ESP,Europe,Spain,2020-08-09,47013840.0,38869.28571428572,249489.85714285716,30414.857142857138,47332614.0,47302199.14285714
ESP,Europe,Spain,2020-08-10,47010136.28571428,40567.57142857143,251480.42857142855,30429.714285714286,47332614.0,47302184.28571428
ESP,Europe,Spain,2020-08-11,47006736.57142857,41897.71428571428,253538.1428571429,30441.571428571428,47332614.0,47302172.428571425
ESP,Europe,Spain,2020-08-12,47003305.57142858,43163.42857142857,255691.7142857143,30453.285714285717,47332614.00000001,47302160.714285724
ESP,Europe,Spain,2020-08-13,46999380.0,44895.142857142855,257870.2857142857,30468.571428571428,47332614.0,47302145.428571425
ESP,Europe,Spain,2020-08-14,46995315.57142857,46644.714285714275,260168.57142857145,30485.142857142862,47332614.0,47302128.85714286
ESP,Europe,Spain,2020-08-15,46991251.14285714,48394.285714285725,262466.85714285716,30501.714285714286,47332614.0,47302112.28571428
ESP,Europe,Spain,2020-08-16,46987186.71428572,50143.857142857145,264765.14285714284,30518.285714285717,47332614.0,47302095.71428572
ESP,Europe,Spain,2020-08-17,46982029.28571428,52686.142857142855,267370.0,30528.571428571428,47332614.0,47302085.428571425
ESP,Europe,Spain,2020-08-18,46976660.14285714,54879.142857142855,270533.14285714284,30541.571428571428,47332614.0,47302072.428571425
ESP,Europe,Spain,2020-08-19,46970791.14285714,57421.57142857143,273828.5714285714,30572.714285714286,47332614.00000001,47302041.28571429
ESP,Europe,Spain,2020-08-20,46964995.14285714,59706.714285714275,277309.71428571426,30602.42857142857,47332614.0,47302011.571428575
ESP,Europe,Spain,2020-08-21,46958817.85714286,62169.285714285725,280992.85714285716,30634.0,47332614.0,47301980.0
ESP,Europe,Spain,2020-08-22,46952640.57142857,64631.857142857145,284676.0,30665.571428571428,47332614.0,47301948.428571425
ESP,Europe,Spain,2020-08-23,46946463.28571429,67094.42857142858,288359.14285714284,30697.142857142862,47332614.0,47301916.85714286
ESP,Europe,Spain,2020-08-24,46939841.28571429,69995.28571428571,292048.0,30729.42857142857,47332614.0,47301884.571428575
ESP,Europe,Spain,2020-08-25,46932933.14285714,73479.28571428571,295435.85714285716,30765.714285714286,47332614.0,47301848.28571428
ESP,Europe,Spain,2020-08-26,46925935.71428571,77032.57142857142,298855.14285714284,30790.571428571428,47332614.0,47301823.428571425
ESP,Europe,Spain,2020-08-27,46918564.14285714,80467.71428571429,302765.4285714286,30816.714285714286,47332614.0,47301797.28571428
ESP,Europe,Spain,2020-08-28,46910959.57142858,83999.71428571429,306813.2857142857,30841.42857142857,47332614.00000001,47301772.57142858
ESP,Europe,Spain,2020-08-29,46903355.0,87531.71428571429,310861.14285714284,30866.142857142862,47332614.0,47301747.85714286
ESP,Europe,Spain,2020-08-30,46895750.42857143,91063.71428571428,314909.0,30890.857142857138,47332614.00000001,47301723.14285715
ESP,Europe,Spain,2020-08-31,46887547.28571428,94088.0,320056.14285714284,30922.571428571428,47332614.0,47301691.428571425
ESP,Europe,Spain,2020-09-01,46879201.57142858,97045.0,325412.2857142857,30955.142857142862,47332614.00000001,47301658.857142866
ESP,Europe,Spain,2020-09-02,46870672.28571428,99704.57142857145,331250.14285714284,30987.0,47332614.0,47301627.0
ESP,Europe,Spain,2020-09-03,46862242.85714286,102333.71428571428,337016.4285714286,31021.0,47332614.0,47301593.0
ESP,Europe,Spain,2020-09-04,46853713.85714286,104658.85714285713,343162.14285714284,31079.142857142862,47332614.0,47301534.85714286
ESP,Europe,Spain,2020-09-05,46845184.85714286,106984.0,349307.85714285716,31137.285714285717,47332614.0,47301476.71428572
ESP,Europe,Spain,2020-09-06,46836655.85714286,109309.14285714287,355453.5714285714,31195.42857142857,47332614.0,47301418.571428575
ESP,Europe,Spain,2020-09-07,46827700.0,111615.0,362043.2857142858,31255.714285714286,47332614.0,47301358.28571428
ESP,Europe,Spain,2020-09-08,46818622.85714286,113757.14285714286,368915.1428571429,31318.857142857138,47332614.0,47301295.14285714
ESP,Europe,Spain,2020-09-09,46809505.0,115840.42857142855,375887.7142857143,31380.857142857138,47332614.0,47301233.14285714
ESP,Europe,Spain,2020-09-10,46800129.28571429,117804.28571428572,383233.1428571429,31447.285714285717,47332614.0,47301166.71428572
ESP,Europe,Spain,2020-09-11,46790509.71428572,119797.0,390813.0,31494.285714285717,47332614.0,47301119.71428572
ESP,Europe,Spain,2020-09-12,46780890.14285714,121789.71428571428,398392.85714285716,31541.285714285717,47332614.0,47301072.71428572
ESP,Europe,Spain,2020-09-13,46771270.57142858,123782.42857142855,405972.7142857143,31588.285714285717,47332614.00000001,47301025.714285724
ESP,Europe,Spain,2020-09-14,46761530.42857143,125303.71428571428,414144.1428571429,31635.714285714286,47332614.00000001,47300978.28571429
ESP,Europe,Spain,2020-09-15,46751722.71428572,126739.71428571428,422457.2857142858,31694.285714285717,47332614.0,47300919.71428572
ESP,Europe,Spain,2020-09-16,46741582.57142857,128294.57142857145,430954.7142857143,31782.142857142862,47332614.0,47300831.85714286
ESP,Europe,Spain,2020-09-17,46731367.14285714,130013.71428571428,439350.1428571429,31883.0,47332614.0,47300731.0
ESP,Europe,Spain,2020-09-18,46720836.57142857,131966.57142857142,447821.0,31989.857142857138,47332614.0,47300624.14285714
ESP,Europe,Spain,2020-09-19,46710306.0,133919.42857142858,456291.85714285716,32096.714285714286,47332614.0,47300517.28571428
ESP,Europe,Spain,2020-09-20,46699775.42857143,135872.2857142857,464762.7142857143,32203.571428571428,47332614.00000001,47300410.42857143
ESP,Europe,Spain,2020-09-21,46688670.0,137965.7142857143,473658.2857142858,32320.0,47332614.0,47300294.0
ESP,Europe,Spain,2020-09-22,46677370.0,140123.14285714287,482672.2857142858,32448.571428571428,47332614.0,47300165.428571425
ESP,Europe,Spain,2020-09-23,46666056.28571428,142268.0,491728.1428571429,32561.571428571428,47332614.0,47300052.428571425
ESP,Europe,Spain,2020-09-24,46654833.71428573,144079.42857142858,501037.4285714286,32663.42857142857,47332614.00000001,47299950.57142858
ESP,Europe,Spain,2020-09-25,46643913.57142857,145321.7142857143,510610.0,32768.71428571428,47332614.0,47299845.28571428
ESP,Europe,Spain,2020-09-26,46632993.42857143,146564.0,520182.5714285714,32874.0,47332614.00000001,47299740.00000001
ESP,Europe,Spain,2020-09-27,46622073.28571429,147806.2857142857,529755.1428571428,32979.28571428572,47332614.0,47299634.71428572
ESP,Europe,Spain,2020-09-28,46611102.14285714,148977.85714285713,539447.8571428572,33086.142857142855,47332614.0,47299527.85714286
ESP,Europe,Spain,2020-09-29,46601673.71428571,148584.7142857143,549197.0,33158.57142857143,47332614.0,47299455.428571425
ESP,Europe,Spain,2020-09-30,46590869.14285714,149228.85714285713,559249.2857142857,33266.71428571428,47332614.0,47299347.28571428
ESP,Europe,Spain,2020-10-01,46580240.85714286,149620.42857142858,569363.8571428572,33388.857142857145,47332614.0,47299225.14285714
ESP,Europe,Spain,2020-10-02,46569747.85714285,149567.7142857143,579787.5714285715,33510.857142857145,47332614.0,47299103.14285714
ESP,Europe,Spain,2020-10-03,46559254.85714286,149515.0,590211.2857142857,33632.857142857145,47332614.0,47298981.14285714
ESP,Europe,Spain,2020-10-04,46548761.85714286,149462.2857142857,600635.0,33754.857142857145,47332614.0,47298859.14285714
ESP,Europe,Spain,2020-10-05,46539455.28571428,147663.57142857142,611624.0,33871.142857142855,47332614.0,47298742.85714286
ESP,Europe,Spain,2020-10-06,46528434.71428572,147359.14285714287,622795.4285714285,34024.71428571428,47332614.0,47298589.28571428
ESP,Europe,Spain,2020-10-07,46518904.28571428,145578.7142857143,633996.1428571428,34134.857142857145,47332614.0,47298479.14285714
ESP,Europe,Spain,2020-10-08,46508944.71428572,144315.42857142858,645116.8571428572,34237.0,47332614.0,47298377.0
ESP,Europe,Spain,2020-10-09,46498776.14285714,143548.7142857143,655931.7142857143,34357.42857142857,47332614.0,47298256.571428575
ESP,Europe,Spain,2020-10-10,46488607.57142857,142782.0,666746.5714285715,34477.857142857145,47332614.0,47298136.14285714
ESP,Europe,Spain,2020-10-11,46478439.00000001,142015.2857142857,677561.4285714285,34598.28571428572,47332614.0,47298015.71428572
ESP,Europe,Spain,2020-10-12,46467645.28571428,141816.2857142857,688425.7142857143,34726.71428571428,47332614.0,47297887.28571428
ESP,Europe,Spain,2020-10-13,46457548.71428572,142454.2857142857,697781.7142857143,34829.28571428572,47332614.0,47297784.71428572
ESP,Europe,Spain,2020-10-14,46447240.85714286,141944.14285714287,708478.1428571428,34950.857142857145,47332614.0,47297663.14285714
ESP,Europe,Spain,2020-10-15,46436805.14285715,141750.14285714287,718984.2857142857,35074.42857142857,47332614.0,47297539.571428575
ESP,Europe,Spain,2020-10-16,46426026.85714286,142036.57142857142,729355.2857142857,35195.28571428572,47332614.0,47297418.71428572
ESP,Europe,Spain,2020-10-17,46415248.57142858,142323.0,739726.2857142857,35316.142857142855,47332614.00000001,47297297.857142866
ESP,Europe,Spain,2020-10-18,46404470.28571429,142609.42857142858,750097.2857142857,35437.0,47332614.0,47297177.0
ESP,Europe,Spain,2020-10-19,46392258.71428571,145506.7142857143,759287.5714285716,35561.0,47332614.0,47297053.0
ESP,Europe,Spain,2020-10-20,46379082.14285714,147672.57142857142,770154.5714285716,35704.71428571428,47332614.00000001,47296909.28571429
ESP,Europe,Spain,2020-10-21,46365190.85714286,152007.42857142858,779574.8571428572,35840.857142857145,47332614.0,47296773.14285714
ESP,Europe,Spain,2020-10-22,46350204.14285715,156998.42857142858,789432.2857142857,35979.142857142855,47332614.0,47296634.85714286
ESP,Europe,Spain,2020-10-23,46334551.0,162463.85714285713,799480.4285714284,36118.71428571428,47332614.0,47296495.28571428
ESP,Europe,Spain,2020-10-24,46318897.85714286,167929.2857142857,809528.5714285716,36258.28571428572,47332614.0,47296355.71428572
ESP,Europe,Spain,2020-10-25,46303244.71428571,173394.7142857143,819576.7142857143,36397.857142857145,47332614.0,47296216.14285714
ESP,Europe,Spain,2020-10-26,46285548.85714286,180276.85714285716,830242.0,36546.28571428572,47332614.0,47296067.71428572
ESP,Europe,Spain,2020-10-27,46267203.71428571,188472.57142857145,840236.0,36701.71428571428,47332614.0,47295912.28571428
ESP,Europe,Spain,2020-10-28,46248459.71428572,196873.1428571429,850422.2857142857,36858.857142857145,47332614.0,47295755.14285714
ESP,Europe,Spain,2020-10-29,46229345.14285714,205515.85714285716,860734.4285714284,37018.57142857143,47332614.0,47295595.428571425
ESP,Europe,Spain,2020-10-30,46209410.0,214632.7142857143,871391.8571428572,37179.42857142857,47332614.0,47295434.571428575
ESP,Europe,Spain,2020-10-31,46189474.85714286,223749.57142857145,882049.2857142857,37340.28571428572,47332614.0,47295273.71428572
ESP,Europe,Spain,2020-11-01,46169539.71428572,232866.42857142855,892706.7142857143,37501.142857142855,47332614.0,47295112.85714286
ESP,Europe,Spain,2020-11-02,46149200.14285715,240943.2857142857,904794.2857142857,37676.28571428572,47332614.0,47294937.71428572
ESP,Europe,Spain,2020-11-03,46128824.71428572,248114.85714285716,917827.1428571428,37847.28571428572,47332614.0,47294766.71428572
ESP,Europe,Spain,2020-11-04,46107695.42857143,255110.1428571429,931582.2857142857,38226.142857142855,47332614.0,47294387.85714286
ESP,Europe,Spain,2020-11-05,46086805.0,260745.42857142855,946430.7142857143,38632.857142857145,47332614.0,47293981.14285714
ESP,Europe,Spain,2020-11-06,46066354.42857143,265260.2857142857,961944.2857142857,39055.0,47332614.0,47293559.0
ESP,Europe,Spain,2020-11-07,46045903.85714286,269775.14285714284,977457.8571428572,39477.142857142855,47332614.0,47293136.85714286
ESP,Europe,Spain,2020-11-08,46025453.28571429,274290.0,992971.4285714284,39899.28571428572,47332614.0,47292714.71428572
ESP,Europe,Spain,2020-11-09,46005378.85714286,276375.85714285716,1010518.8571428572,40340.42857142857,47332614.0,47292273.571428575
ESP,Europe,Spain,2020-11-10,45987971.42857143,275186.4285714286,1028708.5714285716,40747.57142857143,47332614.00000001,47291866.42857143
ESP,Europe,Spain,2020-11-11,45968928.42857143,275358.71428571426,1047295.4285714284,41031.42857142857,47332614.0,47291582.571428575
ESP,Europe,Spain,2020-11-12,45950227.85714286,274822.2857142857,1066250.2857142857,41313.57142857143,47332614.0,47291300.428571425
ESP,Europe,Spain,2020-11-13,45931690.85714286,273308.4285714286,1086024.5714285714,41590.142857142855,47332614.0,47291023.85714286
ESP,Europe,Spain,2020-11-14,45913153.85714285,271794.5714285714,1105798.857142857,41866.71428571428,47332614.0,47290747.28571428
ESP,Europe,Spain,2020-11-15,45894616.85714286,270280.71428571426,1125573.142857143,42143.28571428572,47332614.0,47290470.71428572
ESP,Europe,Spain,2020-11-16,45878095.99999999,266364.5714285714,1145737.5714285714,42415.857142857145,47332614.0,47290198.14285714
ESP,Europe,Spain,2020-11-17,45859695.28571428,264226.14285714284,1165942.0,42750.57142857143,47332614.0,47289863.428571425
ESP,Europe,Spain,2020-11-18,45844319.28571429,258575.42857142855,1186692.4285714286,43026.857142857145,47332614.0,47289587.14285714
ESP,Europe,Spain,2020-11-19,45829411.57142858,252738.0,1207176.142857143,43288.28571428572,47332614.00000001,47289325.714285724
ESP,Europe,Spain,2020-11-20,45815391.71428571,246465.1428571429,1227204.5714285714,43552.57142857143,47332614.0,47289061.428571425
ESP,Europe,Spain,2020-11-21,45801371.85714286,240192.2857142857,1247233.0,43816.857142857145,47332614.0,47288797.14285714
ESP,Europe,Spain,2020-11-22,45787352.00000001,233919.42857142855,1267261.4285714286,44081.142857142855,47332614.0,47288532.85714286
ESP,Europe,Spain,2020-11-23,45775101.71428572,226268.1428571429,1286894.7142857143,44349.428571428565,47332614.0,47288264.571428575
ESP,Europe,Spain,2020-11-24,45762984.42857143,221102.2857142857,1303895.0,44632.285714285725,47332614.0,47287981.71428572
ESP,Europe,Spain,2020-11-25,45751595.14285714,213447.0,1322654.142857143,44917.714285714275,47332614.0,47287696.28571428
ESP,Europe,Spain,2020-11-26,45740769.28571428,205556.85714285716,1341072.5714285714,45215.285714285725,47332614.0,47287398.71428572
ESP,Europe,Spain,2020-11-27,45730558.14285714,197214.85714285716,1359333.0,45508.0,47332614.0,47287106.0
ESP,Europe,Spain,2020-11-28,45720347.0,188872.85714285716,1377593.4285714286,45800.714285714275,47332614.0,47286813.28571428
ESP,Europe,Spain,2020-11-29,45710135.85714286,180530.85714285716,1395853.857142857,46093.428571428565,47332614.0,47286520.571428575
ESP,Europe,Spain,2020-11-30,45700768.57142858,173373.0,1412102.1428571432,46370.285714285725,47332614.00000001,47286243.714285724
ESP,Europe,Spain,2020-12-01,45691968.57142857,163843.7142857143,1430168.1428571432,46633.571428571435,47332614.0,47285980.428571425
ESP,Europe,Spain,2020-12-02,45683295.85714286,157167.14285714287,1445267.8571428568,46883.142857142855,47332614.0,47285730.85714286
ESP,Europe,Spain,2020-12-03,45674932.0,150647.0,1459914.1428571432,47120.857142857145,47332614.0,47285493.14285714
ESP,Europe,Spain,2020-12-04,45666869.28571428,144727.85714285713,1473669.7142857143,47347.142857142855,47332614.0,47285266.85714286
ESP,Europe,Spain,2020-12-05,45658806.57142858,138808.7142857143,1487425.2857142857,47573.428571428565,47332614.00000001,47285040.57142858
ESP,Europe,Spain,2020-12-06,45650743.85714285,132889.57142857142,1501180.8571428568,47799.714285714275,47332614.0,47284814.28571428
ESP,Europe,Spain,2020-12-07,45643009.42857143,128416.71428571428,1513162.8571428568,48025.0,47332614.00000001,47284589.00000001
ESP,Europe,Spain,2020-12-08,45636454.57142858,122975.0,1524997.2857142857,48187.142857142855,47332614.00000001,47284426.857142866
ESP,Europe,Spain,2020-12-09,45629836.57142857,118312.71428571428,1536101.1428571432,48363.571428571435,47332614.0,47284250.428571425
ESP,Europe,Spain,2020-12-10,45623528.85714286,113905.57142857145,1546629.4285714286,48550.142857142855,47332614.0,47284063.85714286
ESP,Europe,Spain,2020-12-11,45616967.71428572,110352.28571428572,1556547.8571428568,48746.142857142855,47332614.0,47283867.85714286
ESP,Europe,Spain,2020-12-12,45610406.57142858,106799.0,1566466.2857142857,48942.142857142855,47332614.00000001,47283671.857142866
ESP,Europe,Spain,2020-12-13,45603845.42857143,103245.71428571428,1576384.7142857143,49138.142857142855,47332614.00000001,47283475.857142866
ESP,Europe,Spain,2020-12-14,45596766.00000001,101039.42857142855,1585475.1428571432,49333.428571428565,47332614.0,47283280.571428575
ESP,Europe,Spain,2020-12-15,45588211.14285714,100806.85714285713,1594011.8571428568,49584.142857142855,47332614.0,47283029.85714286
ESP,Europe,Spain,2020-12-16,45579469.85714286,100899.71428571428,1602435.0,49809.428571428565,47332614.0,47282804.571428575
ESP,Europe,Spain,2020-12-17,45570132.0,101906.71428571428,1610561.1428571432,50014.142857142855,47332614.0,47282599.85714286
ESP,Europe,Spain,2020-12-18,45560609.0,103407.28571428572,1618397.5714285714,50200.142857142855,47332614.0,47282413.85714286
ESP,Europe,Spain,2020-12-19,45551086.0,104907.85714285713,1626234.0,50386.142857142855,47332614.0,47282227.85714286
ESP,Europe,Spain,2020-12-20,45541563.00000001,106408.42857142855,1634070.4285714286,50572.142857142855,47332614.0,47282041.85714286
ESP,Europe,Spain,2020-12-21,45531939.42857143,108344.71428571428,1641579.5714285714,50750.285714285725,47332614.00000001,47281863.714285724
ESP,Europe,Spain,2020-12-22,45522269.28571429,111462.28571428572,1647972.2857142857,50910.142857142855,47332614.0,47281703.85714286
ESP,Europe,Spain,2020-12-23,45512412.28571428,114720.28571428572,1654413.8571428568,51067.571428571435,47332614.0,47281546.428571425
ESP,Europe,Spain,2020-12-24,45502479.42857143,118382.42857142855,1660535.0,51217.142857142855,47332614.0,47281396.85714286
ESP,Europe,Spain,2020-12-25,45494234.42857143,120134.0,1666900.1428571432,51345.428571428565,47332614.0,47281268.571428575
ESP,Europe,Spain,2020-12-26,45485989.42857143,121885.57142857145,1673265.2857142857,51473.714285714275,47332614.00000001,47281140.28571429
ESP,Europe,Spain,2020-12-27,45477744.42857143,123637.14285714286,1679630.4285714286,51602.0,47332614.0,47281012.0
ESP,Europe,Spain,2020-12-28,45469149.57142857,125224.71428571428,1686514.5714285714,51725.142857142855,47332614.0,47280888.85714286
ESP,Europe,Spain,2020-12-29,45460064.0,125874.42857142855,1694818.7142857143,51856.857142857145,47332614.0,47280757.14285714
ESP,Europe,Spain,2020-12-30,45450359.85714286,126921.0,1703334.7142857143,51998.428571428565,47332614.0,47280615.571428575
ESP,Europe,Spain,2020-12-31,45439886.42857143,128116.57142857145,1712467.8571428568,52143.142857142855,47332614.00000001,47280470.857142866
ESP,Europe,Spain,2021-01-01,45429413.0,129108.28571428572,1721804.8571428568,52287.857142857145,47332614.0,47280326.14285714
ESP,Europe,Spain,2021-01-02,45418939.57142857,130100.0,1731141.8571428568,52432.571428571435,47332614.0,47280181.428571425
ESP,Europe,Spain,2021-01-03,45408466.14285714,131091.7142857143,1740478.8571428568,52577.285714285725,47332614.0,47280036.71428572
ESP,Europe,Spain,2021-01-04,45397118.85714286,132857.0,1749924.2857142857,52713.857142857145,47332614.0,47279900.14285714
ESP,Europe,Spain,2021-01-05,45384398.57142857,135925.85714285713,1759434.5714285714,52855.0,47332614.0,47279759.0
ESP,Europe,Spain,2021-01-06,45374066.28571428,136452.7142857143,1769134.1428571432,52960.857142857145,47332614.0,47279653.14285714
ESP,Europe,Spain,2021-01-07,45360260.71428572,140355.2857142857,1778917.4285714286,53080.571428571435,47332614.0,47279533.428571425
ESP,Europe,Spain,2021-01-08,45342818.57142857,149532.57142857142,1787034.1428571432,53228.714285714275,47332614.0,47279385.28571428
ESP,Europe,Spain,2021-01-09,45325376.42857143,158709.85714285713,1795150.8571428568,53376.857142857145,47332614.00000001,47279237.14285715
ESP,Europe,Spain,2021-01-10,45307934.28571428,167887.14285714287,1803267.5714285716,53525.0,47332614.0,47279089.0
ESP,Europe,Spain,2021-01-11,45286086.0,181092.7142857143,1811739.2857142857,53696.0,47332614.0,47278918.0
ESP,Europe,Spain,2021-01-12,45263989.42857143,194056.42857142855,1820693.1428571432,53875.0,47332614.0,47278739.0
ESP,Europe,Spain,2021-01-13,45236340.14285714,211936.2857142857,1830255.7142857143,54081.857142857145,47332614.0,47278532.14285714
ESP,Europe,Spain,2021-01-14,45209616.85714287,228130.2857142857,1840584.4285714286,54282.428571428565,47332614.00000001,47278331.57142858
ESP,Europe,Spain,2021-01-15,45180787.71428572,246425.0,1850913.1428571432,54488.142857142855,47332614.0,47278125.85714286
ESP,Europe,Spain,2021-01-16,45151958.57142857,264719.71428571426,1861241.8571428568,54693.857142857145,47332614.0,47277920.14285714
ESP,Europe,Spain,2021-01-17,45123129.42857143,283014.4285714286,1871570.5714285716,54899.571428571435,47332614.00000001,47277714.42857143
ESP,Europe,Spain,2021-01-18,45091033.85714286,303685.85714285716,1882781.2857142857,55113.0,47332614.0,47277501.0
ESP,Europe,Spain,2021-01-19,45057673.57142858,324254.14285714284,1895360.4285714286,55325.857142857145,47332614.00000001,47277288.14285715
ESP,Europe,Spain,2021-01-20,45023926.571428575,347523.4285714286,1905586.8571428568,55577.142857142855,47332614.0,47277036.85714286
ESP,Europe,Spain,2021-01-21,44988968.28571428,368515.5714285714,1919272.7142857143,55857.428571428565,47332614.0,47276756.571428575
ESP,Europe,Spain,2021-01-22,44953626.0,386260.0,1936566.7142857143,56161.285714285725,47332614.0,47276452.71428572
ESP,Europe,Spain,2021-01-23,44918283.71428572,404004.4285714286,1953860.7142857143,56465.142857142855,47332614.0,47276148.85714286
ESP,Europe,Spain,2021-01-24,44882941.42857143,421748.85714285716,1971154.7142857143,56769.0,47332614.00000001,47275845.00000001
ESP,Europe,Spain,2021-01-25,44846237.0,436427.5714285714,1992832.0,57117.42857142857,47332614.0,47275496.571428575
ESP,Europe,Spain,2021-01-26,44809226.28571428,451146.2857142858,2014749.5714285716,57491.857142857145,47332614.0,47275122.14285714
ESP,Europe,Spain,2021-01-27,44772400.0,460151.0,2042192.0,57871.0,47332614.0,47274743.0
ESP,Europe,Spain,2021-01-28,44736924.85714286,468708.4285714286,2068714.7142857143,58266.0,47332614.0,47274348.0
ESP,Europe,Spain,2021-01-29,44702130.71428572,474468.0,2097338.1428571427,58677.142857142855,47332614.0,47273936.85714286
ESP,Europe,Spain,2021-01-30,44667336.57142857,480227.5714285714,2125961.5714285714,59088.285714285725,47332614.0,47273525.71428572
ESP,Europe,Spain,2021-01-31,44632542.42857143,485987.1428571429,2154585.0,59499.42857142857,47332614.0,47273114.571428575
ESP,Europe,Spain,2021-02-01,44599767.71428572,486469.2857142858,2186467.1428571427,59909.857142857145,47332614.0,47272704.14285714
ESP,Europe,Spain,2021-02-02,44568046.0,484613.4285714286,2219614.5714285714,60340.0,47332614.0,47272274.0
ESP,Europe,Spain,2021-02-03,44537565.571428575,481158.2857142858,2253110.285714286,60779.857142857145,47332614.0,47271834.14285714
ESP,Europe,Spain,2021-02-04,44507790.71428572,475827.1428571429,2287788.285714286,61207.857142857145,47332614.0,47271406.14285714
ESP,Europe,Spain,2021-02-05,44479380.57142857,468760.7142857143,2322826.714285714,61646.0,47332614.0,47270968.0
ESP,Europe,Spain,2021-02-06,44450970.42857143,461694.2857142858,2357865.1428571427,62084.142857142855,47332614.0,47270529.85714286
ESP,Europe,Spain,2021-02-07,44422560.28571428,454627.85714285716,2392903.5714285714,62522.285714285725,47332614.0,47270091.71428572
ESP,Europe,Spain,2021-02-08,44398806.0,441567.0,2429259.5714285714,62981.42857142857,47332614.0,47269632.571428575
ESP,Europe,Spain,2021-02-09,44376860.57142857,426411.0,2465895.8571428573,63446.57142857143,47332614.0,47269167.428571425
ESP,Europe,Spain,2021-02-10,44356841.14285714,409507.0,2502343.0,63922.857142857145,47332614.0,47268691.14285714
ESP,Europe,Spain,2021-02-11,44338551.28571428,392228.85714285716,2537423.1428571427,64410.714285714275,47332614.0,47268203.28571428
ESP,Europe,Spain,2021-02-12,44322259.14285714,373657.85714285716,2571806.1428571427,64890.857142857145,47332614.0,47267723.14285714
ESP,Europe,Spain,2021-02-13,44305967.0,355086.85714285716,2606189.1428571427,65371.0,47332614.0,47267243.0
ESP,Europe,Spain,2021-02-14,44289674.85714286,336515.85714285716,2640572.1428571427,65851.14285714286,47332614.0,47266762.85714286
ESP,Europe,Spain,2021-02-15,44275789.0,317586.85714285716,2672936.4285714286,66301.71428571429,47332614.0,47266312.28571428
ESP,Europe,Spain,2021-02-16,44262809.57142857,298857.85714285716,2704228.0,66718.57142857142,47332614.0,47265895.428571425
ESP,Europe,Spain,2021-02-17,44250870.85714285,280382.85714285716,2734268.5714285714,67091.71428571429,47332614.0,47265522.28571428
ESP,Europe,Spain,2021-02-18,44239409.0,262142.57142857145,2763615.4285714286,67447.0,47332614.0,47265167.0
ESP,Europe,Spain,2021-02-19,44228396.571428575,244846.7142857143,2791587.4285714286,67783.28571428571,47332614.0,47264830.71428572
ESP,Europe,Spain,2021-02-20,44217384.14285714,227550.85714285716,2819559.4285714286,68119.57142857142,47332614.0,47264494.428571425
ESP,Europe,Spain,2021-02-21,44206371.71428572,210255.0,2847531.4285714286,68455.85714285714,47332614.0,47264158.14285714
ESP,Europe,Spain,2021-02-22,44196702.42857143,196316.7142857143,2870826.571428572,68768.28571428571,47332614.00000001,47263845.714285724
ESP,Europe,Spain,2021-02-23,44187404.0,183834.85714285716,2892306.8571428573,69068.28571428571,47332614.0,47263545.71428572
ESP,Europe,Spain,2021-02-24,44178336.57142857,173051.7142857143,2911850.0,69375.71428571429,47332614.0,47263238.28571428
ESP,Europe,Spain,2021-02-25,44169975.85714286,163309.14285714287,2929652.0,69677.0,47332614.0,47262937.0
ESP,Europe,Spain,2021-02-26,44162057.14285714,155124.2857142857,2945464.0,69968.57142857142,47332614.0,47262645.428571425
ESP,Europe,Spain,2021-02-27,44154138.42857143,146939.42857142858,2961276.0,70260.14285714286,47332614.0,47262353.85714286
ESP,Europe,Spain,2021-02-28,44146219.71428571,138754.57142857142,2977088.0,70551.71428571429,47332614.0,47262062.28571428
ESP,Europe,Spain,2021-03-01,44138996.85714286,132260.2857142857,2990523.2857142864,70833.57142857142,47332614.0,47261780.428571425
ESP,Europe,Spain,2021-03-02,44132839.85714285,125608.71428571428,3003085.8571428573,71079.57142857142,47332614.0,47261534.428571425
ESP,Europe,Spain,2021-03-03,44127122.14285714,119506.71428571428,3014651.4285714286,71333.71428571429,47332614.0,47261280.28571428
ESP,Europe,Spain,2021-03-04,44121908.85714286,113372.28571428572,3025758.0,71574.85714285714,47332614.0,47261039.14285714
ESP,Europe,Spain,2021-03-05,44116936.571428575,107383.28571428572,3036434.1428571427,71860.0,47332614.0,47260754.0
ESP,Europe,Spain,2021-03-06,44111964.28571429,101394.28571428572,3047110.2857142864,72145.14285714286,47332614.0,47260468.85714286
ESP,Europe,Spain,2021-03-07,44106992.00000001,95405.28571428572,3057786.4285714286,72430.28571428571,47332614.0,47260183.71428572
ESP,Europe,Spain,2021-03-08,44102594.00000001,90185.42857142855,3067143.2857142864,72691.28571428571,47332614.0,47259922.71428572
ESP,Europe,Spain,2021-03-09,44097622.85714286,85883.0,3076141.7142857136,72966.42857142858,47332614.0,47259647.571428575
ESP,Europe,Spain,2021-03-10,44092511.42857143,81989.57142857142,3084901.7142857136,73211.28571428571,47332614.00000001,47259402.714285724
ESP,Europe,Spain,2021-03-11,44087368.85714286,78846.42857142858,3092961.1428571427,73437.57142857142,47332614.0,47259176.428571425
ESP,Europe,Spain,2021-03-12,44082412.85714286,76015.28571428571,3100588.2857142864,73597.57142857142,47332614.0,47259016.428571425
ESP,Europe,Spain,2021-03-13,44077456.85714286,73184.14285714286,3108215.4285714286,73757.57142857142,47332614.0,47258856.428571425
ESP,Europe,Spain,2021-03-14,44072500.85714285,70353.0,3115842.571428572,73917.57142857142,47332614.0,47258696.428571425
ESP,Europe,Spain,2021-03-15,44067630.57142857,68141.14285714286,3122783.571428572,74058.71428571429,47332614.0,47258555.28571428
ESP,Europe,Spain,2021-03-16,44062624.571428575,67116.42857142858,3128694.571428572,74178.42857142858,47332614.0,47258435.571428575
ESP,Europe,Spain,2021-03-17,44057765.28571429,66393.28571428571,3134158.1428571427,74297.28571428571,47332614.0,47258316.71428572
ESP,Europe,Spain,2021-03-18,44052911.571428575,66157.0,3139130.2857142864,74415.14285714286,47332614.0,47258198.85714286
ESP,Europe,Spain,2021-03-19,44048821.85714287,65466.42857142857,3143817.4285714286,74508.28571428571,47332614.00000001,47258105.714285724
ESP,Europe,Spain,2021-03-20,44044732.14285714,64775.857142857145,3148504.571428572,74601.42857142858,47332614.0,47258012.571428575
ESP,Europe,Spain,2021-03-21,44040642.42857143,64085.285714285725,3153191.7142857136,74694.57142857142,47332614.00000001,47257919.42857143
ESP,Europe,Spain,2021-03-22,44035822.28571428,64608.57142857143,3157328.7142857136,74854.42857142858,47332614.0,47257759.571428575
ESP,Europe,Spain,2021-03-23,44030923.0,64643.42857142857,3162024.7142857136,75022.85714285714,47332614.0,47257591.14285714
ESP,Europe,Spain,2021-03-24,44026894.0,63670.0,3166891.2857142864,75158.71428571429,47332614.0,47257455.28571428
ESP,Europe,Spain,2021-03-25,44021836.0,63596.0,3171807.571428572,75374.42857142858,47332614.0,47257239.571428575
ESP,Europe,Spain,2021-03-26,44015694.28571428,64641.714285714275,3176603.571428572,75674.42857142858,47332614.0,47256939.571428575
ESP,Europe,Spain,2021-03-27,44009552.571428575,65687.42857142858,3181399.571428572,75974.42857142858,47332614.0,47256639.571428575
ESP,Europe,Spain,2021-03-28,44003410.85714286,66733.14285714286,3186195.571428572,76274.42857142858,47332614.0,47256339.571428575
ESP,Europe,Spain,2021-03-29,43997407.71428571,67770.57142857142,3190924.7142857136,76511.0,47332614.0,47256103.0
ESP,Europe,Spain,2021-03-30,43991479.14285714,68589.85714285714,3195811.0,76734.0,47332614.0,47255880.0
ESP,Europe,Spain,2021-03-31,43984331.42857143,70752.14285714286,3200551.4285714286,76979.0,47332614.0,47255635.0
ESP,Europe,Spain,2021-04-01,43978094.85714286,72092.71428571429,3205287.2857142864,77139.14285714286,47332614.0,47255474.85714286
ESP,Europe,Spain,2021-04-02,43972942.0,73173.14285714286,3209283.8571428573,77215.0,47332614.0,47255399.0
ESP,Europe,Spain,2021-04-03,43966421.85714287,75598.42857142858,3213280.4285714286,77313.28571428571,47332614.00000001,47255300.714285724
ESP,Europe,Spain,2021-04-04,43959901.71428571,78023.71428571429,3217277.0,77411.57142857142,47332614.0,47255202.428571425
ESP,Europe,Spain,2021-04-05,43954116.0,79065.71428571429,3221937.2857142864,77495.0,47332614.0,47255119.0
ESP,Europe,Spain,2021-04-06,43948097.57142857,80266.71428571429,3226668.1428571427,77581.57142857142,47332614.0,47255032.428571425
ESP,Europe,Spain,2021-04-07,43942042.85714286,82345.71428571429,3230561.2857142864,77664.14285714286,47332614.0,47254949.85714286
ESP,Europe,Spain,2021-04-08,43935579.57142857,83875.57142857142,3235403.571428572,77755.28571428571,47332614.0,47254858.71428572
ESP,Europe,Spain,2021-04-09,43927562.71428572,85938.28571428571,3241245.2857142864,77867.71428571429,47332614.0,47254746.28571428
ESP,Europe,Spain,2021-04-10,43920913.14285714,86656.14285714286,3247087.0,77957.71428571429,47332614.0,47254656.28571428
ESP,Europe,Spain,2021-04-11,43914263.57142857,87374.0,3252928.7142857136,78047.71428571429,47332614.0,47254566.28571428
ESP,Europe,Spain,2021-04-12,43905844.85714286,89920.14285714287,3258695.2857142864,78153.71428571429,47332614.0,47254460.28571428
ESP,Europe,Spain,2021-04-13,43897473.42857143,92484.0,3264400.8571428573,78255.71428571429,47332614.00000001,47254358.28571429
ESP,Europe,Spain,2021-04-14,43888861.14285714,94090.85714285713,3271303.571428572,78358.42857142858,47332614.0,47254255.571428575
ESP,Europe,Spain,2021-04-15,43880282.85714286,96492.28571428572,3277380.0,78458.85714285714,47332614.0,47254155.14285714
ESP,Europe,Spain,2021-04-16,43871744.14285714,99860.71428571428,3282457.0,78552.14285714286,47332614.0,47254061.85714286
ESP,Europe,Spain,2021-04-17,43863205.42857143,101884.28571428572,3288878.8571428573,78645.42857142858,47332614.0,47253968.571428575
ESP,Europe,Spain,2021-04-18,43854666.71428571,103907.85714285713,3295300.7142857136,78738.71428571429,47332614.0,47253875.28571428
ESP,Europe,Spain,2021-04-19,43846367.0,106422.85714285713,3301003.0,78821.14285714286,47332614.0,47253792.85714286
ESP,Europe,Spain,2021-04-20,43838966.14285714,107823.71428571428,3306934.8571428573,78889.28571428571,47332614.0,47253724.71428572
ESP,Europe,Spain,2021-04-21,43830530.42857143,110200.42857142855,3312907.0,78976.14285714286,47332614.0,47253637.85714286
ESP,Europe,Spain,2021-04-22,43821930.28571428,112340.71428571428,3319279.1428571427,79063.85714285714,47332614.0,47253550.14285714
ESP,Europe,Spain,2021-04-23,43813168.28571428,113111.14285714286,3327183.571428572,79151.0,47332614.0,47253463.0
ESP,Europe,Spain,2021-04-24,43804406.28571429,115226.42857142855,3333743.1428571427,79238.14285714286,47332614.0,47253375.85714286
ESP,Europe,Spain,2021-04-25,43795644.28571428,117341.71428571428,3340302.7142857136,79325.28571428571,47332614.0,47253288.71428572
ESP,Europe,Spain,2021-04-26,43787056.42857143,117526.0,3348615.4285714286,79416.14285714286,47332614.0,47253197.85714286
ESP,Europe,Spain,2021-04-27,43777373.57142857,118831.85714285714,3356884.8571428573,79523.71428571429,47332614.0,47253090.28571428
ESP,Europe,Spain,2021-04-28,43768984.00000001,118629.14285714286,3365394.4285714286,79606.42857142858,47332614.0,47253007.571428575
ESP,Europe,Spain,2021-04-29,43760690.28571428,118361.57142857145,3373872.2857142864,79689.85714285714,47332614.0,47252924.14285714
ESP,Europe,Spain,2021-04-30,43752767.42857143,117749.71428571428,3382317.7142857136,79779.14285714286,47332614.00000001,47252834.857142866
ESP,Europe,Spain,2021-05-01,43744844.571428575,117137.85714285714,3390763.1428571427,79868.42857142858,47332614.0,47252745.571428575
ESP,Europe,Spain,2021-05-02,43736921.71428571,116526.0,3399208.571428572,79957.71428571429,47332614.0,47252656.28571428
ESP,Europe,Spain,2021-05-03,43729498.71428572,115652.42857142855,3407425.8571428573,80037.0,47332614.0,47252577.0
ESP,Europe,Spain,2021-05-04,43722525.71428571,115215.0,3414758.571428572,80114.71428571429,47332614.0,47252499.28571428
ESP,Europe,Spain,2021-05-05,43715888.14285714,113414.71428571428,3423107.4285714286,80203.71428571429,47332614.0,47252410.28571428
ESP,Europe,Spain,2021-05-06,43709562.42857143,111135.71428571428,3431619.8571428573,80296.0,47332614.00000001,47252318.00000001
ESP,Europe,Spain,2021-05-07,43703372.28571428,108568.71428571428,3440294.7142857136,80378.28571428571,47332614.0,47252235.71428572
ESP,Europe,Spain,2021-05-08,43697182.142857134,106001.71428571428,3448969.571428572,80460.57142857142,47332614.0,47252153.428571425
ESP,Europe,Spain,2021-05-09,43690992.0,103434.71428571428,3457644.4285714286,80542.85714285714,47332614.0,47252071.14285714
ESP,Europe,Spain,2021-05-10,43685140.28571429,100703.42857142855,3466141.4285714286,80628.85714285714,47332614.0,47251985.14285714
ESP,Europe,Spain,2021-05-11,43679227.71428571,96940.57142857145,3475716.7142857136,80729.0,47332614.0,47251885.0
ESP,Europe,Spain,2021-05-12,43673300.71428571,94469.0,3484023.571428572,80820.71428571429,47332614.0,47251793.28571428
ESP,Europe,Spain,2021-05-13,43667696.42857143,91783.71428571428,3492233.8571428573,80900.0,47332614.00000001,47251714.00000001
ESP,Europe,Spain,2021-05-14,43662354.85714286,89213.57142857142,3500067.4285714286,80978.14285714286,47332614.0,47251635.85714286
ESP,Europe,Spain,2021-05-15,43657013.28571429,86643.42857142858,3507901.0,81056.28571428571,47332614.0,47251557.71428572
ESP,Europe,Spain,2021-05-16,43651671.71428572,84073.28571428571,3515734.571428572,81134.42857142858,47332614.0,47251479.571428575
ESP,Europe,Spain,2021-05-17,43646747.71428572,81576.85714285714,3523078.2857142864,81211.14285714286,47332614.0,47251402.85714286
ESP,Europe,Spain,2021-05-18,43641959.85714285,79412.0,3529973.571428572,81268.57142857142,47332614.0,47251345.428571425
ESP,Europe,Spain,2021-05-19,43637220.28571428,77551.57142857142,3536522.1428571427,81320.0,47332614.0,47251294.0
ESP,Europe,Spain,2021-05-20,43632476.142857134,76016.57142857142,3542755.571428572,81365.71428571429,47332614.0,47251248.28571428
ESP,Europe,Spain,2021-05-21,43627954.14285714,74390.57142857142,3548863.4285714286,81405.85714285714,47332614.0,47251208.14285714
ESP,Europe,Spain,2021-05-22,43623432.14285714,72764.57142857142,3554971.2857142864,81446.0,47332614.0,47251168.0
ESP,Europe,Spain,2021-05-23,43618910.14285714,71138.57142857142,3561079.1428571427,81486.14285714286,47332614.0,47251127.85714286
ESP,Europe,Spain,2021-05-24,43614387.28571428,69855.85714285714,3566844.8571428573,81526.0,47332614.0,47251088.0
ESP,Europe,Spain,2021-05-25,43609668.571428575,68719.42857142858,3572657.2857142864,81568.71428571429,47332614.0,47251045.28571428
ESP,Europe,Spain,2021-05-26,43605103.142857134,67408.57142857142,3578492.571428572,81609.71428571429,47332614.0,47251004.28571428
ESP,Europe,Spain,2021-05-27,43600600.99999999,66344.71428571429,3584017.571428572,81650.71428571429,47332614.0,47250963.28571428
ESP,Europe,Spain,2021-05-28,43596000.28571429,65641.28571428571,3589281.0,81691.42857142858,47332614.0,47250922.571428575
ESP,Europe,Spain,2021-05-29,43591399.571428575,64937.857142857145,3594544.4285714286,81732.14285714286,47332614.0,47250881.85714286
ESP,Europe,Spain,2021-05-30,43586798.85714286,64234.42857142857,3599807.8571428573,81772.85714285714,47332614.0,47250841.14285714
ESP,Europe,Spain,2021-05-31,43582388.85714286,63762.57142857143,3604655.142857143,81807.42857142858,47332614.0,47250806.571428575
ESP,Europe,Spain,2021-06-01,43578117.571428575,63277.42857142857,3609385.5714285714,81833.42857142858,47332614.0,47250780.571428575
ESP,Europe,Spain,2021-06-02,43573849.57142857,62829.57142857143,3614073.7142857136,81861.14285714286,47332614.0,47250752.85714286
ESP,Europe,Spain,2021-06-03,43569587.28571429,62370.42857142857,3618772.142857143,81884.14285714286,47332614.0,47250729.85714286
ESP,Europe,Spain,2021-06-04,43565398.28571428,62036.142857142855,3623254.0,81925.57142857142,47332614.0,47250688.428571425
ESP,Europe,Spain,2021-06-05,43561209.28571428,61701.714285714275,3627735.857142857,81967.14285714286,47332614.0,47250646.85714286
ESP,Europe,Spain,2021-06-06,43557020.28571428,61367.285714285725,3632217.7142857136,82008.71428571429,47332614.0,47250605.28571428
ESP,Europe,Spain,2021-06-07,43552858.42857143,61005.714285714275,3636700.7142857136,82049.14285714286,47332614.00000001,47250564.857142866
ESP,Europe,Spain,2021-06-08,43548822.85714285,60318.714285714275,3641376.7142857136,82095.71428571429,47332614.0,47250518.28571428
ESP,Europe,Spain,2021-06-09,43544866.85714286,59709.857142857145,3645901.142857143,82136.14285714286,47332614.0,47250477.85714286
ESP,Europe,Spain,2021-06-10,43539660.28571428,60395.857142857145,3650362.2857142864,82195.57142857142,47332614.0,47250418.428571425
ESP,Europe,Spain,2021-06-11,43534571.85714286,60880.57142857143,3654922.2857142864,82239.28571428571,47332614.0,47250374.71428572
ESP,Europe,Spain,2021-06-12,43529483.42857143,61365.42857142857,3659482.2857142864,82282.85714285714,47332614.0,47250331.14285714
ESP,Europe,Spain,2021-06-13,43524395.00000001,61850.285714285725,3664042.2857142864,82326.42857142858,47332614.0,47250287.571428575
ESP,Europe,Spain,2021-06-14,43519502.99999999,62326.714285714275,3668417.7142857136,82366.57142857142,47332614.0,47250247.428571425
ESP,Europe,Spain,2021-06-15,43514621.28571428,62924.57142857143,3672663.0,82405.14285714286,47332614.0,47250208.85714286
ESP,Europe,Spain,2021-06-16,43509824.57142857,63440.57142857143,3676903.2857142864,82445.57142857142,47332614.0,47250168.428571425
ESP,Europe,Spain,2021-06-17,43506428.85714285,62572.857142857145,3681142.5714285714,82469.71428571429,47332614.0,47250144.28571428
ESP,Europe,Spain,2021-06-18,43503022.85714286,61809.714285714275,3685290.142857143,82491.28571428571,47332614.0,47250122.71428572
ESP,Europe,Spain,2021-06-19,43499616.85714285,61046.714285714275,3689437.5714285714,82512.85714285714,47332614.0,47250101.14285714
ESP,Europe,Spain,2021-06-20,43496210.85714286,60283.714285714275,3693585.0,82534.42857142858,47332614.0,47250079.571428575
ESP,Europe,Spain,2021-06-21,43492941.71428572,59406.857142857145,3697706.4285714286,82559.0,47332614.0,47250055.0
ESP,Europe,Spain,2021-06-22,43489585.71428572,58753.857142857145,3701695.4285714286,82579.0,47332614.0,47250035.0
ESP,Europe,Spain,2021-06-23,43486157.0,58248.0,3705611.0,82598.0,47332614.0,47250016.0
ESP,Europe,Spain,2021-06-24,43482684.0,56555.0,3710758.142857143,82616.85714285714,47332614.0,47249997.14285714
ESP,Europe,Spain,2021-06-25,43479109.57142857,55066.571428571435,3715802.857142857,82635.0,47332614.0,47249979.0
ESP,Europe,Spain,2021-06-26,43475535.14285714,53578.0,3720847.7142857136,82653.14285714286,47332614.0,47249960.85714286
ESP,Europe,Spain,2021-06-27,43471960.71428572,52089.428571428565,3725892.5714285714,82671.28571428571,47332614.0,47249942.71428572
ESP,Europe,Spain,2021-06-28,43467962.0,51222.0,3730744.4285714286,82685.57142857142,47332614.0,47249928.428571425
ESP,Europe,Spain,2021-06-29,43463527.42857143,50797.714285714275,3735587.5714285714,82701.28571428571,47332614.00000001,47249912.714285724
ESP,Europe,Spain,2021-06-30,43458394.85714286,51155.857142857145,3740343.857142857,82719.42857142858,47332614.0,47249894.571428575
ESP,Europe,Spain,2021-07-01,43452142.571428575,54019.857142857145,3743715.4285714286,82736.14285714286,47332614.0,47249877.85714286
ESP,Europe,Spain,2021-07-02,43444799.0,57960.142857142855,3747099.857142857,82755.0,47332614.0,47249859.0
ESP,Europe,Spain,2021-07-03,43437455.42857143,61900.42857142857,3750484.2857142864,82773.85714285714,47332614.0,47249840.14285714
ESP,Europe,Spain,2021-07-04,43430111.85714285,65840.71428571429,3753868.7142857136,82792.71428571429,47332614.0,47249821.28571428
ESP,Europe,Spain,2021-07-05,43419564.28571429,73123.0,3757113.2857142864,82813.42857142858,47332614.0,47249800.571428575
ESP,Europe,Spain,2021-07-06,43408010.14285714,81323.57142857142,3760449.2857142864,82831.0,47332614.0,47249783.0
ESP,Europe,Spain,2021-07-07,43395290.71428572,90619.85714285713,3763859.0,82844.42857142858,47332614.0,47249769.571428575
ESP,Europe,Spain,2021-07-08,43381861.0,100579.14285714287,3767313.142857143,82860.71428571429,47332614.0,47249753.28571428
ESP,Europe,Spain,2021-07-09,43367100.42857143,111770.28571428572,3770869.4285714286,82873.85714285714,47332614.0,47249740.14285714
ESP,Europe,Spain,2021-07-10,43352339.85714286,122961.42857142855,3774425.7142857136,82887.0,47332614.0,47249727.0
ESP,Europe,Spain,2021-07-11,43337579.28571428,134152.57142857142,3777982.0,82900.14285714286,47332614.0,47249713.85714286
ESP,Europe,Spain,2021-07-12,43322629.42857143,145105.7142857143,3781966.4285714286,82912.42857142858,47332614.0,47249701.571428575
ESP,Europe,Spain,2021-07-13,43303419.14285714,159885.57142857142,3786385.2857142864,82924.0,47332614.0,47249690.0
ESP,Europe,Spain,2021-07-14,43282922.28571428,175257.42857142858,3791499.7142857136,82934.57142857142,47332614.0,47249679.428571425
ESP,Europe,Spain,2021-07-15,43260943.85714286,190987.85714285716,3797735.2857142864,82947.0,47332614.0,47249667.0
ESP,Europe,Spain,2021-07-16,43237653.85714286,206939.85714285716,3805060.0,82960.28571428571,47332614.0,47249653.71428572
ESP,Europe,Spain,2021-07-17,43214363.85714285,222891.85714285716,3812384.7142857136,82973.57142857142,47332614.0,47249640.428571425
ESP,Europe,Spain,2021-07-18,43191073.85714286,238843.85714285716,3819709.4285714286,82986.85714285714,47332614.0,47249627.14285714
ESP,Europe,Spain,2021-07-19,43163827.28571429,255549.42857142855,3830236.2857142864,83001.0,47332614.0,47249613.0
ESP,Europe,Spain,2021-07-20,43138962.71428572,268861.0,3841772.857142857,83017.42857142858,47332614.0,47249596.571428575
ESP,Europe,Spain,2021-07-21,43113498.57142857,281601.5714285714,3854478.857142857,83035.0,47332614.0,47249579.0
ESP,Europe,Spain,2021-07-22,43087770.571428575,293900.4285714286,3867892.2857142864,83050.71428571429,47332614.0,47249563.28571428
ESP,Europe,Spain,2021-07-23,43062026.71428571,304879.0,3882639.7142857136,83068.57142857142,47332614.0,47249545.428571425
ESP,Europe,Spain,2021-07-24,43036282.85714286,315857.5714285714,3897387.142857143,83086.42857142858,47332614.0,47249527.571428575
ESP,Europe,Spain,2021-07-25,43010539.0,326836.14285714284,3912134.5714285714,83104.28571428571,47332614.0,47249509.71428572
ESP,Europe,Spain,2021-07-26,42984795.57142857,337620.71428571426,3927072.142857143,83125.57142857142,47332614.0,47249488.428571425
ESP,Europe,Spain,2021-07-27,42959178.85714285,344013.71428571426,3946270.857142857,83150.57142857142,47332614.0,47249463.428571425
ESP,Europe,Spain,2021-07-28,42934053.28571429,348620.14285714284,3966757.142857143,83183.42857142858,47332614.0,47249430.571428575
ESP,Europe,Spain,2021-07-29,42909334.28571428,351337.71428571426,3988723.142857143,83218.85714285714,47332614.0,47249395.14285714
ESP,Europe,Spain,2021-07-30,42885532.14285714,351825.2857142857,4011999.857142857,83256.71428571429,47332614.0,47249357.28571428
ESP,Europe,Spain,2021-07-31,42861729.99999999,352312.85714285716,4035276.5714285714,83294.57142857142,47332614.0,47249319.428571425
ESP,Europe,Spain,2021-08-01,42837927.85714287,352800.4285714286,4058553.2857142864,83332.42857142858,47332614.00000001,47249281.57142858
ESP,Europe,Spain,2021-08-02,42814938.0,348504.2857142857,4085785.7142857136,83386.0,47332614.0,47249228.0
ESP,Europe,Spain,2021-08-03,42792815.571428575,345714.2857142857,4110633.857142857,83450.28571428571,47332614.0,47249163.71428572
ESP,Europe,Spain,2021-08-04,42771446.71428572,341572.5714285714,4136080.4285714286,83514.28571428571,47332614.0,47249099.71428572
ESP,Europe,Spain,2021-08-05,42750835.28571428,336401.85714285716,4161792.7142857136,83584.14285714286,47332614.0,47249029.85714286
ESP,Europe,Spain,2021-08-06,42730679.85714286,330757.0,4187518.7142857136,83658.42857142858,47332614.0,47248955.571428575
ESP,Europe,Spain,2021-08-07,42710524.42857143,325112.14285714284,4213244.714285715,83732.71428571429,47332614.00000001,47248881.28571429
ESP,Europe,Spain,2021-08-08,42690369.0,319467.2857142857,4238970.714285715,83807.0,47332614.0,47248807.0
ESP,Europe,Spain,2021-08-09,42672542.28571428,311503.0,4264692.857142857,83875.85714285714,47332614.0,47248738.14285714
ESP,Europe,Spain,2021-08-10,42655379.42857143,303009.2857142857,4290284.571428572,83940.71428571429,47332614.00000001,47248673.28571429
ESP,Europe,Spain,2021-08-11,42638909.571428575,294318.4285714286,4315377.285714285,84008.71428571429,47332614.0,47248605.28571428
ESP,Europe,Spain,2021-08-12,42623007.85714285,285468.5714285714,4340060.857142857,84076.71428571429,47332614.0,47248537.28571428
ESP,Europe,Spain,2021-08-13,42607949.571428575,276696.2857142857,4363825.142857143,84143.0,47332614.0,47248471.0
ESP,Europe,Spain,2021-08-14,42592891.28571429,267924.0,4387589.428571428,84209.28571428571,47332614.0,47248404.71428572
ESP,Europe,Spain,2021-08-15,42577832.99999999,259151.7142857143,4411353.714285715,84275.57142857142,47332614.0,47248338.428571425
ESP,Europe,Spain,2021-08-16,42564762.14285714,249219.1428571429,4434290.0,84342.71428571429,47332614.0,47248271.28571428
ESP,Europe,Spain,2021-08-17,42551883.28571428,239966.7142857143,4456348.142857143,84415.85714285714,47332614.0,47248198.14285714
ESP,Europe,Spain,2021-08-18,42539728.28571429,230736.42857142855,4477653.0,84496.28571428571,47332614.0,47248117.71428572
ESP,Europe,Spain,2021-08-19,42528282.57142857,221555.2857142857,4498194.571428572,84581.57142857142,47332614.0,47248032.428571425
ESP,Europe,Spain,2021-08-20,42517294.99999999,212366.57142857145,4518275.714285715,84676.71428571429,47332614.0,47247937.28571428
ESP,Europe,Spain,2021-08-21,42506307.42857143,203177.85714285716,4538356.857142857,84771.85714285714,47332614.00000001,47247842.14285715
ESP,Europe,Spain,2021-08-22,42495319.85714286,193989.1428571429,4558438.0,84867.0,47332614.0,47247747.0
ESP,Europe,Spain,2021-08-23,42484593.28571428,186851.85714285716,4576195.857142857,84973.0,47332614.0,47247641.0
ESP,Europe,Spain,2021-08-24,42474475.85714285,179758.7142857143,4593293.857142857,85085.57142857142,47332614.0,47247528.428571425
ESP,Europe,Spain,2021-08-25,42464526.28571428,173191.14285714287,4609695.714285715,85200.85714285714,47332614.0,47247413.14285714
ESP,Europe,Spain,2021-08-26,42455338.14285715,166423.14285714287,4625529.428571428,85323.28571428571,47332614.0,47247290.71428572
ESP,Europe,Spain,2021-08-27,42446573.0,160072.85714285713,4640521.428571428,85446.71428571429,47332614.0,47247167.28571428
ESP,Europe,Spain,2021-08-28,42437807.85714286,153722.57142857142,4655513.428571428,85570.14285714286,47332614.0,47247043.85714286
ESP,Europe,Spain,2021-08-29,42429042.71428572,147372.2857142857,4670505.428571428,85693.57142857142,47332614.0,47246920.428571425
ESP,Europe,Spain,2021-08-30,42421479.0,141816.7142857143,4683509.142857143,85809.14285714286,47332614.0,47246804.85714286
ESP,Europe,Spain,2021-08-31,42414244.571428575,136129.2857142857,4696314.857142857,85925.28571428571,47332614.0,47246688.71428572
ESP,Europe,Spain,2021-09-01,42407576.28571429,130611.28571428572,4708389.428571428,86037.0,47332614.0,47246577.0
ESP,Europe,Spain,2021-09-02,42400558.571428575,126157.28571428572,4719749.857142857,86148.28571428571,47332614.0,47246465.71428572
ESP,Europe,Spain,2021-09-03,42393994.85714286,121715.0,4730642.285714285,86261.85714285714,47332614.0,47246352.14285714
ESP,Europe,Spain,2021-09-04,42387431.14285714,117272.71428571428,4741534.714285715,86375.42857142858,47332614.0,47246238.571428575
ESP,Europe,Spain,2021-09-05,42380867.42857143,112830.42857142855,4752427.142857143,86489.0,47332614.0,47246125.0
ESP,Europe,Spain,2021-09-06,42375179.71428571,107785.85714285713,4763047.714285715,86600.71428571429,47332614.0,47246013.28571428
ESP,Europe,Spain,2021-09-07,42369811.85714286,103045.14285714287,4773052.571428572,86704.42857142858,47332614.0,47245909.571428575
ESP,Europe,Spain,2021-09-08,42364615.42857143,98310.85714285713,4782886.857142857,86800.85714285714,47332614.00000001,47245813.14285715
ESP,Europe,Spain,2021-09-09,42360104.42857143,93673.57142857145,4791952.571428572,86883.42857142858,47332614.00000001,47245730.57142858
ESP,Europe,Spain,2021-09-10,42355860.71428572,89204.85714285713,4800594.285714285,86954.14285714286,47332614.0,47245659.85714286
ESP,Europe,Spain,2021-09-11,42351617.0,84736.14285714286,4809236.0,87024.85714285714,47332614.0,47245589.14285714
ESP,Europe,Spain,2021-09-12,42347373.28571428,80267.42857142858,4817877.714285715,87095.57142857142,47332614.0,47245518.428571425
ESP,Europe,Spain,2021-09-13,42343351.42857143,76774.71428571429,4825325.857142857,87162.0,47332614.00000001,47245452.00000001
ESP,Europe,Spain,2021-09-14,42339653.42857143,73285.57142857142,4832444.142857143,87230.85714285714,47332614.00000001,47245383.14285715
ESP,Europe,Spain,2021-09-15,42336226.14285714,70086.14285714286,4839000.714285715,87301.0,47332614.0,47245313.0
ESP,Europe,Spain,2021-09-16,42332897.14285715,66434.28571428571,4845907.142857143,87375.42857142858,47332614.0,47245238.571428575
ESP,Europe,Spain,2021-09-17,42329742.14285714,63068.714285714275,4852357.285714285,87445.85714285714,47332614.0,47245168.14285714
ESP,Europe,Spain,2021-09-18,42326587.14285715,59703.142857142855,4858807.428571428,87516.28571428571,47332614.0,47245097.71428572
ESP,Europe,Spain,2021-09-19,42323432.142857134,56337.57142857143,4865257.571428572,87586.71428571429,47332614.0,47245027.28571428
ESP,Europe,Spain,2021-09-20,42320536.57142857,53584.571428571435,4870833.571428572,87659.28571428571,47332614.0,47244954.71428572
ESP,Europe,Spain,2021-09-21,42317756.85714286,51038.0,4876097.714285715,87721.42857142858,47332614.0,47244892.571428575
ESP,Europe,Spain,2021-09-22,42315103.28571428,48527.714285714275,4881197.714285715,87785.28571428571,47332614.0,47244828.71428572
ESP,Europe,Spain,2021-09-23,42312598.85714286,46540.0,4885626.142857143,87849.0,47332614.0,47244765.0
ESP,Europe,Spain,2021-09-24,42310162.42857143,44739.714285714275,4889799.142857143,87912.71428571429,47332614.00000001,47244701.28571429
ESP,Europe,Spain,2021-09-25,42307726.00000001,42939.42857142857,4893972.142857143,87976.42857142858,47332614.0,47244637.571428575
ESP,Europe,Spain,2021-09-26,42305289.571428575,41139.142857142855,4898145.142857143,88040.14285714287,47332614.0,47244573.85714286
ESP,Europe,Spain,2021-09-27,42302988.71428571,39427.857142857145,4902100.571428572,88096.85714285713,47332614.0,47244517.14285714
ESP,Europe,Spain,2021-09-28,42300710.71428572,38023.142857142855,4905729.714285715,88150.42857142858,47332614.0,47244463.571428575
ESP,Europe,Spain,2021-09-29,42298444.0,36888.142857142855,4909086.857142857,88195.0,47332614.0,47244419.0
ESP,Europe,Spain,2021-09-30,42296267.42857143,35777.28571428572,4912341.428571428,88227.85714285713,47332614.0,47244386.14285714
ESP,Europe,Spain,2021-10-01,42294192.14285714,34734.57142857143,4915426.0,88261.28571428571,47332614.0,47244352.71428572
ESP,Europe,Spain,2021-10-02,42292116.85714285,33691.857142857145,4918510.571428572,88294.71428571429,47332614.0,47244319.28571428
ESP,Europe,Spain,2021-10-03,42290041.571428575,32649.142857142862,4921595.142857143,88328.14285714287,47332614.0,47244285.85714286
ESP,Europe,Spain,2021-10-04,42288076.0,31759.0,4924418.142857143,88360.85714285713,47332614.0,47244253.14285714
ESP,Europe,Spain,2021-10-05,42286180.28571428,30899.571428571428,4927135.714285715,88398.42857142858,47332614.0,47244215.571428575
ESP,Europe,Spain,2021-10-06,42284350.0,30100.0,4929725.428571428,88438.57142857142,47332614.0,47244175.428571425
ESP,Europe,Spain,2021-10-07,42282604.42857143,29364.0,4932166.142857143,88479.42857142858,47332614.0,47244134.571428575
ESP,Europe,Spain,2021-10-08,42280820.0,28730.714285714286,4934538.857142857,88524.42857142858,47332614.0,47244089.571428575
ESP,Europe,Spain,2021-10-09,42279035.571428575,28097.42857142857,4936911.571428572,88569.42857142858,47332614.0,47244044.571428575
ESP,Europe,Spain,2021-10-10,42277251.14285715,27464.142857142862,4939284.285714285,88614.42857142858,47332614.0,47243999.571428575
ESP,Europe,Spain,2021-10-11,42275529.85714287,26898.42857142857,4941528.428571428,88657.28571428571,47332614.00000001,47243956.714285724
ESP,Europe,Spain,2021-10-12,42274065.85714285,26108.571428571428,4943752.857142857,88686.71428571429,47332614.0,47243927.28571428
ESP,Europe,Spain,2021-10-13,42272536.85714286,25388.142857142862,4945975.0,88714.0,47332614.0,47243900.0
ESP,Europe,Spain,2021-10-14,42270990.0,24760.42857142857,4948118.714285715,88744.85714285713,47332614.0,47243869.14285714
ESP,Europe,Spain,2021-10-15,42269451.85714285,24228.714285714286,4950160.571428572,88772.85714285713,47332614.0,47243841.14285714
ESP,Europe,Spain,2021-10-16,42267913.71428572,23697.0,4952202.428571428,88800.85714285713,47332614.0,47243813.14285714
ESP,Europe,Spain,2021-10-17,42266375.571428575,23165.285714285717,4954244.285714285,88828.85714285713,47332614.0,47243785.14285714
ESP,Europe,Spain,2021-10-18,42264742.71428572,22836.285714285717,4956177.142857143,88857.85714285713,47332614.0,47243756.14285714
ESP,Europe,Spain,2021-10-19,42262840.0,22848.857142857138,4958035.285714285,88889.85714285713,47332614.0,47243724.14285714
ESP,Europe,Spain,2021-10-20,42260970.14285715,22898.142857142862,4959825.428571428,88920.28571428571,47332614.0,47243693.71428572
ESP,Europe,Spain,2021-10-21,42259107.57142857,23029.571428571428,4961530.142857143,88946.71428571429,47332614.0,47243667.28571428
ESP,Europe,Spain,2021-10-22,42257201.0,23174.142857142862,4963269.571428572,88969.28571428571,47332614.0,47243644.71428572
ESP,Europe,Spain,2021-10-23,42255294.42857143,23318.714285714286,4965009.0,88991.85714285713,47332614.00000001,47243622.14285715
ESP,Europe,Spain,2021-10-24,42253387.85714287,23463.285714285717,4966748.428571428,89014.42857142858,47332614.00000001,47243599.57142858
ESP,Europe,Spain,2021-10-25,42251482.28571428,23668.142857142862,4968426.857142857,89036.71428571429,47332614.0,47243577.28571428
ESP,Europe,Spain,2021-10-26,42249571.42857143,24117.714285714286,4969861.428571428,89063.42857142858,47332614.0,47243550.571428575
ESP,Europe,Spain,2021-10-27,42247660.0,24497.857142857138,4971363.142857143,89093.0,47332614.0,47243521.0
ESP,Europe,Spain,2021-10-28,42245701.28571429,24909.142857142862,4972879.142857143,89124.42857142858,47332614.0,47243489.571428575
ESP,Europe,Spain,2021-10-29,42243784.71428572,25281.857142857138,4974389.285714285,89158.14285714287,47332614.0,47243455.85714286
ESP,Europe,Spain,2021-10-30,42241868.14285714,25654.571428571428,4975899.428571428,89191.85714285713,47332614.0,47243422.14285714
ESP,Europe,Spain,2021-10-31,42239951.57142857,26027.285714285717,4977409.571428572,89225.57142857142,47332614.0,47243388.428571425
ESP,Europe,Spain,2021-11-01,42238675.71428572,25673.285714285717,4979013.428571428,89251.57142857142,47332614.0,47243362.428571425
ESP,Europe,Spain,2021-11-02,42236843.571428575,25608.285714285717,4980884.142857143,89278.0,47332614.0,47243336.0
ESP,Europe,Spain,2021-11-03,42235046.42857143,25541.285714285717,4982723.571428572,89302.71428571429,47332614.00000001,47243311.28571429
ESP,Europe,Spain,2021-11-04,42233095.14285714,25634.285714285717,4984559.714285715,89324.85714285713,47332614.0,47243289.14285714
ESP,Europe,Spain,2021-11-05,42231025.0,25801.0,4986443.714285715,89344.28571428571,47332614.0,47243269.71428572
ESP,Europe,Spain,2021-11-06,42228954.85714285,25967.714285714286,4988327.714285715,89363.71428571429,47332614.0,47243250.28571428
ESP,Europe,Spain,2021-11-07,42226884.71428572,26134.42857142857,4990211.714285715,89383.14285714287,47332614.0,47243230.85714286
ESP,Europe,Spain,2021-11-08,42223897.85714286,27210.857142857138,4992095.0,89410.28571428571,47332614.0,47243203.71428572
ESP,Europe,Spain,2021-11-09,42221742.42857143,27462.857142857138,4993979.142857143,89429.57142857142,47332614.00000001,47243184.42857143
ESP,Europe,Spain,2021-11-10,42218990.71428571,28310.571428571428,4995861.0,89451.71428571429,47332614.0,47243162.28571428
ESP,Europe,Spain,2021-11-11,42216096.85714286,29252.857142857138,4997788.285714285,89476.0,47332614.0,47243138.0
ESP,Europe,Spain,2021-11-12,42213023.0,30419.714285714286,4999671.142857143,89500.14285714287,47332614.0,47243113.85714286
ESP,Europe,Spain,2021-11-13,42209949.14285714,31586.571428571428,5001554.0,89524.28571428571,47332614.0,47243089.71428572
ESP,Europe,Spain,2021-11-14,42206875.28571429,32753.42857142857,5003436.857142857,89548.42857142858,47332614.0,47243065.571428575
ESP,Europe,Spain,2021-11-15,42203318.42857143,35037.857142857145,5004686.714285715,89571.0,47332614.00000001,47243043.00000001
ESP,Europe,Spain,2021-11-16,42199177.14285714,37346.71428571428,5006492.428571428,89597.71428571429,47332614.0,47243016.28571428
ESP,Europe,Spain,2021-11-17,42195006.42857143,39722.42857142857,5008264.857142857,89620.28571428571,47332614.0,47242993.71428572
ESP,Europe,Spain,2021-11-18,42190545.85714286,42231.42857142857,5010194.0,89642.71428571429,47332614.0,47242971.28571428
ESP,Europe,Spain,2021-11-19,42185759.14285714,44947.857142857145,5012244.714285715,89662.28571428571,47332614.0,47242951.71428572
ESP,Europe,Spain,2021-11-20,42180972.42857143,47664.285714285725,5014295.428571428,89681.85714285713,47332614.0,47242932.14285714
ESP,Europe,Spain,2021-11-21,42176185.71428572,50380.714285714275,5016346.142857143,89701.42857142858,47332614.0,47242912.571428575
ESP,Europe,Spain,2021-11-22,42170530.85714286,53059.285714285725,5019305.857142857,89718.0,47332614.0,47242896.0
ESP,Europe,Spain,2021-11-23,42164492.28571429,56944.42857142857,5021442.0,89735.28571428571,47332614.0,47242878.71428572
ESP,Europe,Spain,2021-11-24,42158187.99999999,60500.714285714275,5024171.571428572,89753.71428571429,47332614.0,47242860.28571428
ESP,Europe,Spain,2021-11-25,42151463.28571428,64337.714285714275,5027041.142857143,89771.85714285713,47332614.0,47242842.14285714
ESP,Europe,Spain,2021-11-26,42144270.57142857,68460.0,5030090.857142857,89792.57142857142,47332614.0,47242821.428571425
ESP,Europe,Spain,2021-11-27,42137077.85714286,72582.28571428571,5033140.571428572,89813.28571428571,47332614.0,47242800.71428572
ESP,Europe,Spain,2021-11-28,42129885.14285714,76704.57142857142,5036190.285714285,89834.0,47332614.0,47242780.0
ESP,Europe,Spain,2021-11-29,42121687.28571428,81343.0,5039724.571428572,89859.14285714287,47332614.0,47242754.85714286
ESP,Europe,Spain,2021-11-30,42112991.71428572,85897.42857142858,5043839.142857143,89885.71428571429,47332614.0,47242728.28571428
ESP,Europe,Spain,2021-12-01,42104009.14285714,90706.71428571428,5047987.285714285,89910.85714285713,47332614.0,47242703.14285714
ESP,Europe,Spain,2021-12-02,42094277.71428572,95972.71428571428,5052425.428571428,89938.14285714287,47332614.0,47242675.85714286
ESP,Europe,Spain,2021-12-03,42083999.71428572,101454.42857142855,5057192.571428572,89967.28571428571,47332614.0,47242646.71428572
ESP,Europe,Spain,2021-12-04,42073721.71428572,106936.14285714287,5061959.714285715,89996.42857142858,47332614.0,47242617.571428575
ESP,Europe,Spain,2021-12-05,42063443.71428571,112417.85714285713,5066726.857142857,90025.57142857142,47332614.0,47242588.428571425
ESP,Europe,Spain,2021-12-06,42056438.71428572,113763.0,5072365.142857143,90047.14285714287,47332614.0,47242566.85714286
ESP,Europe,Spain,2021-12-07,42044641.28571428,119512.71428571428,5078386.428571428,90073.57142857145,47332614.0,47242540.428571425
ESP,Europe,Spain,2021-12-08,42034349.0,123496.71428571428,5084672.285714285,90096.0,47332614.0,47242518.0
ESP,Europe,Spain,2021-12-09,42022355.0,128755.71428571428,5091378.857142857,90124.42857142855,47332614.0,47242489.571428575
ESP,Europe,Spain,2021-12-10,42009881.42857143,134025.7142857143,5098550.857142857,90156.0,47332614.00000001,47242458.00000001
ESP,Europe,Spain,2021-12-11,41997407.85714285,139295.57142857142,5105722.857142857,90187.71428571428,47332614.0,47242426.28571428
ESP,Europe,Spain,2021-12-12,41984934.28571429,144565.42857142858,5112894.857142857,90219.42857142855,47332614.0,47242394.571428575
ESP,Europe,Spain,2021-12-13,41965346.14285714,155934.42857142858,5121067.571428572,90265.85714285713,47332614.0,47242348.14285714
ESP,Europe,Spain,2021-12-14,41948282.571428575,164285.42857142858,5129736.571428572,90309.42857142855,47332614.0,47242304.571428575
ESP,Europe,Spain,2021-12-15,41927341.85714286,176214.1428571429,5138694.0,90364.0,47332614.0,47242250.0
ESP,Europe,Spain,2021-12-16,41906045.71428572,187756.7142857143,5148398.142857143,90413.42857142855,47332614.0,47242200.571428575
ESP,Europe,Spain,2021-12-17,41882426.14285714,201080.57142857145,5158647.0,90460.28571428572,47332614.0,47242153.71428572
ESP,Europe,Spain,2021-12-18,41858806.57142857,214404.57142857145,5168895.857142857,90507.0,47332614.0,47242107.0
ESP,Europe,Spain,2021-12-19,41835186.99999999,227728.57142857145,5179144.714285715,90553.71428571428,47332614.0,47242060.28571428
ESP,Europe,Spain,2021-12-20,41807295.71428572,248592.2857142857,5186128.142857143,90597.85714285713,47332614.0,47242016.14285714
ESP,Europe,Spain,2021-12-21,41776020.571428575,268047.14285714284,5197899.142857143,90647.14285714287,47332614.0,47241966.85714286
ESP,Europe,Spain,2021-12-22,41740045.28571428,293707.14285714284,5208169.0,90692.57142857145,47332614.0,47241921.428571425
ESP,Europe,Spain,2021-12-23,41697782.57142857,323954.0,5220134.571428572,90742.85714285713,47332614.0,47241871.14285714
ESP,Europe,Spain,2021-12-24,41660285.42857143,348964.71428571426,5232576.571428572,90787.28571428572,47332614.00000001,47241826.714285724
ESP,Europe,Spain,2021-12-25,41622788.28571428,373975.5714285714,5245018.428571428,90831.71428571428,47332614.0,47241782.28571428
ESP,Europe,Spain,2021-12-26,41585291.14285715,398986.4285714286,5257460.285714285,90876.14285714287,47332614.0,47241737.85714286
ESP,Europe,Spain,2021-12-27,41528520.42857143,436166.0,5277002.0,90925.57142857145,47332614.00000001,47241688.42857143
ESP,Europe,Spain,2021-12-28,41464628.57142857,482985.5714285714,5294022.0,90977.85714285713,47332614.0,47241636.14285714
ESP,Europe,Spain,2021-12-29,41394919.71428572,531752.0,5314908.142857143,91034.14285714287,47332614.0,47241579.85714286
ESP,Europe,Spain,2021-12-30,41312528.571428575,592841.2857142857,5336154.857142857,91089.28571428572,47332614.0,47241524.71428572
ESP,Europe,Spain,2021-12-31,41230137.42857143,651604.5714285715,5359727.571428572,91144.42857142855,47332614.00000001,47241469.57142858
ESP,Europe,Spain,2022-01-01,41147746.28571428,710367.7142857143,5383300.428571428,91199.57142857145,47332614.0,47241414.428571425
ESP,Europe,Spain,2022-01-02,41065355.14285714,769130.8571428572,5406873.285714285,91254.71428571428,47332614.0,47241359.28571428
ESP,Europe,Spain,2022-01-03,40960371.571428575,846205.2857142857,5434720.428571428,91316.71428571428,47332614.0,47241297.28571428
ESP,Europe,Spain,2022-01-04,40852801.71428572,922487.0,5465946.285714285,91379.0,47332614.0,47241235.0
ESP,Europe,Spain,2022-01-05,40740029.0,999257.5714285716,5501876.142857143,91451.28571428572,47332614.0,47241162.71428572
ESP,Europe,Spain,2022-01-06,40650354.57142857,1046657.8571428572,5544088.571428572,91513.0,47332614.0,47241101.0
ESP,Europe,Spain,2022-01-07,40526045.85714286,1133438.2857142857,5581541.285714285,91588.57142857145,47332614.0,47241025.428571425
ESP,Europe,Spain,2022-01-08,40401737.14285714,1220218.7142857143,5618994.0,91664.14285714287,47332614.0,47240949.85714286
ESP,Europe,Spain,2022-01-09,40277428.42857143,1306999.142857143,5656446.714285715,91739.71428571428,47332614.00000001,47240874.28571429
ESP,Europe,Spain,2022-01-10,40164601.42857143,1363024.4285714286,5713168.0,91820.14285714287,47332614.0,47240793.85714286
ESP,Europe,Spain,2022-01-11,40049322.0,1414365.1428571432,5777007.571428573,91919.28571428572,47332614.0,47240694.71428572
ESP,Europe,Spain,2022-01-12,39928050.42857143,1465888.2857142857,5846660.142857143,92015.14285714287,47332614.0,47240598.85714286
ESP,Europe,Spain,2022-01-13,39784041.571428575,1527449.2857142857,5928996.142857143,92127.0,47332614.0,47240487.0
ESP,Europe,Spain,2022-01-14,39651451.571428575,1577585.4285714286,6011332.142857143,92244.85714285713,47332614.0,47240369.14285714
ESP,Europe,Spain,2022-01-15,39518861.57142857,1627721.5714285714,6093668.142857143,92362.71428571428,47332614.0,47240251.28571428
ESP,Europe,Spain,2022-01-16,39386271.57142857,1677857.7142857143,6176004.142857143,92480.57142857145,47332614.0,47240133.428571425
ESP,Europe,Spain,2022-01-17,39248099.71428571,1710985.5714285714,6280925.714285715,92603.0,47332614.0,47240011.0
ESP,Europe,Spain,2022-01-18,39115709.28571428,1735740.7142857143,6388433.285714285,92730.71428571428,47332614.0,47239883.28571428
ESP,Europe,Spain,2022-01-19,38986345.14285714,1752271.7142857143,6501133.714285715,92863.42857142855,47332614.0,47239750.571428575
ESP,Europe,Spain,2022-01-20,38857225.85714287,1791638.4285714286,6590746.428571427,93003.28571428572,47332614.00000001,47239610.714285724
ESP,Europe,Spain,2022-01-21,38731165.57142857,1793325.2857142857,6714979.571428573,93143.57142857145,47332614.0,47239470.428571425
ESP,Europe,Spain,2022-01-22,38605105.28571428,1795012.1428571432,6839212.714285715,93283.85714285713,47332614.0,47239330.14285714
ESP,Europe,Spain,2022-01-23,38479045.0,1796699.0,6963445.857142857,93424.14285714287,47332614.0,47239189.85714286
ESP,Europe,Spain,2022-01-24,38356704.00000001,1806150.4285714286,7076192.428571427,93567.14285714287,47332614.0,47239046.85714286
ESP,Europe,Spain,2022-01-25,38231448.0,1816069.1428571432,7191372.714285715,93724.14285714287,47332614.0,47238889.85714286
ESP,Europe,Spain,2022-01-26,38109676.0,1816500.5714285716,7312548.428571427,93889.0,47332614.0,47238725.0
ESP,Europe,Spain,2022-01-27,37991698.14285714,1790414.5714285714,7456445.428571427,94055.85714285713,47332614.0,47238558.14285714
ESP,Europe,Spain,2022-01-28,37876887.85714285,1772577.7142857143,7588917.571428573,94230.85714285713,47332614.0,47238383.14285714
ESP,Europe,Spain,2022-01-29,37762077.57142857,1754740.8571428568,7721389.714285715,94405.85714285713,47332614.0,47238208.14285714
ESP,Europe,Spain,2022-01-30,37647267.28571428,1736904.0,7853861.857142857,94580.85714285713,47332614.0,47238033.14285714
ESP,Europe,Spain,2022-01-31,37550072.571428575,1695873.4285714286,7991911.285714285,94756.71428571428,47332614.0,47237857.28571428
ESP,Europe,Spain,2022-02-01,37458164.14285714,1655339.5714285714,8124174.0,94936.28571428572,47332614.0,47237677.71428572
ESP,Europe,Spain,2022-02-02,37373017.28571429,1611074.1428571432,8253405.428571427,95117.14285714287,47332614.0,47237496.85714286
ESP,Europe,Spain,2022-02-03,37295944.71428572,1558985.4285714286,8382384.857142857,95299.0,47332614.0,47237315.0
ESP,Europe,Spain,2022-02-04,37235861.0,1492995.7142857143,8508304.857142856,95452.42857142855,47332614.0,47237161.571428575
ESP,Europe,Spain,2022-02-05,37175777.28571428,1427006.0,8634224.857142856,95605.85714285713,47332614.0,47237008.14285714
ESP,Europe,Spain,2022-02-06,37115693.571428575,1361016.2857142857,8760144.857142856,95759.28571428572,47332614.0,47236854.71428572
ESP,Europe,Spain,2022-02-07,37053662.42857143,1300657.2857142857,8882342.857142856,95951.42857142855,47332614.0,47236662.571428575
ESP,Europe,Spain,2022-02-08,36996494.42857143,1232540.857142857,9007441.857142856,96136.85714285713,47332614.00000001,47236477.14285715
ESP,Europe,Spain,2022-02-09,36942666.85714285,1164567.5714285714,9129049.0,96330.57142857145,47332614.0,47236283.428571425
ESP,Europe,Spain,2022-02-10,36891884.0,1097315.7142857143,9246860.0,96554.28571428572,47332614.0,47236059.71428572
ESP,Europe,Spain,2022-02-11,36834100.57142857,1040184.5714285716,9361495.285714284,96833.57142857145,47332614.0,47235780.428571425
ESP,Europe,Spain,2022-02-12,36776317.14285714,983053.4285714284,9476130.57142857,97112.85714285713,47332613.99999999,47235501.142857134
ESP,Europe,Spain,2022-02-13,36718533.71428572,925922.2857142857,9590765.857142856,97392.14285714287,47332614.0,47235221.85714286
ESP,Europe,Spain,2022-02-14,36678900.142857134,868247.5714285716,9687784.714285716,97681.57142857145,47332614.0,47234932.428571425
ESP,Europe,Spain,2022-02-15,36640616.71428572,814520.0,9779513.57142857,97963.71428571428,47332614.0,47234650.28571428
ESP,Europe,Spain,2022-02-16,36606009.14285715,763856.2857142857,9864479.57142857,98269.0,47332614.0,47234345.0
ESP,Europe,Spain,2022-02-17,36574093.28571428,718580.8571428572,9941370.285714284,98569.57142857145,47332614.0,47234044.428571425
ESP,Europe,Spain,2022-02-18,36544804.42857143,687653.2857142857,10001300.57142857,98855.71428571428,47332614.0,47233758.28571428
ESP,Europe,Spain,2022-02-19,36515515.57142857,656725.7142857143,10061230.857142856,99141.85714285713,47332614.0,47233472.14285714
ESP,Europe,Spain,2022-02-20,36486226.71428572,625798.1428571428,10121161.142857144,99428.0,47332614.0,47233186.0
ESP,Europe,Spain,2022-02-21,36459784.71428571,590134.5714285715,10183000.142857144,99694.57142857145,47332614.0,47232919.428571425
ESP,Europe,Spain,2022-02-22,36435083.71428571,557606.0,10239982.714285716,99941.57142857145,47332614.0,47232672.428571425
ESP,Europe,Spain,2022-02-23,36410839.28571429,527990.0,10293616.57142857,100168.14285714287,47332614.00000001,47232445.857142866
ESP,Europe,Spain,2022-02-24,36386354.99999999,501707.7142857143,10344175.714285716,100375.57142857145,47332614.0,47232238.428571425
ESP,Europe,Spain,2022-02-25,36362311.85714286,468045.0,10401679.857142856,100577.28571428572,47332614.0,47232036.71428572
ESP,Europe,Spain,2022-02-26,36338268.71428572,434382.2857142858,10459184.0,100779.0,47332614.0,47231835.0
ESP,Europe,Spain,2022-02-27,36314225.57142857,400719.5714285714,10516688.142857144,100980.71428571428,47332614.0,47231633.28571428
ESP,Europe,Spain,2022-02-28,36297150.71428572,378314.85714285716,10556032.285714284,101116.14285714287,47332614.0,47231497.85714286
ESP,Europe,Spain,2022-03-01,36274880.42857143,362405.5714285714,10594033.57142857,101294.42857142855,47332614.00000001,47231319.57142858
ESP,Europe,Spain,2022-03-02,36254768.57142857,348057.85714285716,10628335.857142856,101451.71428571428,47332614.0,47231162.28571428
ESP,Europe,Spain,2022-03-03,36236478.42857143,334578.85714285716,10659951.142857144,101605.57142857145,47332614.00000001,47231008.42857143
ESP,Europe,Spain,2022-03-04,36218920.71428571,322990.5714285714,10688953.857142856,101748.85714285713,47332614.0,47230865.14285714
ESP,Europe,Spain,2022-03-05,36201363.00000001,311402.2857142857,10717956.57142857,101892.14285714287,47332614.00000001,47230721.857142866
ESP,Europe,Spain,2022-03-06,36183805.28571429,299814.0,10746959.285714284,102035.42857142855,47332614.0,47230578.571428575
ESP,Europe,Spain,2022-03-07,36161105.14285714,296172.4285714286,10773134.714285716,102201.71428571428,47332614.0,47230412.28571428
ESP,Europe,Spain,2022-03-08,36143463.85714286,289220.2857142857,10797588.714285716,102341.14285714287,47332614.0,47230272.85714286
ESP,Europe,Spain,2022-03-09,36125374.99999999,283154.85714285716,10821606.57142857,102477.57142857145,47332613.99999999,47230136.42857142
ESP,Europe,Spain,2022-03-10,36107361.14285715,276772.14285714284,10845883.42857143,102597.28571428572,47332614.0,47230016.71428572
ESP,Europe,Spain,2022-03-11,36089711.71428572,270477.0,10869724.857142856,102700.42857142855,47332614.0,47229913.571428575
ESP,Europe,Spain,2022-03-12,36072062.28571428,264181.85714285716,10893566.285714284,102803.57142857145,47332614.0,47229810.428571425
ESP,Europe,Spain,2022-03-13,36054412.85714285,257886.7142857143,10917407.714285716,102906.71428571428,47332614.0,47229707.28571428
ESP,Europe,Spain,2022-03-14,36041905.85714286,253374.1428571429,10934347.142857144,102986.85714285713,47332614.0,47229627.14285714
ESP,Europe,Spain,2022-03-15,36027553.57142857,245554.85714285716,10956439.142857144,103066.42857142855,47332613.99999999,47229547.57142857
ESP,Europe,Spain,2022-03-16,36016335.0,236758.2857142857,10976393.714285716,103127.0,47332614.0,47229487.0
ESP,Europe,Spain,2022-03-17,36008347.14285715,226561.42857142855,10994530.0,103175.42857142855,47332614.0,47229438.571428575
ESP,Europe,Spain,2022-03-18,35993966.71428571,223446.2857142857,11011944.42857143,103256.57142857145,47332613.99999999,47229357.42857142
ESP,Europe,Spain,2022-03-19,35979586.28571428,220331.1428571429,11029358.857142856,103337.71428571428,47332614.0,47229276.28571428
ESP,Europe,Spain,2022-03-20,35965205.85714286,217216.0,11046773.285714284,103418.85714285713,47332614.0,47229195.14285714
ESP,Europe,Spain,2022-03-21,35950825.42857143,208981.42857142855,11069307.142857144,103500.0,47332614.0,47229114.0
ESP,Europe,Spain,2022-03-22,35933862.0,208352.0,11086809.0,103591.0,47332614.0,47229023.0
ESP,Europe,Spain,2022-03-23,35916898.57142857,207272.0,11104761.42857143,103682.0,47332614.0,47228932.0
ESP,Europe,Spain,2022-03-24,35899935.14285715,206250.2857142857,11122655.57142857,103773.0,47332614.0,47228841.0
