country_region_code,country_region,place_id,date,retail_and_recreation_percent_change_from_baseline,grocery_and_pharmacy_percent_change_from_baseline,parks_percent_change_from_baseline,transit_stations_percent_change_from_baseline,workplaces_percent_change_from_baseline,residential_percent_change_from_baseline,average_perc,average_rate
ES,Spain,ChIJi7xhMnjjQgwR7KNoB5Qs7KY,2020-02-15,2.0,-1.0,26.0,8.0,0.0,-2.0,5.5,0.055
ES,Spain,ChIJi7xhMnjjQgwR7KNoB5Qs7KY,2020-02-16,2.0,3.0,13.0,5.0,-1.0,-2.0,3.3333333333333335,0.03333333333333333
ES,Spain,ChIJi7xhMnjjQgwR7KNoB5Qs7KY,2020-02-17,0.0,1.0,9.0,3.0,3.0,-1.0,2.5,0.025
ES,Spain,ChIJi7xhMnjjQgwR7KNoB5Qs7KY,2020-02-18,-2.0,0.0,5.0,4.0,3.0,0.0,1.6666666666666667,0.016666666666666666
ES,Spain,ChIJi7xhMnjjQgwR7KNoB5Qs7KY,2020-02-19,0.0,1.0,11.0,2.0,3.0,-1.0,2.6666666666666665,0.026666666666666665
ES,Spain,ChIJi7xhMnjjQgwR7KNoB5Qs7KY,2020-02-20,1.0,1.0,15.0,5.0,3.0,-1.0,4.0,0.04
ES,Spain,ChIJi7xhMnjjQgwR7KNoB5Qs7KY,2020-02-21,1.0,2.0,20.0,6.0,2.0,-2.0,4.833333333333333,0.04833333333333333
ES,Spain,ChIJi7xhMnjjQgwR7KNoB5Qs7KY,2020-02-22,2.0,2.0,44.0,14.0,2.0,-2.0,10.333333333333334,0.10333333333333333
ES,Spain,ChIJi7xhMnjjQgwR7KNoB5Qs7KY,2020-02-23,7.0,10.0,33.0,11.0,1.0,-3.0,9.833333333333334,0.09833333333333334
ES,Spain,ChIJi7xhMnjjQgwR7KNoB5Qs7KY,2020-02-24,5.0,3.0,36.0,4.0,-7.0,0.0,6.833333333333333,0.06833333333333333
ES,Spain,ChIJi7xhMnjjQgwR7KNoB5Qs7KY,2020-02-25,-2.0,-1.0,17.0,3.0,-6.0,1.0,2.0,0.02
ES,Spain,ChIJi7xhMnjjQgwR7KNoB5Qs7KY,2020-02-26,0.0,4.0,11.0,1.0,0.0,0.0,2.6666666666666665,0.026666666666666665
ES,Spain,ChIJi7xhMnjjQgwR7KNoB5Qs7KY,2020-02-27,4.0,8.0,16.0,6.0,1.0,-2.0,5.5,0.055
ES,Spain,ChIJi7xhMnjjQgwR7KNoB5Qs7KY,2020-02-28,-1.0,-7.0,33.0,2.0,-11.0,0.0,2.6666666666666665,0.026666666666666665
ES,Spain,ChIJi7xhMnjjQgwR7KNoB5Qs7KY,2020-02-29,-1.0,4.0,19.0,6.0,-1.0,-1.0,4.333333333333333,0.04333333333333333
ES,Spain,ChIJi7xhMnjjQgwR7KNoB5Qs7KY,2020-03-01,2.0,6.0,6.0,5.0,1.0,-2.0,3.0,0.03
ES,Spain,ChIJi7xhMnjjQgwR7KNoB5Qs7KY,2020-03-02,-3.0,1.0,-7.0,-3.0,-3.0,1.0,-2.3333333333333335,-0.023333333333333334
ES,Spain,ChIJi7xhMnjjQgwR7KNoB5Qs7KY,2020-03-03,-3.0,3.0,-3.0,1.0,3.0,0.0,0.16666666666666666,0.0016666666666666666
ES,Spain,ChIJi7xhMnjjQgwR7KNoB5Qs7KY,2020-03-04,0.0,4.0,9.0,2.0,3.0,0.0,3.0,0.03
ES,Spain,ChIJi7xhMnjjQgwR7KNoB5Qs7KY,2020-03-05,-1.0,2.0,2.0,0.0,2.0,0.0,0.8333333333333334,0.008333333333333333
ES,Spain,ChIJi7xhMnjjQgwR7KNoB5Qs7KY,2020-03-06,-2.0,2.0,0.0,0.0,-1.0,0.0,-0.16666666666666666,-0.0016666666666666666
ES,Spain,ChIJi7xhMnjjQgwR7KNoB5Qs7KY,2020-03-07,-1.0,1.0,17.0,4.0,1.0,-1.0,3.5,0.035
ES,Spain,ChIJi7xhMnjjQgwR7KNoB5Qs7KY,2020-03-08,4.0,7.0,19.0,8.0,1.0,-2.0,6.166666666666667,0.06166666666666667
ES,Spain,ChIJi7xhMnjjQgwR7KNoB5Qs7KY,2020-03-09,-1.0,4.0,12.0,0.0,3.0,-1.0,2.8333333333333335,0.028333333333333335
ES,Spain,ChIJi7xhMnjjQgwR7KNoB5Qs7KY,2020-03-10,-3.0,18.0,12.0,-1.0,2.0,0.0,4.666666666666667,0.04666666666666667
ES,Spain,ChIJi7xhMnjjQgwR7KNoB5Qs7KY,2020-03-11,-5.0,17.0,17.0,-9.0,-2.0,1.0,3.1666666666666665,0.03166666666666666
ES,Spain,ChIJi7xhMnjjQgwR7KNoB5Qs7KY,2020-03-12,-13.0,27.0,1.0,-16.0,-5.0,3.0,-0.5,-0.005
ES,Spain,ChIJi7xhMnjjQgwR7KNoB5Qs7KY,2020-03-13,-33.0,33.0,-22.0,-32.0,-17.0,8.0,-10.5,-0.105
ES,Spain,ChIJi7xhMnjjQgwR7KNoB5Qs7KY,2020-03-14,-69.0,-8.0,-44.0,-52.0,-31.0,14.0,-31.666666666666668,-0.31666666666666665
ES,Spain,ChIJi7xhMnjjQgwR7KNoB5Qs7KY,2020-03-15,-87.0,-49.0,-76.0,-71.0,-48.0,17.0,-52.333333333333336,-0.5233333333333333
ES,Spain,ChIJi7xhMnjjQgwR7KNoB5Qs7KY,2020-03-16,-80.0,-33.0,-72.0,-71.0,-52.0,23.0,-47.5,-0.475
ES,Spain,ChIJi7xhMnjjQgwR7KNoB5Qs7KY,2020-03-17,-83.0,-39.0,-73.0,-74.0,-59.0,25.0,-50.5,-0.505
ES,Spain,ChIJi7xhMnjjQgwR7KNoB5Qs7KY,2020-03-18,-84.0,-36.0,-73.0,-76.0,-60.0,26.0,-50.5,-0.505
ES,Spain,ChIJi7xhMnjjQgwR7KNoB5Qs7KY,2020-03-19,-88.0,-58.0,-77.0,-80.0,-71.0,31.0,-57.166666666666664,-0.5716666666666667
ES,Spain,ChIJi7xhMnjjQgwR7KNoB5Qs7KY,2020-03-20,-87.0,-39.0,-79.0,-80.0,-66.0,32.0,-53.166666666666664,-0.5316666666666666
ES,Spain,ChIJi7xhMnjjQgwR7KNoB5Qs7KY,2020-03-21,-92.0,-53.0,-87.0,-84.0,-63.0,26.0,-58.833333333333336,-0.5883333333333334
ES,Spain,ChIJi7xhMnjjQgwR7KNoB5Qs7KY,2020-03-22,-94.0,-73.0,-89.0,-87.0,-65.0,22.0,-64.33333333333333,-0.6433333333333333
ES,Spain,ChIJi7xhMnjjQgwR7KNoB5Qs7KY,2020-03-23,-85.0,-46.0,-77.0,-81.0,-65.0,28.0,-54.333333333333336,-0.5433333333333333
ES,Spain,ChIJi7xhMnjjQgwR7KNoB5Qs7KY,2020-03-24,-87.0,-50.0,-79.0,-81.0,-67.0,29.0,-55.833333333333336,-0.5583333333333333
ES,Spain,ChIJi7xhMnjjQgwR7KNoB5Qs7KY,2020-03-25,-87.0,-51.0,-78.0,-82.0,-67.0,30.0,-55.833333333333336,-0.5583333333333333
ES,Spain,ChIJi7xhMnjjQgwR7KNoB5Qs7KY,2020-03-26,-87.0,-52.0,-78.0,-82.0,-68.0,30.0,-56.166666666666664,-0.5616666666666666
ES,Spain,ChIJi7xhMnjjQgwR7KNoB5Qs7KY,2020-03-27,-88.0,-49.0,-80.0,-83.0,-68.0,33.0,-55.833333333333336,-0.5583333333333333
ES,Spain,ChIJi7xhMnjjQgwR7KNoB5Qs7KY,2020-03-28,-92.0,-57.0,-86.0,-86.0,-64.0,26.0,-59.833333333333336,-0.5983333333333334
ES,Spain,ChIJi7xhMnjjQgwR7KNoB5Qs7KY,2020-03-29,-94.0,-76.0,-89.0,-88.0,-64.0,22.0,-64.83333333333333,-0.6483333333333333
ES,Spain,ChIJi7xhMnjjQgwR7KNoB5Qs7KY,2020-03-30,-89.0,-55.0,-80.0,-84.0,-74.0,31.0,-58.5,-0.585
ES,Spain,ChIJi7xhMnjjQgwR7KNoB5Qs7KY,2020-03-31,-92.0,-55.0,-82.0,-84.0,-76.0,32.0,-59.5,-0.595
ES,Spain,ChIJi7xhMnjjQgwR7KNoB5Qs7KY,2020-04-01,-92.0,-53.0,-81.0,-84.0,-75.0,33.0,-58.666666666666664,-0.5866666666666667
ES,Spain,ChIJi7xhMnjjQgwR7KNoB5Qs7KY,2020-04-02,-92.0,-52.0,-81.0,-84.0,-75.0,33.0,-58.5,-0.585
ES,Spain,ChIJi7xhMnjjQgwR7KNoB5Qs7KY,2020-04-03,-89.0,-48.0,-82.0,-84.0,-74.0,36.0,-56.833333333333336,-0.5683333333333334
ES,Spain,ChIJi7xhMnjjQgwR7KNoB5Qs7KY,2020-04-04,-92.0,-56.0,-86.0,-86.0,-65.0,26.0,-59.833333333333336,-0.5983333333333334
ES,Spain,ChIJi7xhMnjjQgwR7KNoB5Qs7KY,2020-04-05,-94.0,-77.0,-90.0,-89.0,-68.0,23.0,-65.83333333333333,-0.6583333333333333
ES,Spain,ChIJi7xhMnjjQgwR7KNoB5Qs7KY,2020-04-06,-87.0,-51.0,-79.0,-83.0,-74.0,31.0,-57.166666666666664,-0.5716666666666667
ES,Spain,ChIJi7xhMnjjQgwR7KNoB5Qs7KY,2020-04-07,-89.0,-41.0,-79.0,-83.0,-74.0,31.0,-55.833333333333336,-0.5583333333333333
ES,Spain,ChIJi7xhMnjjQgwR7KNoB5Qs7KY,2020-04-08,-88.0,-31.0,-77.0,-82.0,-74.0,30.0,-53.666666666666664,-0.5366666666666666
ES,Spain,ChIJi7xhMnjjQgwR7KNoB5Qs7KY,2020-04-09,-93.0,-66.0,-83.0,-88.0,-84.0,36.0,-63.0,-0.63
ES,Spain,ChIJi7xhMnjjQgwR7KNoB5Qs7KY,2020-04-10,-96.0,-90.0,-88.0,-92.0,-90.0,42.0,-69.0,-0.69
ES,Spain,ChIJi7xhMnjjQgwR7KNoB5Qs7KY,2020-04-11,-92.0,-44.0,-85.0,-84.0,-63.0,26.0,-57.0,-0.57
ES,Spain,ChIJi7xhMnjjQgwR7KNoB5Qs7KY,2020-04-12,-94.0,-74.0,-89.0,-89.0,-67.0,23.0,-65.0,-0.65
ES,Spain,ChIJi7xhMnjjQgwR7KNoB5Qs7KY,2020-04-13,-90.0,-65.0,-80.0,-85.0,-77.0,32.0,-60.833333333333336,-0.6083333333333334
ES,Spain,ChIJi7xhMnjjQgwR7KNoB5Qs7KY,2020-04-14,-87.0,-41.0,-75.0,-79.0,-67.0,29.0,-53.333333333333336,-0.5333333333333333
ES,Spain,ChIJi7xhMnjjQgwR7KNoB5Qs7KY,2020-04-15,-88.0,-46.0,-77.0,-81.0,-68.0,30.0,-55.0,-0.55
ES,Spain,ChIJi7xhMnjjQgwR7KNoB5Qs7KY,2020-04-16,-88.0,-46.0,-76.0,-80.0,-67.0,30.0,-54.5,-0.545
ES,Spain,ChIJi7xhMnjjQgwR7KNoB5Qs7KY,2020-04-17,-89.0,-45.0,-77.0,-81.0,-67.0,33.0,-54.333333333333336,-0.5433333333333333
ES,Spain,ChIJi7xhMnjjQgwR7KNoB5Qs7KY,2020-04-18,-92.0,-54.0,-85.0,-84.0,-61.0,25.0,-58.5,-0.585
ES,Spain,ChIJi7xhMnjjQgwR7KNoB5Qs7KY,2020-04-19,-95.0,-76.0,-89.0,-89.0,-65.0,22.0,-65.33333333333333,-0.6533333333333333
ES,Spain,ChIJi7xhMnjjQgwR7KNoB5Qs7KY,2020-04-20,-87.0,-56.0,-75.0,-80.0,-66.0,28.0,-56.0,-0.56
ES,Spain,ChIJi7xhMnjjQgwR7KNoB5Qs7KY,2020-04-21,-87.0,-51.0,-77.0,-80.0,-66.0,29.0,-55.333333333333336,-0.5533333333333333
ES,Spain,ChIJi7xhMnjjQgwR7KNoB5Qs7KY,2020-04-22,-87.0,-47.0,-75.0,-80.0,-65.0,29.0,-54.166666666666664,-0.5416666666666666
ES,Spain,ChIJi7xhMnjjQgwR7KNoB5Qs7KY,2020-04-23,-87.0,-51.0,-74.0,-80.0,-67.0,30.0,-54.833333333333336,-0.5483333333333333
ES,Spain,ChIJi7xhMnjjQgwR7KNoB5Qs7KY,2020-04-24,-88.0,-46.0,-76.0,-79.0,-65.0,32.0,-53.666666666666664,-0.5366666666666666
ES,Spain,ChIJi7xhMnjjQgwR7KNoB5Qs7KY,2020-04-25,-92.0,-52.0,-84.0,-83.0,-59.0,25.0,-57.5,-0.575
ES,Spain,ChIJi7xhMnjjQgwR7KNoB5Qs7KY,2020-04-26,-92.0,-66.0,-77.0,-82.0,-62.0,21.0,-59.666666666666664,-0.5966666666666667
ES,Spain,ChIJi7xhMnjjQgwR7KNoB5Qs7KY,2020-04-27,-85.0,-50.0,-65.0,-76.0,-63.0,27.0,-52.0,-0.52
ES,Spain,ChIJi7xhMnjjQgwR7KNoB5Qs7KY,2020-04-28,-85.0,-45.0,-64.0,-75.0,-64.0,26.0,-51.166666666666664,-0.5116666666666666
ES,Spain,ChIJi7xhMnjjQgwR7KNoB5Qs7KY,2020-04-29,-84.0,-41.0,-64.0,-75.0,-63.0,28.0,-49.833333333333336,-0.49833333333333335
ES,Spain,ChIJi7xhMnjjQgwR7KNoB5Qs7KY,2020-04-30,-82.0,-30.0,-63.0,-74.0,-63.0,27.0,-47.5,-0.475
ES,Spain,ChIJi7xhMnjjQgwR7KNoB5Qs7KY,2020-05-01,-94.0,-88.0,-74.0,-86.0,-86.0,40.0,-64.66666666666667,-0.6466666666666667
ES,Spain,ChIJi7xhMnjjQgwR7KNoB5Qs7KY,2020-05-02,-84.0,-31.0,-43.0,-63.0,-53.0,21.0,-42.166666666666664,-0.42166666666666663
ES,Spain,ChIJi7xhMnjjQgwR7KNoB5Qs7KY,2020-05-03,-83.0,-44.0,-44.0,-64.0,-52.0,18.0,-44.833333333333336,-0.44833333333333336
ES,Spain,ChIJi7xhMnjjQgwR7KNoB5Qs7KY,2020-05-04,-75.0,-35.0,-26.0,-62.0,-58.0,23.0,-38.833333333333336,-0.38833333333333336
ES,Spain,ChIJi7xhMnjjQgwR7KNoB5Qs7KY,2020-05-05,-76.0,-32.0,-27.0,-61.0,-58.0,23.0,-38.5,-0.385
ES,Spain,ChIJi7xhMnjjQgwR7KNoB5Qs7KY,2020-05-06,-76.0,-32.0,-25.0,-61.0,-58.0,24.0,-38.0,-0.38
ES,Spain,ChIJi7xhMnjjQgwR7KNoB5Qs7KY,2020-05-07,-76.0,-33.0,-29.0,-63.0,-58.0,24.0,-39.166666666666664,-0.39166666666666666
ES,Spain,ChIJi7xhMnjjQgwR7KNoB5Qs7KY,2020-05-08,-78.0,-34.0,-37.0,-64.0,-57.0,27.0,-40.5,-0.405
ES,Spain,ChIJi7xhMnjjQgwR7KNoB5Qs7KY,2020-05-09,-84.0,-38.0,-49.0,-64.0,-47.0,21.0,-43.5,-0.435
ES,Spain,ChIJi7xhMnjjQgwR7KNoB5Qs7KY,2020-05-10,-86.0,-57.0,-63.0,-72.0,-51.0,19.0,-51.666666666666664,-0.5166666666666666
ES,Spain,ChIJi7xhMnjjQgwR7KNoB5Qs7KY,2020-05-11,-66.0,-28.0,-21.0,-57.0,-52.0,20.0,-34.0,-0.34
ES,Spain,ChIJi7xhMnjjQgwR7KNoB5Qs7KY,2020-05-12,-70.0,-29.0,-35.0,-60.0,-53.0,21.0,-37.666666666666664,-0.37666666666666665
ES,Spain,ChIJi7xhMnjjQgwR7KNoB5Qs7KY,2020-05-13,-69.0,-26.0,-27.0,-58.0,-53.0,21.0,-35.333333333333336,-0.35333333333333333
ES,Spain,ChIJi7xhMnjjQgwR7KNoB5Qs7KY,2020-05-14,-72.0,-30.0,-46.0,-64.0,-54.0,22.0,-40.666666666666664,-0.4066666666666666
ES,Spain,ChIJi7xhMnjjQgwR7KNoB5Qs7KY,2020-05-15,-72.0,-29.0,-36.0,-64.0,-55.0,25.0,-38.5,-0.385
ES,Spain,ChIJi7xhMnjjQgwR7KNoB5Qs7KY,2020-05-16,-76.0,-31.0,-39.0,-59.0,-40.0,17.0,-38.0,-0.38
ES,Spain,ChIJi7xhMnjjQgwR7KNoB5Qs7KY,2020-05-17,-75.0,-41.0,-32.0,-58.0,-38.0,14.0,-38.333333333333336,-0.38333333333333336
ES,Spain,ChIJi7xhMnjjQgwR7KNoB5Qs7KY,2020-05-18,-57.0,-23.0,-1.0,-51.0,-48.0,17.0,-27.166666666666668,-0.27166666666666667
ES,Spain,ChIJi7xhMnjjQgwR7KNoB5Qs7KY,2020-05-19,-58.0,-21.0,-3.0,-51.0,-48.0,18.0,-27.166666666666668,-0.27166666666666667
ES,Spain,ChIJi7xhMnjjQgwR7KNoB5Qs7KY,2020-05-20,-58.0,-20.0,-5.0,-52.0,-48.0,18.0,-27.5,-0.275
ES,Spain,ChIJi7xhMnjjQgwR7KNoB5Qs7KY,2020-05-21,-58.0,-18.0,-7.0,-53.0,-48.0,19.0,-27.5,-0.275
ES,Spain,ChIJi7xhMnjjQgwR7KNoB5Qs7KY,2020-05-22,-60.0,-19.0,-14.0,-53.0,-46.0,20.0,-28.666666666666668,-0.2866666666666667
ES,Spain,ChIJi7xhMnjjQgwR7KNoB5Qs7KY,2020-05-23,-66.0,-23.0,-21.0,-50.0,-29.0,13.0,-29.333333333333332,-0.29333333333333333
ES,Spain,ChIJi7xhMnjjQgwR7KNoB5Qs7KY,2020-05-24,-67.0,-33.0,-25.0,-55.0,-29.0,11.0,-33.0,-0.33
ES,Spain,ChIJi7xhMnjjQgwR7KNoB5Qs7KY,2020-05-25,-44.0,-17.0,8.0,-44.0,-44.0,15.0,-21.0,-0.21
ES,Spain,ChIJi7xhMnjjQgwR7KNoB5Qs7KY,2020-05-26,-45.0,-16.0,9.0,-44.0,-43.0,15.0,-20.666666666666668,-0.20666666666666667
ES,Spain,ChIJi7xhMnjjQgwR7KNoB5Qs7KY,2020-05-27,-45.0,-15.0,10.0,-45.0,-42.0,15.0,-20.333333333333332,-0.2033333333333333
ES,Spain,ChIJi7xhMnjjQgwR7KNoB5Qs7KY,2020-05-28,-44.0,-12.0,11.0,-44.0,-42.0,15.0,-19.333333333333332,-0.19333333333333333
ES,Spain,ChIJi7xhMnjjQgwR7KNoB5Qs7KY,2020-05-29,-47.0,-13.0,2.0,-46.0,-41.0,16.0,-21.5,-0.215
ES,Spain,ChIJi7xhMnjjQgwR7KNoB5Qs7KY,2020-05-30,-52.0,-16.0,2.0,-37.0,-17.0,8.0,-18.666666666666668,-0.18666666666666668
ES,Spain,ChIJi7xhMnjjQgwR7KNoB5Qs7KY,2020-05-31,-57.0,-26.0,-16.0,-49.0,-16.0,7.0,-26.166666666666668,-0.26166666666666666
ES,Spain,ChIJi7xhMnjjQgwR7KNoB5Qs7KY,2020-06-01,-38.0,-16.0,14.0,-42.0,-42.0,14.0,-18.333333333333332,-0.18333333333333332
ES,Spain,ChIJi7xhMnjjQgwR7KNoB5Qs7KY,2020-06-02,-38.0,-11.0,11.0,-40.0,-39.0,13.0,-17.333333333333332,-0.1733333333333333
ES,Spain,ChIJi7xhMnjjQgwR7KNoB5Qs7KY,2020-06-03,-39.0,-10.0,1.0,-42.0,-39.0,14.0,-19.166666666666668,-0.19166666666666668
ES,Spain,ChIJi7xhMnjjQgwR7KNoB5Qs7KY,2020-06-04,-41.0,-10.0,-11.0,-44.0,-39.0,14.0,-21.833333333333332,-0.21833333333333332
ES,Spain,ChIJi7xhMnjjQgwR7KNoB5Qs7KY,2020-06-05,-37.0,-10.0,8.0,-40.0,-37.0,13.0,-17.166666666666668,-0.1716666666666667
ES,Spain,ChIJi7xhMnjjQgwR7KNoB5Qs7KY,2020-06-06,-43.0,-14.0,4.0,-35.0,-13.0,7.0,-15.666666666666666,-0.15666666666666665
ES,Spain,ChIJi7xhMnjjQgwR7KNoB5Qs7KY,2020-06-07,-52.0,-25.0,-21.0,-49.0,-14.0,8.0,-25.5,-0.255
ES,Spain,ChIJi7xhMnjjQgwR7KNoB5Qs7KY,2020-06-08,-29.0,-12.0,0.0,-40.0,-37.0,12.0,-17.666666666666668,-0.17666666666666667
ES,Spain,ChIJi7xhMnjjQgwR7KNoB5Qs7KY,2020-06-09,-31.0,-14.0,6.0,-40.0,-38.0,12.0,-17.5,-0.175
ES,Spain,ChIJi7xhMnjjQgwR7KNoB5Qs7KY,2020-06-10,-28.0,-8.0,12.0,-38.0,-36.0,11.0,-14.5,-0.145
ES,Spain,ChIJi7xhMnjjQgwR7KNoB5Qs7KY,2020-06-11,-31.0,-13.0,-3.0,-42.0,-39.0,13.0,-19.166666666666668,-0.19166666666666668
ES,Spain,ChIJi7xhMnjjQgwR7KNoB5Qs7KY,2020-06-12,-31.0,-9.0,-3.0,-40.0,-36.0,12.0,-17.833333333333332,-0.17833333333333332
ES,Spain,ChIJi7xhMnjjQgwR7KNoB5Qs7KY,2020-06-13,-35.0,-13.0,12.0,-32.0,-7.0,5.0,-11.666666666666666,-0.11666666666666665
ES,Spain,ChIJi7xhMnjjQgwR7KNoB5Qs7KY,2020-06-14,-39.0,-17.0,7.0,-39.0,-3.0,4.0,-14.5,-0.145
ES,Spain,ChIJi7xhMnjjQgwR7KNoB5Qs7KY,2020-06-15,-23.0,-10.0,20.0,-36.0,-34.0,10.0,-12.166666666666666,-0.12166666666666666
ES,Spain,ChIJi7xhMnjjQgwR7KNoB5Qs7KY,2020-06-16,-26.0,-10.0,5.0,-37.0,-34.0,11.0,-15.166666666666666,-0.15166666666666667
ES,Spain,ChIJi7xhMnjjQgwR7KNoB5Qs7KY,2020-06-17,-24.0,-7.0,16.0,-35.0,-34.0,10.0,-12.333333333333334,-0.12333333333333334
ES,Spain,ChIJi7xhMnjjQgwR7KNoB5Qs7KY,2020-06-18,-24.0,-8.0,16.0,-36.0,-34.0,10.0,-12.666666666666666,-0.12666666666666665
ES,Spain,ChIJi7xhMnjjQgwR7KNoB5Qs7KY,2020-06-19,-26.0,-8.0,18.0,-36.0,-32.0,9.0,-12.5,-0.125
ES,Spain,ChIJi7xhMnjjQgwR7KNoB5Qs7KY,2020-06-20,-32.0,-12.0,27.0,-30.0,-4.0,2.0,-8.166666666666666,-0.08166666666666667
ES,Spain,ChIJi7xhMnjjQgwR7KNoB5Qs7KY,2020-06-21,-34.0,-11.0,19.0,-35.0,0.0,0.0,-10.166666666666666,-0.10166666666666666
ES,Spain,ChIJi7xhMnjjQgwR7KNoB5Qs7KY,2020-06-22,-17.0,-6.0,38.0,-31.0,-35.0,7.0,-7.333333333333333,-0.07333333333333333
ES,Spain,ChIJi7xhMnjjQgwR7KNoB5Qs7KY,2020-06-23,-16.0,2.0,42.0,-28.0,-34.0,5.0,-4.833333333333333,-0.04833333333333333
ES,Spain,ChIJi7xhMnjjQgwR7KNoB5Qs7KY,2020-06-24,-30.0,-29.0,42.0,-40.0,-47.0,10.0,-15.666666666666666,-0.15666666666666665
ES,Spain,ChIJi7xhMnjjQgwR7KNoB5Qs7KY,2020-06-25,-18.0,-1.0,24.0,-32.0,-33.0,7.0,-8.833333333333334,-0.08833333333333333
ES,Spain,ChIJi7xhMnjjQgwR7KNoB5Qs7KY,2020-06-26,-22.0,-4.0,24.0,-32.0,-32.0,6.0,-10.0,-0.1
ES,Spain,ChIJi7xhMnjjQgwR7KNoB5Qs7KY,2020-06-27,-29.0,-11.0,33.0,-29.0,-6.0,0.0,-7.0,-0.07
ES,Spain,ChIJi7xhMnjjQgwR7KNoB5Qs7KY,2020-06-28,-31.0,-9.0,19.0,-34.0,6.0,-2.0,-8.5,-0.085
ES,Spain,ChIJi7xhMnjjQgwR7KNoB5Qs7KY,2020-06-29,-13.0,-6.0,37.0,-30.0,-32.0,6.0,-6.333333333333333,-0.06333333333333332
ES,Spain,ChIJi7xhMnjjQgwR7KNoB5Qs7KY,2020-06-30,-13.0,-4.0,35.0,-29.0,-30.0,6.0,-5.833333333333333,-0.05833333333333333
ES,Spain,ChIJi7xhMnjjQgwR7KNoB5Qs7KY,2020-07-01,-14.0,-3.0,30.0,-29.0,-31.0,6.0,-6.833333333333333,-0.06833333333333333
ES,Spain,ChIJi7xhMnjjQgwR7KNoB5Qs7KY,2020-07-02,-13.0,-1.0,29.0,-29.0,-31.0,6.0,-6.5,-0.065
ES,Spain,ChIJi7xhMnjjQgwR7KNoB5Qs7KY,2020-07-03,-18.0,-3.0,31.0,-29.0,-30.0,4.0,-7.5,-0.075
ES,Spain,ChIJi7xhMnjjQgwR7KNoB5Qs7KY,2020-07-04,-25.0,-10.0,43.0,-26.0,-3.0,-1.0,-3.6666666666666665,-0.03666666666666667
ES,Spain,ChIJi7xhMnjjQgwR7KNoB5Qs7KY,2020-07-05,-24.0,2.0,28.0,-30.0,5.0,-3.0,-3.6666666666666665,-0.03666666666666667
ES,Spain,ChIJi7xhMnjjQgwR7KNoB5Qs7KY,2020-07-06,-10.0,-3.0,45.0,-27.0,-33.0,5.0,-3.8333333333333335,-0.03833333333333334
ES,Spain,ChIJi7xhMnjjQgwR7KNoB5Qs7KY,2020-07-07,-12.0,-4.0,51.0,-26.0,-33.0,5.0,-3.1666666666666665,-0.03166666666666666
ES,Spain,ChIJi7xhMnjjQgwR7KNoB5Qs7KY,2020-07-08,-13.0,-4.0,47.0,-27.0,-31.0,5.0,-3.8333333333333335,-0.03833333333333334
ES,Spain,ChIJi7xhMnjjQgwR7KNoB5Qs7KY,2020-07-09,-13.0,-3.0,46.0,-27.0,-31.0,5.0,-3.8333333333333335,-0.03833333333333334
ES,Spain,ChIJi7xhMnjjQgwR7KNoB5Qs7KY,2020-07-10,-19.0,-6.0,37.0,-29.0,-30.0,4.0,-7.166666666666667,-0.07166666666666667
ES,Spain,ChIJi7xhMnjjQgwR7KNoB5Qs7KY,2020-07-11,-27.0,-12.0,44.0,-27.0,-2.0,-1.0,-4.166666666666667,-0.04166666666666667
ES,Spain,ChIJi7xhMnjjQgwR7KNoB5Qs7KY,2020-07-12,-27.0,-3.0,24.0,-31.0,6.0,-3.0,-5.666666666666667,-0.05666666666666667
ES,Spain,ChIJi7xhMnjjQgwR7KNoB5Qs7KY,2020-07-13,-10.0,-4.0,58.0,-27.0,-31.0,4.0,-1.6666666666666667,-0.016666666666666666
ES,Spain,ChIJi7xhMnjjQgwR7KNoB5Qs7KY,2020-07-14,-12.0,-4.0,50.0,-27.0,-32.0,5.0,-3.3333333333333335,-0.03333333333333333
ES,Spain,ChIJi7xhMnjjQgwR7KNoB5Qs7KY,2020-07-15,-12.0,-3.0,47.0,-28.0,-30.0,4.0,-3.6666666666666665,-0.03666666666666667
ES,Spain,ChIJi7xhMnjjQgwR7KNoB5Qs7KY,2020-07-16,-13.0,-5.0,46.0,-30.0,-31.0,5.0,-4.666666666666667,-0.04666666666666667
ES,Spain,ChIJi7xhMnjjQgwR7KNoB5Qs7KY,2020-07-17,-20.0,-6.0,42.0,-31.0,-30.0,4.0,-6.833333333333333,-0.06833333333333333
ES,Spain,ChIJi7xhMnjjQgwR7KNoB5Qs7KY,2020-07-18,-29.0,-12.0,48.0,-29.0,-1.0,-1.0,-4.0,-0.04
ES,Spain,ChIJi7xhMnjjQgwR7KNoB5Qs7KY,2020-07-19,-28.0,-4.0,31.0,-33.0,7.0,-3.0,-5.0,-0.05
ES,Spain,ChIJi7xhMnjjQgwR7KNoB5Qs7KY,2020-07-20,-12.0,-4.0,58.0,-30.0,-33.0,4.0,-2.8333333333333335,-0.028333333333333335
ES,Spain,ChIJi7xhMnjjQgwR7KNoB5Qs7KY,2020-07-21,-14.0,-4.0,54.0,-30.0,-33.0,5.0,-3.6666666666666665,-0.03666666666666667
ES,Spain,ChIJi7xhMnjjQgwR7KNoB5Qs7KY,2020-07-22,-14.0,-4.0,56.0,-31.0,-30.0,5.0,-3.0,-0.03
ES,Spain,ChIJi7xhMnjjQgwR7KNoB5Qs7KY,2020-07-23,-14.0,-4.0,57.0,-31.0,-31.0,5.0,-3.0,-0.03
ES,Spain,ChIJi7xhMnjjQgwR7KNoB5Qs7KY,2020-07-24,-21.0,-6.0,48.0,-33.0,-30.0,4.0,-6.333333333333333,-0.06333333333333332
ES,Spain,ChIJi7xhMnjjQgwR7KNoB5Qs7KY,2020-07-25,-31.0,-18.0,53.0,-30.0,-3.0,-1.0,-5.0,-0.05
ES,Spain,ChIJi7xhMnjjQgwR7KNoB5Qs7KY,2020-07-26,-28.0,-2.0,34.0,-33.0,9.0,-3.0,-3.8333333333333335,-0.03833333333333334
ES,Spain,ChIJi7xhMnjjQgwR7KNoB5Qs7KY,2020-07-27,-11.0,-3.0,66.0,-31.0,-34.0,4.0,-1.5,-0.015
ES,Spain,ChIJi7xhMnjjQgwR7KNoB5Qs7KY,2020-07-28,-14.0,-4.0,53.0,-32.0,-33.0,5.0,-4.166666666666667,-0.04166666666666667
ES,Spain,ChIJi7xhMnjjQgwR7KNoB5Qs7KY,2020-07-29,-13.0,-3.0,59.0,-32.0,-33.0,5.0,-2.8333333333333335,-0.028333333333333335
ES,Spain,ChIJi7xhMnjjQgwR7KNoB5Qs7KY,2020-07-30,-14.0,-4.0,54.0,-32.0,-33.0,4.0,-4.166666666666667,-0.04166666666666667
ES,Spain,ChIJi7xhMnjjQgwR7KNoB5Qs7KY,2020-07-31,-21.0,-9.0,44.0,-34.0,-34.0,4.0,-8.333333333333334,-0.08333333333333334
ES,Spain,ChIJi7xhMnjjQgwR7KNoB5Qs7KY,2020-08-01,-28.0,-10.0,40.0,-31.0,-3.0,-1.0,-5.5,-0.055
ES,Spain,ChIJi7xhMnjjQgwR7KNoB5Qs7KY,2020-08-02,-25.0,1.0,31.0,-33.0,7.0,-2.0,-3.5,-0.035
ES,Spain,ChIJi7xhMnjjQgwR7KNoB5Qs7KY,2020-08-03,-5.0,2.0,74.0,-31.0,-39.0,4.0,0.8333333333333334,0.008333333333333333
ES,Spain,ChIJi7xhMnjjQgwR7KNoB5Qs7KY,2020-08-04,-9.0,-1.0,78.0,-32.0,-39.0,5.0,0.3333333333333333,0.003333333333333333
ES,Spain,ChIJi7xhMnjjQgwR7KNoB5Qs7KY,2020-08-05,-9.0,-2.0,83.0,-34.0,-39.0,5.0,0.6666666666666666,0.006666666666666666
ES,Spain,ChIJi7xhMnjjQgwR7KNoB5Qs7KY,2020-08-06,-11.0,-2.0,80.0,-34.0,-39.0,5.0,-0.16666666666666666,-0.0016666666666666666
ES,Spain,ChIJi7xhMnjjQgwR7KNoB5Qs7KY,2020-08-07,-20.0,-7.0,59.0,-37.0,-38.0,5.0,-6.333333333333333,-0.06333333333333332
ES,Spain,ChIJi7xhMnjjQgwR7KNoB5Qs7KY,2020-08-08,-28.0,-13.0,57.0,-33.0,-5.0,-1.0,-3.8333333333333335,-0.03833333333333334
ES,Spain,ChIJi7xhMnjjQgwR7KNoB5Qs7KY,2020-08-09,-24.0,0.0,40.0,-34.0,7.0,-3.0,-2.3333333333333335,-0.023333333333333334
ES,Spain,ChIJi7xhMnjjQgwR7KNoB5Qs7KY,2020-08-10,-6.0,1.0,86.0,-34.0,-43.0,5.0,1.5,0.015
ES,Spain,ChIJi7xhMnjjQgwR7KNoB5Qs7KY,2020-08-11,-12.0,-4.0,71.0,-37.0,-44.0,6.0,-3.3333333333333335,-0.03333333333333333
ES,Spain,ChIJi7xhMnjjQgwR7KNoB5Qs7KY,2020-08-12,-9.0,-1.0,74.0,-37.0,-43.0,6.0,-1.6666666666666667,-0.016666666666666666
ES,Spain,ChIJi7xhMnjjQgwR7KNoB5Qs7KY,2020-08-13,-11.0,-2.0,81.0,-36.0,-43.0,5.0,-1.0,-0.01
ES,Spain,ChIJi7xhMnjjQgwR7KNoB5Qs7KY,2020-08-14,-20.0,0.0,62.0,-38.0,-42.0,5.0,-5.5,-0.055
ES,Spain,ChIJi7xhMnjjQgwR7KNoB5Qs7KY,2020-08-15,-36.0,-40.0,55.0,-36.0,-19.0,1.0,-12.5,-0.125
ES,Spain,ChIJi7xhMnjjQgwR7KNoB5Qs7KY,2020-08-16,-24.0,6.0,38.0,-34.0,7.0,-3.0,-1.6666666666666667,-0.016666666666666666
ES,Spain,ChIJi7xhMnjjQgwR7KNoB5Qs7KY,2020-08-17,-8.0,5.0,77.0,-35.0,-45.0,5.0,-0.16666666666666666,-0.0016666666666666666
ES,Spain,ChIJi7xhMnjjQgwR7KNoB5Qs7KY,2020-08-18,-12.0,-1.0,80.0,-36.0,-43.0,6.0,-1.0,-0.01
ES,Spain,ChIJi7xhMnjjQgwR7KNoB5Qs7KY,2020-08-19,-16.0,-6.0,83.0,-39.0,-44.0,6.0,-2.6666666666666665,-0.026666666666666665
ES,Spain,ChIJi7xhMnjjQgwR7KNoB5Qs7KY,2020-08-20,-16.0,-5.0,78.0,-38.0,-44.0,6.0,-3.1666666666666665,-0.03166666666666666
ES,Spain,ChIJi7xhMnjjQgwR7KNoB5Qs7KY,2020-08-21,-25.0,-9.0,56.0,-40.0,-43.0,7.0,-9.0,-0.09
ES,Spain,ChIJi7xhMnjjQgwR7KNoB5Qs7KY,2020-08-22,-33.0,-16.0,50.0,-35.0,-7.0,1.0,-6.666666666666667,-0.06666666666666667
ES,Spain,ChIJi7xhMnjjQgwR7KNoB5Qs7KY,2020-08-23,-28.0,-3.0,32.0,-36.0,7.0,-2.0,-5.0,-0.05
ES,Spain,ChIJi7xhMnjjQgwR7KNoB5Qs7KY,2020-08-24,-13.0,-3.0,72.0,-36.0,-41.0,6.0,-2.5,-0.025
ES,Spain,ChIJi7xhMnjjQgwR7KNoB5Qs7KY,2020-08-25,-16.0,-5.0,71.0,-36.0,-40.0,6.0,-3.3333333333333335,-0.03333333333333333
ES,Spain,ChIJi7xhMnjjQgwR7KNoB5Qs7KY,2020-08-26,-17.0,-6.0,65.0,-38.0,-39.0,6.0,-4.833333333333333,-0.04833333333333333
ES,Spain,ChIJi7xhMnjjQgwR7KNoB5Qs7KY,2020-08-27,-17.0,-6.0,60.0,-38.0,-39.0,6.0,-5.666666666666667,-0.05666666666666667
ES,Spain,ChIJi7xhMnjjQgwR7KNoB5Qs7KY,2020-08-28,-24.0,-8.0,35.0,-40.0,-39.0,7.0,-11.5,-0.115
ES,Spain,ChIJi7xhMnjjQgwR7KNoB5Qs7KY,2020-08-29,-32.0,-13.0,15.0,-38.0,-9.0,3.0,-12.333333333333334,-0.12333333333333334
ES,Spain,ChIJi7xhMnjjQgwR7KNoB5Qs7KY,2020-08-30,-27.0,-3.0,14.0,-35.0,5.0,-1.0,-7.833333333333333,-0.07833333333333332
ES,Spain,ChIJi7xhMnjjQgwR7KNoB5Qs7KY,2020-08-31,-10.0,-1.0,44.0,-32.0,-36.0,6.0,-4.833333333333333,-0.04833333333333333
ES,Spain,ChIJi7xhMnjjQgwR7KNoB5Qs7KY,2020-09-01,-14.0,-2.0,39.0,-30.0,-34.0,6.0,-5.833333333333333,-0.05833333333333333
ES,Spain,ChIJi7xhMnjjQgwR7KNoB5Qs7KY,2020-09-02,-14.0,-3.0,43.0,-31.0,-33.0,6.0,-5.333333333333333,-0.05333333333333333
ES,Spain,ChIJi7xhMnjjQgwR7KNoB5Qs7KY,2020-09-03,-15.0,-4.0,43.0,-31.0,-33.0,6.0,-5.666666666666667,-0.05666666666666667
ES,Spain,ChIJi7xhMnjjQgwR7KNoB5Qs7KY,2020-09-04,-20.0,-7.0,35.0,-32.0,-32.0,5.0,-8.5,-0.085
ES,Spain,ChIJi7xhMnjjQgwR7KNoB5Qs7KY,2020-09-05,-27.0,-10.0,31.0,-30.0,-7.0,1.0,-7.0,-0.07
ES,Spain,ChIJi7xhMnjjQgwR7KNoB5Qs7KY,2020-09-06,-25.0,0.0,17.0,-33.0,4.0,-1.0,-6.333333333333333,-0.06333333333333332
ES,Spain,ChIJi7xhMnjjQgwR7KNoB5Qs7KY,2020-09-07,-11.0,-1.0,33.0,-30.0,-36.0,5.0,-6.666666666666667,-0.06666666666666667
ES,Spain,ChIJi7xhMnjjQgwR7KNoB5Qs7KY,2020-09-08,-16.0,-11.0,35.0,-30.0,-38.0,6.0,-9.0,-0.09
ES,Spain,ChIJi7xhMnjjQgwR7KNoB5Qs7KY,2020-09-09,-15.0,-1.0,29.0,-30.0,-32.0,6.0,-7.166666666666667,-0.07166666666666667
ES,Spain,ChIJi7xhMnjjQgwR7KNoB5Qs7KY,2020-09-10,-13.0,1.0,36.0,-27.0,-32.0,4.0,-5.166666666666667,-0.051666666666666666
ES,Spain,ChIJi7xhMnjjQgwR7KNoB5Qs7KY,2020-09-11,-23.0,-14.0,39.0,-33.0,-38.0,6.0,-10.5,-0.105
ES,Spain,ChIJi7xhMnjjQgwR7KNoB5Qs7KY,2020-09-12,-26.0,-9.0,36.0,-28.0,-7.0,0.0,-5.666666666666667,-0.05666666666666667
ES,Spain,ChIJi7xhMnjjQgwR7KNoB5Qs7KY,2020-09-13,-27.0,-4.0,20.0,-31.0,4.0,-1.0,-6.5,-0.065
ES,Spain,ChIJi7xhMnjjQgwR7KNoB5Qs7KY,2020-09-14,-12.0,-2.0,31.0,-26.0,-29.0,4.0,-5.666666666666667,-0.05666666666666667
ES,Spain,ChIJi7xhMnjjQgwR7KNoB5Qs7KY,2020-09-15,-16.0,-5.0,29.0,-26.0,-29.0,5.0,-7.0,-0.07
ES,Spain,ChIJi7xhMnjjQgwR7KNoB5Qs7KY,2020-09-16,-18.0,-5.0,25.0,-27.0,-28.0,5.0,-8.0,-0.08
ES,Spain,ChIJi7xhMnjjQgwR7KNoB5Qs7KY,2020-09-17,-19.0,-5.0,13.0,-28.0,-29.0,5.0,-10.5,-0.105
ES,Spain,ChIJi7xhMnjjQgwR7KNoB5Qs7KY,2020-09-18,-25.0,-9.0,0.0,-30.0,-28.0,6.0,-14.333333333333334,-0.14333333333333334
ES,Spain,ChIJi7xhMnjjQgwR7KNoB5Qs7KY,2020-09-19,-28.0,-9.0,6.0,-31.0,-8.0,3.0,-11.166666666666666,-0.11166666666666666
ES,Spain,ChIJi7xhMnjjQgwR7KNoB5Qs7KY,2020-09-20,-29.0,-7.0,6.0,-33.0,1.0,2.0,-10.0,-0.1
ES,Spain,ChIJi7xhMnjjQgwR7KNoB5Qs7KY,2020-09-21,-17.0,-6.0,16.0,-27.0,-29.0,5.0,-9.666666666666666,-0.09666666666666666
ES,Spain,ChIJi7xhMnjjQgwR7KNoB5Qs7KY,2020-09-22,-20.0,-5.0,14.0,-24.0,-28.0,5.0,-9.666666666666666,-0.09666666666666666
ES,Spain,ChIJi7xhMnjjQgwR7KNoB5Qs7KY,2020-09-23,-23.0,-4.0,9.0,-25.0,-27.0,6.0,-10.666666666666666,-0.10666666666666666
ES,Spain,ChIJi7xhMnjjQgwR7KNoB5Qs7KY,2020-09-24,-24.0,-6.0,3.0,-29.0,-30.0,7.0,-13.166666666666666,-0.13166666666666665
ES,Spain,ChIJi7xhMnjjQgwR7KNoB5Qs7KY,2020-09-25,-26.0,-3.0,-3.0,-27.0,-26.0,6.0,-13.166666666666666,-0.13166666666666665
ES,Spain,ChIJi7xhMnjjQgwR7KNoB5Qs7KY,2020-09-26,-30.0,-7.0,0.0,-29.0,-7.0,4.0,-11.5,-0.115
ES,Spain,ChIJi7xhMnjjQgwR7KNoB5Qs7KY,2020-09-27,-33.0,-8.0,-6.0,-33.0,0.0,3.0,-12.833333333333334,-0.12833333333333333
ES,Spain,ChIJi7xhMnjjQgwR7KNoB5Qs7KY,2020-09-28,-20.0,-3.0,8.0,-23.0,-24.0,6.0,-9.333333333333334,-0.09333333333333334
ES,Spain,ChIJi7xhMnjjQgwR7KNoB5Qs7KY,2020-09-29,-22.0,-3.0,8.0,-22.0,-24.0,6.0,-9.5,-0.095
ES,Spain,ChIJi7xhMnjjQgwR7KNoB5Qs7KY,2020-09-30,-22.0,0.0,6.0,-22.0,-24.0,5.0,-9.5,-0.095
ES,Spain,ChIJi7xhMnjjQgwR7KNoB5Qs7KY,2020-10-01,-23.0,2.0,-1.0,-22.0,-22.0,5.0,-10.166666666666666,-0.10166666666666666
ES,Spain,ChIJi7xhMnjjQgwR7KNoB5Qs7KY,2020-10-02,-29.0,-3.0,-25.0,-24.0,-22.0,6.0,-16.166666666666668,-0.16166666666666668
ES,Spain,ChIJi7xhMnjjQgwR7KNoB5Qs7KY,2020-10-03,-28.0,-2.0,-9.0,-25.0,-8.0,5.0,-11.166666666666666,-0.11166666666666666
ES,Spain,ChIJi7xhMnjjQgwR7KNoB5Qs7KY,2020-10-04,-34.0,-4.0,-18.0,-32.0,-4.0,5.0,-14.5,-0.145
ES,Spain,ChIJi7xhMnjjQgwR7KNoB5Qs7KY,2020-10-05,-20.0,0.0,5.0,-18.0,-23.0,5.0,-8.5,-0.085
ES,Spain,ChIJi7xhMnjjQgwR7KNoB5Qs7KY,2020-10-06,-22.0,0.0,4.0,-18.0,-22.0,5.0,-8.833333333333334,-0.08833333333333333
ES,Spain,ChIJi7xhMnjjQgwR7KNoB5Qs7KY,2020-10-07,-23.0,-2.0,5.0,-21.0,-21.0,5.0,-9.5,-0.095
ES,Spain,ChIJi7xhMnjjQgwR7KNoB5Qs7KY,2020-10-08,-20.0,2.0,8.0,-20.0,-21.0,4.0,-7.833333333333333,-0.07833333333333332
ES,Spain,ChIJi7xhMnjjQgwR7KNoB5Qs7KY,2020-10-09,-25.0,-8.0,13.0,-21.0,-27.0,5.0,-10.5,-0.105
ES,Spain,ChIJi7xhMnjjQgwR7KNoB5Qs7KY,2020-10-10,-29.0,-1.0,5.0,-27.0,-9.0,4.0,-9.5,-0.095
ES,Spain,ChIJi7xhMnjjQgwR7KNoB5Qs7KY,2020-10-11,-24.0,6.0,12.0,-31.0,-4.0,3.0,-6.333333333333333,-0.06333333333333332
ES,Spain,ChIJi7xhMnjjQgwR7KNoB5Qs7KY,2020-10-12,-32.0,-48.0,42.0,-46.0,-72.0,14.0,-23.666666666666668,-0.2366666666666667
ES,Spain,ChIJi7xhMnjjQgwR7KNoB5Qs7KY,2020-10-13,-24.0,7.0,-2.0,-19.0,-22.0,5.0,-9.166666666666666,-0.09166666666666666
ES,Spain,ChIJi7xhMnjjQgwR7KNoB5Qs7KY,2020-10-14,-26.0,1.0,-8.0,-22.0,-20.0,7.0,-11.333333333333334,-0.11333333333333334
ES,Spain,ChIJi7xhMnjjQgwR7KNoB5Qs7KY,2020-10-15,-25.0,0.0,-5.0,-21.0,-20.0,6.0,-10.833333333333334,-0.10833333333333334
ES,Spain,ChIJi7xhMnjjQgwR7KNoB5Qs7KY,2020-10-16,-29.0,1.0,-1.0,-21.0,-19.0,6.0,-10.5,-0.105
ES,Spain,ChIJi7xhMnjjQgwR7KNoB5Qs7KY,2020-10-17,-34.0,-5.0,1.0,-24.0,-10.0,6.0,-11.0,-0.11
ES,Spain,ChIJi7xhMnjjQgwR7KNoB5Qs7KY,2020-10-18,-38.0,-6.0,-2.0,-30.0,-6.0,5.0,-12.833333333333334,-0.12833333333333333
ES,Spain,ChIJi7xhMnjjQgwR7KNoB5Qs7KY,2020-10-19,-28.0,-4.0,0.0,-21.0,-20.0,6.0,-11.166666666666666,-0.11166666666666666
ES,Spain,ChIJi7xhMnjjQgwR7KNoB5Qs7KY,2020-10-20,-33.0,-7.0,-19.0,-25.0,-21.0,8.0,-16.166666666666668,-0.16166666666666668
ES,Spain,ChIJi7xhMnjjQgwR7KNoB5Qs7KY,2020-10-21,-31.0,-2.0,-11.0,-24.0,-19.0,8.0,-13.166666666666666,-0.13166666666666665
ES,Spain,ChIJi7xhMnjjQgwR7KNoB5Qs7KY,2020-10-22,-32.0,-3.0,-19.0,-24.0,-20.0,8.0,-15.0,-0.15
ES,Spain,ChIJi7xhMnjjQgwR7KNoB5Qs7KY,2020-10-23,-30.0,3.0,-6.0,-21.0,-19.0,7.0,-11.0,-0.11
ES,Spain,ChIJi7xhMnjjQgwR7KNoB5Qs7KY,2020-10-24,-36.0,-4.0,-6.0,-26.0,-12.0,6.0,-13.0,-0.13
ES,Spain,ChIJi7xhMnjjQgwR7KNoB5Qs7KY,2020-10-25,-42.0,-4.0,-25.0,-37.0,-11.0,6.0,-18.833333333333332,-0.18833333333333332
ES,Spain,ChIJi7xhMnjjQgwR7KNoB5Qs7KY,2020-10-26,-28.0,-2.0,-11.0,-23.0,-20.0,7.0,-12.833333333333334,-0.12833333333333333
ES,Spain,ChIJi7xhMnjjQgwR7KNoB5Qs7KY,2020-10-27,-30.0,-1.0,-10.0,-22.0,-20.0,7.0,-12.666666666666666,-0.12666666666666665
ES,Spain,ChIJi7xhMnjjQgwR7KNoB5Qs7KY,2020-10-28,-31.0,0.0,-6.0,-24.0,-19.0,8.0,-12.0,-0.12
ES,Spain,ChIJi7xhMnjjQgwR7KNoB5Qs7KY,2020-10-29,-29.0,3.0,-3.0,-23.0,-20.0,7.0,-10.833333333333334,-0.10833333333333334
ES,Spain,ChIJi7xhMnjjQgwR7KNoB5Qs7KY,2020-10-30,-34.0,3.0,-6.0,-26.0,-21.0,9.0,-12.5,-0.125
ES,Spain,ChIJi7xhMnjjQgwR7KNoB5Qs7KY,2020-10-31,-40.0,-2.0,-6.0,-32.0,-14.0,9.0,-14.166666666666666,-0.14166666666666666
ES,Spain,ChIJi7xhMnjjQgwR7KNoB5Qs7KY,2020-11-01,-40.0,-4.0,-8.0,-37.0,-15.0,8.0,-16.0,-0.16
ES,Spain,ChIJi7xhMnjjQgwR7KNoB5Qs7KY,2020-11-02,-35.0,-21.0,8.0,-38.0,-46.0,13.0,-19.833333333333332,-0.19833333333333333
ES,Spain,ChIJi7xhMnjjQgwR7KNoB5Qs7KY,2020-11-03,-33.0,1.0,-17.0,-26.0,-21.0,8.0,-14.666666666666666,-0.14666666666666667
ES,Spain,ChIJi7xhMnjjQgwR7KNoB5Qs7KY,2020-11-04,-36.0,-2.0,-26.0,-30.0,-21.0,10.0,-17.5,-0.175
ES,Spain,ChIJi7xhMnjjQgwR7KNoB5Qs7KY,2020-11-05,-36.0,-3.0,-25.0,-30.0,-22.0,10.0,-17.666666666666668,-0.17666666666666667
ES,Spain,ChIJi7xhMnjjQgwR7KNoB5Qs7KY,2020-11-06,-38.0,-1.0,-23.0,-30.0,-21.0,10.0,-17.166666666666668,-0.1716666666666667
ES,Spain,ChIJi7xhMnjjQgwR7KNoB5Qs7KY,2020-11-07,-47.0,-7.0,-30.0,-39.0,-20.0,12.0,-21.833333333333332,-0.21833333333333332
ES,Spain,ChIJi7xhMnjjQgwR7KNoB5Qs7KY,2020-11-08,-48.0,-8.0,-16.0,-37.0,-20.0,9.0,-20.0,-0.2
ES,Spain,ChIJi7xhMnjjQgwR7KNoB5Qs7KY,2020-11-09,-32.0,-5.0,-5.0,-32.0,-27.0,9.0,-15.333333333333334,-0.15333333333333335
ES,Spain,ChIJi7xhMnjjQgwR7KNoB5Qs7KY,2020-11-10,-37.0,-3.0,-6.0,-26.0,-22.0,9.0,-14.166666666666666,-0.14166666666666666
ES,Spain,ChIJi7xhMnjjQgwR7KNoB5Qs7KY,2020-11-11,-38.0,-3.0,-8.0,-27.0,-21.0,9.0,-14.666666666666666,-0.14666666666666667
ES,Spain,ChIJi7xhMnjjQgwR7KNoB5Qs7KY,2020-11-12,-38.0,-2.0,-7.0,-27.0,-22.0,9.0,-14.5,-0.145
ES,Spain,ChIJi7xhMnjjQgwR7KNoB5Qs7KY,2020-11-13,-40.0,0.0,-10.0,-28.0,-22.0,10.0,-15.0,-0.15
ES,Spain,ChIJi7xhMnjjQgwR7KNoB5Qs7KY,2020-11-14,-48.0,-7.0,-23.0,-37.0,-21.0,11.0,-20.833333333333332,-0.20833333333333331
ES,Spain,ChIJi7xhMnjjQgwR7KNoB5Qs7KY,2020-11-15,-51.0,-11.0,-19.0,-40.0,-22.0,10.0,-22.166666666666668,-0.22166666666666668
ES,Spain,ChIJi7xhMnjjQgwR7KNoB5Qs7KY,2020-11-16,-36.0,-7.0,-5.0,-27.0,-21.0,8.0,-14.666666666666666,-0.14666666666666667
ES,Spain,ChIJi7xhMnjjQgwR7KNoB5Qs7KY,2020-11-17,-37.0,-5.0,-3.0,-26.0,-21.0,8.0,-14.0,-0.14
ES,Spain,ChIJi7xhMnjjQgwR7KNoB5Qs7KY,2020-11-18,-38.0,-3.0,-5.0,-27.0,-20.0,9.0,-14.0,-0.14
ES,Spain,ChIJi7xhMnjjQgwR7KNoB5Qs7KY,2020-11-19,-37.0,-2.0,-11.0,-27.0,-21.0,9.0,-14.833333333333334,-0.14833333333333334
ES,Spain,ChIJi7xhMnjjQgwR7KNoB5Qs7KY,2020-11-20,-40.0,0.0,-13.0,-27.0,-20.0,10.0,-15.0,-0.15
ES,Spain,ChIJi7xhMnjjQgwR7KNoB5Qs7KY,2020-11-21,-44.0,-5.0,-12.0,-32.0,-19.0,10.0,-17.0,-0.17
ES,Spain,ChIJi7xhMnjjQgwR7KNoB5Qs7KY,2020-11-22,-48.0,-7.0,-13.0,-36.0,-21.0,9.0,-19.333333333333332,-0.19333333333333333
ES,Spain,ChIJi7xhMnjjQgwR7KNoB5Qs7KY,2020-11-23,-32.0,-6.0,-9.0,-27.0,-20.0,8.0,-14.333333333333334,-0.14333333333333334
ES,Spain,ChIJi7xhMnjjQgwR7KNoB5Qs7KY,2020-11-24,-33.0,-4.0,-12.0,-26.0,-19.0,8.0,-14.333333333333334,-0.14333333333333334
ES,Spain,ChIJi7xhMnjjQgwR7KNoB5Qs7KY,2020-11-25,-34.0,-2.0,-21.0,-28.0,-19.0,9.0,-15.833333333333334,-0.15833333333333333
ES,Spain,ChIJi7xhMnjjQgwR7KNoB5Qs7KY,2020-11-26,-35.0,-2.0,-27.0,-29.0,-20.0,9.0,-17.333333333333332,-0.1733333333333333
ES,Spain,ChIJi7xhMnjjQgwR7KNoB5Qs7KY,2020-11-27,-36.0,-1.0,-29.0,-30.0,-20.0,10.0,-17.666666666666668,-0.17666666666666667
ES,Spain,ChIJi7xhMnjjQgwR7KNoB5Qs7KY,2020-11-28,-39.0,-2.0,-25.0,-32.0,-17.0,10.0,-17.5,-0.175
ES,Spain,ChIJi7xhMnjjQgwR7KNoB5Qs7KY,2020-11-29,-39.0,7.0,-23.0,-34.0,-16.0,9.0,-16.0,-0.16
ES,Spain,ChIJi7xhMnjjQgwR7KNoB5Qs7KY,2020-11-30,-28.0,-2.0,-8.0,-24.0,-19.0,7.0,-12.333333333333334,-0.12333333333333334
ES,Spain,ChIJi7xhMnjjQgwR7KNoB5Qs7KY,2020-12-01,-30.0,0.0,-11.0,-23.0,-18.0,7.0,-12.5,-0.125
ES,Spain,ChIJi7xhMnjjQgwR7KNoB5Qs7KY,2020-12-02,-30.0,2.0,-15.0,-25.0,-17.0,8.0,-12.833333333333334,-0.12833333333333333
ES,Spain,ChIJi7xhMnjjQgwR7KNoB5Qs7KY,2020-12-03,-29.0,3.0,-15.0,-24.0,-19.0,8.0,-12.666666666666666,-0.12666666666666665
ES,Spain,ChIJi7xhMnjjQgwR7KNoB5Qs7KY,2020-12-04,-34.0,2.0,-30.0,-28.0,-20.0,10.0,-16.666666666666668,-0.16666666666666669
ES,Spain,ChIJi7xhMnjjQgwR7KNoB5Qs7KY,2020-12-05,-39.0,0.0,-30.0,-33.0,-16.0,9.0,-18.166666666666668,-0.18166666666666667
ES,Spain,ChIJi7xhMnjjQgwR7KNoB5Qs7KY,2020-12-06,-38.0,9.0,-29.0,-38.0,-18.0,9.0,-17.5,-0.175
ES,Spain,ChIJi7xhMnjjQgwR7KNoB5Qs7KY,2020-12-07,-23.0,-3.0,-9.0,-41.0,-61.0,16.0,-20.166666666666668,-0.2016666666666667
ES,Spain,ChIJi7xhMnjjQgwR7KNoB5Qs7KY,2020-12-08,-46.0,-52.0,-17.0,-53.0,-75.0,22.0,-36.833333333333336,-0.36833333333333335
ES,Spain,ChIJi7xhMnjjQgwR7KNoB5Qs7KY,2020-12-09,-28.0,11.0,-21.0,-26.0,-18.0,7.0,-12.5,-0.125
ES,Spain,ChIJi7xhMnjjQgwR7KNoB5Qs7KY,2020-12-10,-29.0,4.0,-23.0,-26.0,-19.0,8.0,-14.166666666666666,-0.14166666666666666
ES,Spain,ChIJi7xhMnjjQgwR7KNoB5Qs7KY,2020-12-11,-33.0,1.0,-26.0,-28.0,-18.0,10.0,-15.666666666666666,-0.15666666666666665
ES,Spain,ChIJi7xhMnjjQgwR7KNoB5Qs7KY,2020-12-12,-34.0,-1.0,-15.0,-27.0,-12.0,8.0,-13.5,-0.135
ES,Spain,ChIJi7xhMnjjQgwR7KNoB5Qs7KY,2020-12-13,-32.0,14.0,-15.0,-31.0,-11.0,7.0,-11.333333333333334,-0.11333333333333334
ES,Spain,ChIJi7xhMnjjQgwR7KNoB5Qs7KY,2020-12-14,-23.0,-2.0,-15.0,-24.0,-18.0,6.0,-12.666666666666666,-0.12666666666666665
ES,Spain,ChIJi7xhMnjjQgwR7KNoB5Qs7KY,2020-12-15,-23.0,1.0,-10.0,-22.0,-18.0,6.0,-11.0,-0.11
ES,Spain,ChIJi7xhMnjjQgwR7KNoB5Qs7KY,2020-12-16,-25.0,1.0,-17.0,-24.0,-17.0,7.0,-12.5,-0.125
ES,Spain,ChIJi7xhMnjjQgwR7KNoB5Qs7KY,2020-12-17,-23.0,5.0,-11.0,-22.0,-17.0,7.0,-10.166666666666666,-0.10166666666666666
ES,Spain,ChIJi7xhMnjjQgwR7KNoB5Qs7KY,2020-12-18,-27.0,1.0,-17.0,-24.0,-18.0,8.0,-12.833333333333334,-0.12833333333333333
ES,Spain,ChIJi7xhMnjjQgwR7KNoB5Qs7KY,2020-12-19,-32.0,-1.0,-24.0,-25.0,-12.0,8.0,-14.333333333333334,-0.14333333333333334
ES,Spain,ChIJi7xhMnjjQgwR7KNoB5Qs7KY,2020-12-20,-25.0,29.0,-15.0,-26.0,-9.0,6.0,-6.666666666666667,-0.06666666666666667
ES,Spain,ChIJi7xhMnjjQgwR7KNoB5Qs7KY,2020-12-21,-13.0,12.0,-1.0,-20.0,-22.0,6.0,-6.333333333333333,-0.06333333333333332
ES,Spain,ChIJi7xhMnjjQgwR7KNoB5Qs7KY,2020-12-22,-14.0,17.0,1.0,-20.0,-26.0,6.0,-6.0,-0.06
ES,Spain,ChIJi7xhMnjjQgwR7KNoB5Qs7KY,2020-12-23,-11.0,35.0,-3.0,-23.0,-35.0,8.0,-4.833333333333333,-0.04833333333333333
ES,Spain,ChIJi7xhMnjjQgwR7KNoB5Qs7KY,2020-12-24,-25.0,18.0,-14.0,-41.0,-54.0,12.0,-17.333333333333332,-0.1733333333333333
ES,Spain,ChIJi7xhMnjjQgwR7KNoB5Qs7KY,2020-12-25,-73.0,-79.0,-29.0,-67.0,-82.0,24.0,-51.0,-0.51
ES,Spain,ChIJi7xhMnjjQgwR7KNoB5Qs7KY,2020-12-26,-42.0,-21.0,-15.0,-35.0,-26.0,9.0,-21.666666666666668,-0.21666666666666667
ES,Spain,ChIJi7xhMnjjQgwR7KNoB5Qs7KY,2020-12-27,-32.0,17.0,-22.0,-35.0,-14.0,7.0,-13.166666666666666,-0.13166666666666665
ES,Spain,ChIJi7xhMnjjQgwR7KNoB5Qs7KY,2020-12-28,-16.0,7.0,-12.0,-34.0,-44.0,12.0,-14.5,-0.145
ES,Spain,ChIJi7xhMnjjQgwR7KNoB5Qs7KY,2020-12-29,-17.0,13.0,-7.0,-32.0,-44.0,11.0,-12.666666666666666,-0.12666666666666665
ES,Spain,ChIJi7xhMnjjQgwR7KNoB5Qs7KY,2020-12-30,-14.0,32.0,-4.0,-31.0,-42.0,10.0,-8.166666666666666,-0.08166666666666667
ES,Spain,ChIJi7xhMnjjQgwR7KNoB5Qs7KY,2020-12-31,-28.0,17.0,-15.0,-44.0,-55.0,13.0,-18.666666666666668,-0.18666666666666668
ES,Spain,ChIJi7xhMnjjQgwR7KNoB5Qs7KY,2021-01-01,-75,-82.0,-37,-70.0,-83,26.0,-53.5,-0.535
ES,Spain,ChIJi7xhMnjjQgwR7KNoB5Qs7KY,2021-01-02,-36,-7.0,-22,-34.0,-21,10.0,-18.333333333333332,-0.18333333333333332
ES,Spain,ChIJi7xhMnjjQgwR7KNoB5Qs7KY,2021-01-03,-29,20.0,-24,-34.0,-11,7.0,-11.833333333333334,-0.11833333333333335
ES,Spain,ChIJi7xhMnjjQgwR7KNoB5Qs7KY,2021-01-04,-9,16.0,-7,-30.0,-40,10.0,-10.0,-0.1
ES,Spain,ChIJi7xhMnjjQgwR7KNoB5Qs7KY,2021-01-05,-9,29.0,-3,-29.0,-42,10.0,-7.333333333333333,-0.07333333333333333
ES,Spain,ChIJi7xhMnjjQgwR7KNoB5Qs7KY,2021-01-06,-56,-70.0,-22,-57.0,-76,21.0,-43.333333333333336,-0.43333333333333335
ES,Spain,ChIJi7xhMnjjQgwR7KNoB5Qs7KY,2021-01-07,-35,1.0,-32,-39.0,-37,14.0,-21.333333333333332,-0.21333333333333332
ES,Spain,ChIJi7xhMnjjQgwR7KNoB5Qs7KY,2021-01-08,-45,-7.0,-39,-41.0,-36,17.0,-25.166666666666668,-0.2516666666666667
ES,Spain,ChIJi7xhMnjjQgwR7KNoB5Qs7KY,2021-01-09,-58,-22.0,-44,-50.0,-32,17.0,-31.5,-0.315
ES,Spain,ChIJi7xhMnjjQgwR7KNoB5Qs7KY,2021-01-10,-58,-21.0,-46,-50.0,-28,13.0,-31.666666666666668,-0.31666666666666665
ES,Spain,ChIJi7xhMnjjQgwR7KNoB5Qs7KY,2021-01-11,-36,-1.0,-25,-35.0,-31,13.0,-19.166666666666668,-0.19166666666666668
ES,Spain,ChIJi7xhMnjjQgwR7KNoB5Qs7KY,2021-01-12,-40,-5.0,-26,-35.0,-30,12.0,-20.666666666666668,-0.20666666666666667
ES,Spain,ChIJi7xhMnjjQgwR7KNoB5Qs7KY,2021-01-13,-42,-5.0,-26,-35.0,-28,11.0,-20.833333333333332,-0.20833333333333331
ES,Spain,ChIJi7xhMnjjQgwR7KNoB5Qs7KY,2021-01-14,-43,-7.0,-30,-36.0,-30,11.0,-22.5,-0.225
ES,Spain,ChIJi7xhMnjjQgwR7KNoB5Qs7KY,2021-01-15,-46,-7.0,-31,-37.0,-30,12.0,-23.166666666666668,-0.2316666666666667
ES,Spain,ChIJi7xhMnjjQgwR7KNoB5Qs7KY,2021-01-16,-52,-12.0,-28,-39.0,-25,11.0,-24.166666666666668,-0.24166666666666667
ES,Spain,ChIJi7xhMnjjQgwR7KNoB5Qs7KY,2021-01-17,-55,-18.0,-31,-45.0,-27,10.0,-27.666666666666668,-0.27666666666666667
ES,Spain,ChIJi7xhMnjjQgwR7KNoB5Qs7KY,2021-01-18,-40,-10.0,-21,-34.0,-28,9.0,-20.666666666666668,-0.20666666666666667
ES,Spain,ChIJi7xhMnjjQgwR7KNoB5Qs7KY,2021-01-19,-43,-10.0,-24,-35.0,-29,10.0,-21.833333333333332,-0.21833333333333332
ES,Spain,ChIJi7xhMnjjQgwR7KNoB5Qs7KY,2021-01-20,-47,-15.0,-37,-38.0,-29,12.0,-25.666666666666668,-0.25666666666666665
ES,Spain,ChIJi7xhMnjjQgwR7KNoB5Qs7KY,2021-01-21,-47,-9.0,-31,-36.0,-27,11.0,-23.166666666666668,-0.2316666666666667
ES,Spain,ChIJi7xhMnjjQgwR7KNoB5Qs7KY,2021-01-22,-52,-11.0,-40,-40.0,-29,14.0,-26.333333333333332,-0.2633333333333333
ES,Spain,ChIJi7xhMnjjQgwR7KNoB5Qs7KY,2021-01-23,-58,-14.0,-43,-46.0,-28,14.0,-29.166666666666668,-0.2916666666666667
ES,Spain,ChIJi7xhMnjjQgwR7KNoB5Qs7KY,2021-01-24,-59,-18.0,-34,-47.0,-30,12.0,-29.333333333333332,-0.29333333333333333
ES,Spain,ChIJi7xhMnjjQgwR7KNoB5Qs7KY,2021-01-25,-45,-11.0,-30,-36.0,-27,10.0,-23.166666666666668,-0.2316666666666667
ES,Spain,ChIJi7xhMnjjQgwR7KNoB5Qs7KY,2021-01-26,-46,-9.0,-23,-34.0,-27,10.0,-21.5,-0.215
ES,Spain,ChIJi7xhMnjjQgwR7KNoB5Qs7KY,2021-01-27,-47,-9.0,-17,-35.0,-26,11.0,-20.5,-0.205
ES,Spain,ChIJi7xhMnjjQgwR7KNoB5Qs7KY,2021-01-28,-46,-7.0,-14,-34.0,-26,10.0,-19.5,-0.195
ES,Spain,ChIJi7xhMnjjQgwR7KNoB5Qs7KY,2021-01-29,-49,-5.0,-17,-35.0,-27,12.0,-20.166666666666668,-0.2016666666666667
ES,Spain,ChIJi7xhMnjjQgwR7KNoB5Qs7KY,2021-01-30,-58,-11.0,-35,-46.0,-28,14.0,-27.333333333333332,-0.2733333333333333
ES,Spain,ChIJi7xhMnjjQgwR7KNoB5Qs7KY,2021-01-31,-60,-15.0,-35,-48.0,-30,12.0,-29.333333333333332,-0.29333333333333333
ES,Spain,ChIJi7xhMnjjQgwR7KNoB5Qs7KY,2021-02-01,-43,-7.0,-16,-34.0,-25,9.0,-19.333333333333332,-0.19333333333333333
ES,Spain,ChIJi7xhMnjjQgwR7KNoB5Qs7KY,2021-02-02,-45,-8.0,-15,-35.0,-26,10.0,-19.833333333333332,-0.19833333333333333
ES,Spain,ChIJi7xhMnjjQgwR7KNoB5Qs7KY,2021-02-03,-46,-5.0,-16,-35.0,-25,10.0,-19.5,-0.195
ES,Spain,ChIJi7xhMnjjQgwR7KNoB5Qs7KY,2021-02-04,-46,-4.0,-21,-35.0,-25,10.0,-20.166666666666668,-0.2016666666666667
ES,Spain,ChIJi7xhMnjjQgwR7KNoB5Qs7KY,2021-02-05,-50,-3.0,-27,-36.0,-25,12.0,-21.5,-0.215
ES,Spain,ChIJi7xhMnjjQgwR7KNoB5Qs7KY,2021-02-06,-58,-9.0,-36,-45.0,-28,13.0,-27.166666666666668,-0.27166666666666667
ES,Spain,ChIJi7xhMnjjQgwR7KNoB5Qs7KY,2021-02-07,-58,-15.0,-32,-46.0,-30,11.0,-28.333333333333332,-0.2833333333333333
ES,Spain,ChIJi7xhMnjjQgwR7KNoB5Qs7KY,2021-02-08,-44,-8.0,-26,-35.0,-25,9.0,-21.5,-0.215
ES,Spain,ChIJi7xhMnjjQgwR7KNoB5Qs7KY,2021-02-09,-46,-8.0,-31,-35.0,-25,10.0,-22.5,-0.225
ES,Spain,ChIJi7xhMnjjQgwR7KNoB5Qs7KY,2021-02-10,-44,-3.0,-19,-34.0,-23,10.0,-18.833333333333332,-0.18833333333333332
ES,Spain,ChIJi7xhMnjjQgwR7KNoB5Qs7KY,2021-02-11,-43,-3.0,-15,-32.0,-23,9.0,-17.833333333333332,-0.17833333333333332
ES,Spain,ChIJi7xhMnjjQgwR7KNoB5Qs7KY,2021-02-12,-46,0.0,-18,-33.0,-23,11.0,-18.166666666666668,-0.18166666666666667
ES,Spain,ChIJi7xhMnjjQgwR7KNoB5Qs7KY,2021-02-13,-48,-3.0,-9,-35.0,-23,10.0,-18.0,-0.18
ES,Spain,ChIJi7xhMnjjQgwR7KNoB5Qs7KY,2021-02-14,-46,-5.0,-13,-38.0,-23,8.0,-19.5,-0.195
ES,Spain,ChIJi7xhMnjjQgwR7KNoB5Qs7KY,2021-02-15,-38,-6.0,-5,-32.0,-29,9.0,-16.833333333333332,-0.16833333333333333
ES,Spain,ChIJi7xhMnjjQgwR7KNoB5Qs7KY,2021-02-16,-42,-8.0,-5,-31.0,-28,9.0,-17.5,-0.175
ES,Spain,ChIJi7xhMnjjQgwR7KNoB5Qs7KY,2021-02-17,-41,-2.0,-5,-29.0,-23,9.0,-15.166666666666666,-0.15166666666666667
ES,Spain,ChIJi7xhMnjjQgwR7KNoB5Qs7KY,2021-02-18,-40,-1.0,-9,-29.0,-22,8.0,-15.5,-0.155
ES,Spain,ChIJi7xhMnjjQgwR7KNoB5Qs7KY,2021-02-19,-42,1.0,-6,-30.0,-23,10.0,-15.0,-0.15
ES,Spain,ChIJi7xhMnjjQgwR7KNoB5Qs7KY,2021-02-20,-48,-6.0,-7,-33.0,-22,9.0,-17.833333333333332,-0.17833333333333332
ES,Spain,ChIJi7xhMnjjQgwR7KNoB5Qs7KY,2021-02-21,-55,-14.0,-38,-45.0,-26,10.0,-28.0,-0.28
ES,Spain,ChIJi7xhMnjjQgwR7KNoB5Qs7KY,2021-02-22,-38,-5.0,-13,-32.0,-23,8.0,-17.166666666666668,-0.1716666666666667
ES,Spain,ChIJi7xhMnjjQgwR7KNoB5Qs7KY,2021-02-23,-38,-2.0,-2,-27.0,-21,7.0,-13.833333333333334,-0.13833333333333334
ES,Spain,ChIJi7xhMnjjQgwR7KNoB5Qs7KY,2021-02-24,-38,-1.0,-3,-28.0,-20,8.0,-13.666666666666666,-0.13666666666666666
ES,Spain,ChIJi7xhMnjjQgwR7KNoB5Qs7KY,2021-02-25,-37,2.0,-10,-27.0,-21,8.0,-14.166666666666666,-0.14166666666666666
ES,Spain,ChIJi7xhMnjjQgwR7KNoB5Qs7KY,2021-02-26,-38,5.0,-7,-27.0,-21,8.0,-13.333333333333334,-0.13333333333333333
ES,Spain,ChIJi7xhMnjjQgwR7KNoB5Qs7KY,2021-02-27,-42,0.0,1,-29.0,-18,7.0,-13.5,-0.135
ES,Spain,ChIJi7xhMnjjQgwR7KNoB5Qs7KY,2021-02-28,-43,0.0,-8,-33.0,-19,6.0,-16.166666666666668,-0.16166666666666668
ES,Spain,ChIJi7xhMnjjQgwR7KNoB5Qs7KY,2021-03-01,-35,-9.0,-8,-30.0,-29,8.0,-17.166666666666668,-0.1716666666666667
ES,Spain,ChIJi7xhMnjjQgwR7KNoB5Qs7KY,2021-03-02,-34,2.0,-8,-26.0,-20,7.0,-13.166666666666666,-0.13166666666666665
ES,Spain,ChIJi7xhMnjjQgwR7KNoB5Qs7KY,2021-03-03,-33,4.0,-3,-25.0,-19,7.0,-11.5,-0.115
ES,Spain,ChIJi7xhMnjjQgwR7KNoB5Qs7KY,2021-03-04,-33,4.0,-5,-25.0,-19,7.0,-11.833333333333334,-0.11833333333333335
ES,Spain,ChIJi7xhMnjjQgwR7KNoB5Qs7KY,2021-03-05,-35,4.0,-9,-25.0,-19,8.0,-12.666666666666666,-0.12666666666666665
ES,Spain,ChIJi7xhMnjjQgwR7KNoB5Qs7KY,2021-03-06,-39,-1.0,-8,-28.0,-17,7.0,-14.333333333333334,-0.14333333333333334
ES,Spain,ChIJi7xhMnjjQgwR7KNoB5Qs7KY,2021-03-07,-45,-7.0,-27,-37.0,-18,7.0,-21.166666666666668,-0.21166666666666667
ES,Spain,ChIJi7xhMnjjQgwR7KNoB5Qs7KY,2021-03-08,-31,-3.0,-15,-28.0,-21,7.0,-15.166666666666666,-0.15166666666666667
ES,Spain,ChIJi7xhMnjjQgwR7KNoB5Qs7KY,2021-03-09,-32,1.0,-6,-25.0,-19,6.0,-12.5,-0.125
ES,Spain,ChIJi7xhMnjjQgwR7KNoB5Qs7KY,2021-03-10,-31,2.0,2,-24.0,-18,6.0,-10.5,-0.105
ES,Spain,ChIJi7xhMnjjQgwR7KNoB5Qs7KY,2021-03-11,-31,3.0,-1,-24.0,-18,6.0,-10.833333333333334,-0.10833333333333334
ES,Spain,ChIJi7xhMnjjQgwR7KNoB5Qs7KY,2021-03-12,-33,5.0,-2,-24.0,-17,7.0,-10.666666666666666,-0.10666666666666666
ES,Spain,ChIJi7xhMnjjQgwR7KNoB5Qs7KY,2021-03-13,-36,-2.0,8,-25.0,-15,5.0,-10.833333333333334,-0.10833333333333334
ES,Spain,ChIJi7xhMnjjQgwR7KNoB5Qs7KY,2021-03-14,-36,1.0,1,-30.0,-15,4.0,-12.5,-0.125
ES,Spain,ChIJi7xhMnjjQgwR7KNoB5Qs7KY,2021-03-15,-28,0.0,6,-24.0,-17,5.0,-9.666666666666666,-0.09666666666666666
ES,Spain,ChIJi7xhMnjjQgwR7KNoB5Qs7KY,2021-03-16,-29,1.0,4,-23.0,-18,5.0,-10.0,-0.1
ES,Spain,ChIJi7xhMnjjQgwR7KNoB5Qs7KY,2021-03-17,-29,4.0,4,-24.0,-17,6.0,-9.333333333333334,-0.09333333333333334
ES,Spain,ChIJi7xhMnjjQgwR7KNoB5Qs7KY,2021-03-18,-27,13.0,-8,-24.0,-19,6.0,-9.833333333333334,-0.09833333333333334
ES,Spain,ChIJi7xhMnjjQgwR7KNoB5Qs7KY,2021-03-19,-38,-20.0,-15,-40.0,-42,14.0,-23.5,-0.235
ES,Spain,ChIJi7xhMnjjQgwR7KNoB5Qs7KY,2021-03-20,-36,1.0,-8,-29.0,-17,7.0,-13.666666666666666,-0.13666666666666666
ES,Spain,ChIJi7xhMnjjQgwR7KNoB5Qs7KY,2021-03-21,-36,1.0,1,-29.0,-14,4.0,-12.166666666666666,-0.12166666666666666
ES,Spain,ChIJi7xhMnjjQgwR7KNoB5Qs7KY,2021-03-22,-28,2.0,5,-24.0,-17,5.0,-9.5,-0.095
ES,Spain,ChIJi7xhMnjjQgwR7KNoB5Qs7KY,2021-03-23,-29,2.0,10,-22.0,-17,5.0,-8.5,-0.085
ES,Spain,ChIJi7xhMnjjQgwR7KNoB5Qs7KY,2021-03-24,-28,4.0,10,-23.0,-17,5.0,-8.166666666666666,-0.08166666666666667
ES,Spain,ChIJi7xhMnjjQgwR7KNoB5Qs7KY,2021-03-25,-26,8.0,10,-20.0,-17,5.0,-6.666666666666667,-0.06666666666666667
ES,Spain,ChIJi7xhMnjjQgwR7KNoB5Qs7KY,2021-03-26,-30,6.0,4,-23.0,-20,6.0,-9.5,-0.095
ES,Spain,ChIJi7xhMnjjQgwR7KNoB5Qs7KY,2021-03-27,-33,1.0,11,-23.0,-13,4.0,-8.833333333333334,-0.08833333333333333
ES,Spain,ChIJi7xhMnjjQgwR7KNoB5Qs7KY,2021-03-28,-31,5.0,18,-24.0,-11,2.0,-6.833333333333333,-0.06833333333333333
ES,Spain,ChIJi7xhMnjjQgwR7KNoB5Qs7KY,2021-03-29,-21,5.0,29,-26.0,-31,6.0,-6.333333333333333,-0.06333333333333332
ES,Spain,ChIJi7xhMnjjQgwR7KNoB5Qs7KY,2021-03-30,-21,10.0,29,-24.0,-31,6.0,-5.166666666666667,-0.051666666666666666
ES,Spain,ChIJi7xhMnjjQgwR7KNoB5Qs7KY,2021-03-31,-14,27.0,37,-22.0,-32,4.0,0.0,0.0
ES,Spain,ChIJi7xhMnjjQgwR7KNoB5Qs7KY,2021-04-01,-24,1.0,51,-37.0,-62,11.0,-10.0,-0.1
ES,Spain,ChIJi7xhMnjjQgwR7KNoB5Qs7KY,2021-04-02,-47,-53.0,42,-50.0,-75,19.0,-27.333333333333332,-0.2733333333333333
ES,Spain,ChIJi7xhMnjjQgwR7KNoB5Qs7KY,2021-04-03,-33,9.0,21,-28.0,-21,4.0,-8.0,-0.08
ES,Spain,ChIJi7xhMnjjQgwR7KNoB5Qs7KY,2021-04-04,-30,13.0,20,-24.0,-12,1.0,-5.333333333333333,-0.05333333333333333
ES,Spain,ChIJi7xhMnjjQgwR7KNoB5Qs7KY,2021-04-05,-28,-13.0,45,-32.0,-47,9.0,-11.0,-0.11
ES,Spain,ChIJi7xhMnjjQgwR7KNoB5Qs7KY,2021-04-06,-25,13.0,9,-22.0,-22,5.0,-7.0,-0.07
ES,Spain,ChIJi7xhMnjjQgwR7KNoB5Qs7KY,2021-04-07,-27,10.0,5,-24.0,-21,6.0,-8.5,-0.085
ES,Spain,ChIJi7xhMnjjQgwR7KNoB5Qs7KY,2021-04-08,-26,8.0,7,-22.0,-20,6.0,-7.833333333333333,-0.07833333333333332
ES,Spain,ChIJi7xhMnjjQgwR7KNoB5Qs7KY,2021-04-09,-32,3.0,-10,-26.0,-20,8.0,-12.833333333333334,-0.12833333333333333
ES,Spain,ChIJi7xhMnjjQgwR7KNoB5Qs7KY,2021-04-10,-36,1.0,-17,-30.0,-14,7.0,-14.833333333333334,-0.14833333333333334
ES,Spain,ChIJi7xhMnjjQgwR7KNoB5Qs7KY,2021-04-11,-37,2.0,-18,-34.0,-14,6.0,-15.833333333333334,-0.15833333333333333
ES,Spain,ChIJi7xhMnjjQgwR7KNoB5Qs7KY,2021-04-12,-26,0.0,11,-23.0,-20,5.0,-8.833333333333334,-0.08833333333333333
ES,Spain,ChIJi7xhMnjjQgwR7KNoB5Qs7KY,2021-04-13,-29,4.0,-1,-22.0,-16,5.0,-9.833333333333334,-0.09833333333333334
ES,Spain,ChIJi7xhMnjjQgwR7KNoB5Qs7KY,2021-04-14,-29,5.0,0,-22.0,-16,6.0,-9.333333333333334,-0.09333333333333334
ES,Spain,ChIJi7xhMnjjQgwR7KNoB5Qs7KY,2021-04-15,-30,3.0,-7,-23.0,-17,7.0,-11.166666666666666,-0.11166666666666666
ES,Spain,ChIJi7xhMnjjQgwR7KNoB5Qs7KY,2021-04-16,-31,6.0,-2,-23.0,-15,6.0,-9.833333333333334,-0.09833333333333334
ES,Spain,ChIJi7xhMnjjQgwR7KNoB5Qs7KY,2021-04-17,-33,1.0,4,-25.0,-12,5.0,-10.0,-0.1
ES,Spain,ChIJi7xhMnjjQgwR7KNoB5Qs7KY,2021-04-18,-33,6.0,8,-26.0,-11,4.0,-8.666666666666666,-0.08666666666666666
ES,Spain,ChIJi7xhMnjjQgwR7KNoB5Qs7KY,2021-04-19,-26,2.0,8,-21.0,-15,5.0,-7.833333333333333,-0.07833333333333332
ES,Spain,ChIJi7xhMnjjQgwR7KNoB5Qs7KY,2021-04-20,-28,4.0,1,-21.0,-15,6.0,-8.833333333333334,-0.08833333333333333
ES,Spain,ChIJi7xhMnjjQgwR7KNoB5Qs7KY,2021-04-21,-29,4.0,-4,-24.0,-17,6.0,-10.666666666666666,-0.10666666666666666
ES,Spain,ChIJi7xhMnjjQgwR7KNoB5Qs7KY,2021-04-22,-28,6.0,-3,-22.0,-15,6.0,-9.333333333333334,-0.09333333333333334
ES,Spain,ChIJi7xhMnjjQgwR7KNoB5Qs7KY,2021-04-23,-28,3.0,13,-18.0,-19,6.0,-7.166666666666667,-0.07166666666666667
ES,Spain,ChIJi7xhMnjjQgwR7KNoB5Qs7KY,2021-04-24,-33,2.0,-1,-24.0,-13,5.0,-10.666666666666666,-0.10666666666666666
ES,Spain,ChIJi7xhMnjjQgwR7KNoB5Qs7KY,2021-04-25,-39,0.0,-23,-35.0,-14,6.0,-17.5,-0.175
ES,Spain,ChIJi7xhMnjjQgwR7KNoB5Qs7KY,2021-04-26,-26,2.0,-7,-23.0,-16,6.0,-10.666666666666666,-0.10666666666666666
ES,Spain,ChIJi7xhMnjjQgwR7KNoB5Qs7KY,2021-04-27,-28,4.0,-6,-22.0,-15,6.0,-10.166666666666666,-0.10166666666666666
ES,Spain,ChIJi7xhMnjjQgwR7KNoB5Qs7KY,2021-04-28,-26,6.0,-1,-22.0,-15,6.0,-8.666666666666666,-0.08666666666666666
ES,Spain,ChIJi7xhMnjjQgwR7KNoB5Qs7KY,2021-04-29,-24,10.0,-3,-21.0,-15,5.0,-8.0,-0.08
ES,Spain,ChIJi7xhMnjjQgwR7KNoB5Qs7KY,2021-04-30,-22,25.0,1,-19.0,-16,4.0,-4.5,-0.045
ES,Spain,ChIJi7xhMnjjQgwR7KNoB5Qs7KY,2021-05-01,-44,-52.0,9,-29.0,-34,7.0,-23.833333333333332,-0.2383333333333333
ES,Spain,ChIJi7xhMnjjQgwR7KNoB5Qs7KY,2021-05-02,-13,54.0,4,-19.0,-3,0.0,3.8333333333333335,0.03833333333333334
ES,Spain,ChIJi7xhMnjjQgwR7KNoB5Qs7KY,2021-05-03,-19,10.0,16,-26.0,-28,6.0,-6.833333333333333,-0.06833333333333333
ES,Spain,ChIJi7xhMnjjQgwR7KNoB5Qs7KY,2021-05-04,-21,12.0,17,-17.0,-17,4.0,-3.6666666666666665,-0.03666666666666667
ES,Spain,ChIJi7xhMnjjQgwR7KNoB5Qs7KY,2021-05-05,-22,11.0,13,-18.0,-14,4.0,-4.333333333333333,-0.04333333333333333
ES,Spain,ChIJi7xhMnjjQgwR7KNoB5Qs7KY,2021-05-06,-21,10.0,14,-17.0,-14,4.0,-4.0,-0.04
ES,Spain,ChIJi7xhMnjjQgwR7KNoB5Qs7KY,2021-05-07,-23,10.0,18,-16.0,-13,4.0,-3.3333333333333335,-0.03333333333333333
ES,Spain,ChIJi7xhMnjjQgwR7KNoB5Qs7KY,2021-05-08,-27,1.0,27,-16.0,-10,1.0,-4.0,-0.04
ES,Spain,ChIJi7xhMnjjQgwR7KNoB5Qs7KY,2021-05-09,-32,6.0,-15,-28.0,-12,3.0,-13.0,-0.13
ES,Spain,ChIJi7xhMnjjQgwR7KNoB5Qs7KY,2021-05-10,-21,6.0,1,-19.0,-16,4.0,-7.5,-0.075
ES,Spain,ChIJi7xhMnjjQgwR7KNoB5Qs7KY,2021-05-11,-20,7.0,9,-17.0,-15,4.0,-5.333333333333333,-0.05333333333333333
ES,Spain,ChIJi7xhMnjjQgwR7KNoB5Qs7KY,2021-05-12,-20,9.0,8,-16.0,-15,4.0,-5.0,-0.05
ES,Spain,ChIJi7xhMnjjQgwR7KNoB5Qs7KY,2021-05-13,-20,8.0,7,-16.0,-16,4.0,-5.5,-0.055
ES,Spain,ChIJi7xhMnjjQgwR7KNoB5Qs7KY,2021-05-14,-20,10.0,19,-14.0,-15,2.0,-3.0,-0.03
ES,Spain,ChIJi7xhMnjjQgwR7KNoB5Qs7KY,2021-05-15,-24,-2.0,23,-15.0,-14,0.0,-5.333333333333333,-0.05333333333333333
ES,Spain,ChIJi7xhMnjjQgwR7KNoB5Qs7KY,2021-05-16,-27,8.0,8,-21.0,-10,-1.0,-7.166666666666667,-0.07166666666666667
ES,Spain,ChIJi7xhMnjjQgwR7KNoB5Qs7KY,2021-05-17,-19,3.0,24,-15.0,-18,4.0,-3.5,-0.035
ES,Spain,ChIJi7xhMnjjQgwR7KNoB5Qs7KY,2021-05-18,-19,8.0,14,-15.0,-14,4.0,-3.6666666666666665,-0.03666666666666667
ES,Spain,ChIJi7xhMnjjQgwR7KNoB5Qs7KY,2021-05-19,-19,9.0,18,-17.0,-13,4.0,-3.0,-0.03
ES,Spain,ChIJi7xhMnjjQgwR7KNoB5Qs7KY,2021-05-20,-16,11.0,23,-18.0,-13,3.0,-1.6666666666666667,-0.016666666666666666
ES,Spain,ChIJi7xhMnjjQgwR7KNoB5Qs7KY,2021-05-21,-19,11.0,20,-16.0,-14,2.0,-2.6666666666666665,-0.026666666666666665
ES,Spain,ChIJi7xhMnjjQgwR7KNoB5Qs7KY,2021-05-22,-25,0.0,21,-19.0,-9,1.0,-5.166666666666667,-0.051666666666666666
ES,Spain,ChIJi7xhMnjjQgwR7KNoB5Qs7KY,2021-05-23,-31,6.0,-7,-26.0,-11,2.0,-11.166666666666666,-0.11166666666666666
ES,Spain,ChIJi7xhMnjjQgwR7KNoB5Qs7KY,2021-05-24,-16,5.0,25,-20.0,-21,4.0,-3.8333333333333335,-0.03833333333333334
ES,Spain,ChIJi7xhMnjjQgwR7KNoB5Qs7KY,2021-05-25,-17,11.0,20,-15.0,-14,3.0,-2.0,-0.02
ES,Spain,ChIJi7xhMnjjQgwR7KNoB5Qs7KY,2021-05-26,-17,12.0,21,-16.0,-13,3.0,-1.6666666666666667,-0.016666666666666666
ES,Spain,ChIJi7xhMnjjQgwR7KNoB5Qs7KY,2021-05-27,-15,12.0,17,-15.0,-13,3.0,-1.8333333333333333,-0.018333333333333333
ES,Spain,ChIJi7xhMnjjQgwR7KNoB5Qs7KY,2021-05-28,-15,13.0,27,-12.0,-12,1.0,0.3333333333333333,0.003333333333333333
ES,Spain,ChIJi7xhMnjjQgwR7KNoB5Qs7KY,2021-05-29,-20,2.0,34,-13.0,-8,-1.0,-1.0,-0.01
ES,Spain,ChIJi7xhMnjjQgwR7KNoB5Qs7KY,2021-05-30,-22,15.0,20,-18.0,-6,-1.0,-2.0,-0.02
ES,Spain,ChIJi7xhMnjjQgwR7KNoB5Qs7KY,2021-05-31,-12,10.0,26,-14.0,-15,3.0,-0.3333333333333333,-0.003333333333333333
ES,Spain,ChIJi7xhMnjjQgwR7KNoB5Qs7KY,2021-06-01,-14,14.0,14,-14.0,-14,4.0,-1.6666666666666667,-0.016666666666666666
ES,Spain,ChIJi7xhMnjjQgwR7KNoB5Qs7KY,2021-06-02,-11,17.0,27,-12.0,-13,3.0,1.8333333333333333,0.018333333333333333
ES,Spain,ChIJi7xhMnjjQgwR7KNoB5Qs7KY,2021-06-03,-12,12.0,23,-14.0,-17,4.0,-0.6666666666666666,-0.006666666666666666
ES,Spain,ChIJi7xhMnjjQgwR7KNoB5Qs7KY,2021-06-04,-13,15.0,26,-12.0,-13,2.0,0.8333333333333334,0.008333333333333333
ES,Spain,ChIJi7xhMnjjQgwR7KNoB5Qs7KY,2021-06-05,-20,3.0,20,-15.0,-9,1.0,-3.3333333333333335,-0.03333333333333333
ES,Spain,ChIJi7xhMnjjQgwR7KNoB5Qs7KY,2021-06-06,-20,17.0,23,-14.0,-5,-2.0,-0.16666666666666666,-0.0016666666666666666
ES,Spain,ChIJi7xhMnjjQgwR7KNoB5Qs7KY,2021-06-07,-9,13.0,35,-12.0,-14,2.0,2.5,0.025
ES,Spain,ChIJi7xhMnjjQgwR7KNoB5Qs7KY,2021-06-08,-11,14.0,32,-11.0,-14,3.0,2.1666666666666665,0.021666666666666664
ES,Spain,ChIJi7xhMnjjQgwR7KNoB5Qs7KY,2021-06-09,-11,13.0,34,-12.0,-16,3.0,1.8333333333333333,0.018333333333333333
ES,Spain,ChIJi7xhMnjjQgwR7KNoB5Qs7KY,2021-06-10,-9,16.0,35,-11.0,-14,2.0,3.1666666666666665,0.03166666666666666
ES,Spain,ChIJi7xhMnjjQgwR7KNoB5Qs7KY,2021-06-11,-14,11.0,32,-11.0,-15,1.0,0.6666666666666666,0.006666666666666666
ES,Spain,ChIJi7xhMnjjQgwR7KNoB5Qs7KY,2021-06-12,-21,1.0,40,-12.0,-9,-2.0,-0.5,-0.005
ES,Spain,ChIJi7xhMnjjQgwR7KNoB5Qs7KY,2021-06-13,-23,16.0,23,-14.0,-7,-3.0,-1.3333333333333333,-0.013333333333333332
ES,Spain,ChIJi7xhMnjjQgwR7KNoB5Qs7KY,2021-06-14,-10,12.0,33,-12.0,-17,2.0,1.3333333333333333,0.013333333333333332
ES,Spain,ChIJi7xhMnjjQgwR7KNoB5Qs7KY,2021-06-15,-11,13.0,34,-11.0,-16,2.0,1.8333333333333333,0.018333333333333333
ES,Spain,ChIJi7xhMnjjQgwR7KNoB5Qs7KY,2021-06-16,-11,14.0,26,-12.0,-17,2.0,0.3333333333333333,0.003333333333333333
ES,Spain,ChIJi7xhMnjjQgwR7KNoB5Qs7KY,2021-06-17,-13,12.0,12,-15.0,-18,3.0,-3.1666666666666665,-0.03166666666666666
ES,Spain,ChIJi7xhMnjjQgwR7KNoB5Qs7KY,2021-06-18,-15,9.0,22,-14.0,-18,1.0,-2.5,-0.025
ES,Spain,ChIJi7xhMnjjQgwR7KNoB5Qs7KY,2021-06-19,-23,0.0,21,-15.0,-11,-1.0,-4.833333333333333,-0.04833333333333333
ES,Spain,ChIJi7xhMnjjQgwR7KNoB5Qs7KY,2021-06-20,-23,17.0,7,-18.0,-9,-1.0,-4.5,-0.045
ES,Spain,ChIJi7xhMnjjQgwR7KNoB5Qs7KY,2021-06-21,-7,11.0,36,-13.0,-21,2.0,1.3333333333333333,0.013333333333333332
ES,Spain,ChIJi7xhMnjjQgwR7KNoB5Qs7KY,2021-06-22,-8,13.0,34,-12.0,-21,2.0,1.3333333333333333,0.013333333333333332
ES,Spain,ChIJi7xhMnjjQgwR7KNoB5Qs7KY,2021-06-23,-8,18.0,46,-12.0,-23,1.0,3.6666666666666665,0.03666666666666667
ES,Spain,ChIJi7xhMnjjQgwR7KNoB5Qs7KY,2021-06-24,-14,-8.0,61,-20.0,-41,5.0,-2.8333333333333335,-0.028333333333333335
ES,Spain,ChIJi7xhMnjjQgwR7KNoB5Qs7KY,2021-06-25,-12,14.0,50,-15.0,-29,1.0,1.5,0.015
ES,Spain,ChIJi7xhMnjjQgwR7KNoB5Qs7KY,2021-06-26,-21,0.0,46,-12.0,-11,-3.0,-0.16666666666666666,-0.0016666666666666666
ES,Spain,ChIJi7xhMnjjQgwR7KNoB5Qs7KY,2021-06-27,-19,23.0,26,-12.0,-7,-5.0,1.0,0.01
ES,Spain,ChIJi7xhMnjjQgwR7KNoB5Qs7KY,2021-06-28,-5,12.0,43,-12.0,-25,1.0,2.3333333333333335,0.023333333333333334
ES,Spain,ChIJi7xhMnjjQgwR7KNoB5Qs7KY,2021-06-29,-7,10.0,45,-12.0,-27,1.0,1.6666666666666667,0.016666666666666666
ES,Spain,ChIJi7xhMnjjQgwR7KNoB5Qs7KY,2021-06-30,-5,16.0,47,-11.0,-24,0.0,3.8333333333333335,0.03833333333333334
ES,Spain,ChIJi7xhMnjjQgwR7KNoB5Qs7KY,2021-07-01,-4,18.0,50,-9.0,-27,1.0,4.833333333333333,0.04833333333333333
ES,Spain,ChIJi7xhMnjjQgwR7KNoB5Qs7KY,2021-07-02,-15,9.0,34,-14.0,-26,1.0,-1.8333333333333333,-0.018333333333333333
ES,Spain,ChIJi7xhMnjjQgwR7KNoB5Qs7KY,2021-07-03,-19,4.0,46,-9.0,-10,-3.0,1.5,0.015
ES,Spain,ChIJi7xhMnjjQgwR7KNoB5Qs7KY,2021-07-04,-15,39.0,31,-10.0,-4,-5.0,6.0,0.06
ES,Spain,ChIJi7xhMnjjQgwR7KNoB5Qs7KY,2021-07-05,-2,17.0,65,-9.0,-28,1.0,7.333333333333333,0.07333333333333333
ES,Spain,ChIJi7xhMnjjQgwR7KNoB5Qs7KY,2021-07-06,-7,17.0,45,-12.0,-28,2.0,2.8333333333333335,0.028333333333333335
ES,Spain,ChIJi7xhMnjjQgwR7KNoB5Qs7KY,2021-07-07,-4,17.0,57,-11.0,-28,2.0,5.5,0.055
ES,Spain,ChIJi7xhMnjjQgwR7KNoB5Qs7KY,2021-07-08,-4,16.0,61,-10.0,-28,1.0,6.0,0.06
ES,Spain,ChIJi7xhMnjjQgwR7KNoB5Qs7KY,2021-07-09,-13,12.0,55,-12.0,-27,0.0,2.5,0.025
ES,Spain,ChIJi7xhMnjjQgwR7KNoB5Qs7KY,2021-07-10,-22,1.0,55,-12.0,-10,-3.0,1.5,0.015
ES,Spain,ChIJi7xhMnjjQgwR7KNoB5Qs7KY,2021-07-11,-22,27.0,33,-14.0,-6,-4.0,2.3333333333333335,0.023333333333333334
ES,Spain,ChIJi7xhMnjjQgwR7KNoB5Qs7KY,2021-07-12,-4,17.0,59,-12.0,-30,2.0,5.333333333333333,0.05333333333333333
ES,Spain,ChIJi7xhMnjjQgwR7KNoB5Qs7KY,2021-07-13,-5,17.0,63,-11.0,-29,2.0,6.166666666666667,0.06166666666666667
ES,Spain,ChIJi7xhMnjjQgwR7KNoB5Qs7KY,2021-07-14,-3,17.0,64,-11.0,-28,2.0,6.833333333333333,0.06833333333333333
ES,Spain,ChIJi7xhMnjjQgwR7KNoB5Qs7KY,2021-07-15,-4,18.0,65,-11.0,-28,1.0,6.833333333333333,0.06833333333333333
ES,Spain,ChIJi7xhMnjjQgwR7KNoB5Qs7KY,2021-07-16,-13,10.0,60,-14.0,-29,1.0,2.5,0.025
ES,Spain,ChIJi7xhMnjjQgwR7KNoB5Qs7KY,2021-07-17,-23,1.0,59,-12.0,-9,-3.0,2.1666666666666665,0.021666666666666664
ES,Spain,ChIJi7xhMnjjQgwR7KNoB5Qs7KY,2021-07-18,-20,31.0,44,-12.0,-2,-5.0,6.0,0.06
ES,Spain,ChIJi7xhMnjjQgwR7KNoB5Qs7KY,2021-07-19,-2,17.0,78,-11.0,-30,1.0,8.833333333333334,0.08833333333333333
ES,Spain,ChIJi7xhMnjjQgwR7KNoB5Qs7KY,2021-07-20,-5,16.0,75,-12.0,-30,2.0,7.666666666666667,0.07666666666666667
ES,Spain,ChIJi7xhMnjjQgwR7KNoB5Qs7KY,2021-07-21,-5,17.0,71,-14.0,-29,2.0,7.0,0.07
ES,Spain,ChIJi7xhMnjjQgwR7KNoB5Qs7KY,2021-07-22,-6,15.0,67,-14.0,-29,2.0,5.833333333333333,0.05833333333333333
ES,Spain,ChIJi7xhMnjjQgwR7KNoB5Qs7KY,2021-07-23,-15,11.0,54,-16.0,-28,2.0,1.3333333333333333,0.013333333333333332
ES,Spain,ChIJi7xhMnjjQgwR7KNoB5Qs7KY,2021-07-24,-23,1.0,54,-14.0,-7,-2.0,1.5,0.015
ES,Spain,ChIJi7xhMnjjQgwR7KNoB5Qs7KY,2021-07-25,-18,32.0,40,-13.0,1,-4.0,6.333333333333333,0.06333333333333332
ES,Spain,ChIJi7xhMnjjQgwR7KNoB5Qs7KY,2021-07-26,0,18.0,78,-13.0,-31,2.0,9.0,0.09
ES,Spain,ChIJi7xhMnjjQgwR7KNoB5Qs7KY,2021-07-27,-4,16.0,77,-13.0,-30,2.0,8.0,0.08
ES,Spain,ChIJi7xhMnjjQgwR7KNoB5Qs7KY,2021-07-28,-4,16.0,77,-14.0,-30,2.0,7.833333333333333,0.07833333333333332
ES,Spain,ChIJi7xhMnjjQgwR7KNoB5Qs7KY,2021-07-29,-3,17.0,73,-14.0,-29,2.0,7.666666666666667,0.07666666666666667
ES,Spain,ChIJi7xhMnjjQgwR7KNoB5Qs7KY,2021-07-30,-12,13.0,55,-16.0,-29,1.0,2.0,0.02
ES,Spain,ChIJi7xhMnjjQgwR7KNoB5Qs7KY,2021-07-31,-21,3.0,41,-14.0,-7,-2.0,0.0,0.0
ES,Spain,ChIJi7xhMnjjQgwR7KNoB5Qs7KY,2021-08-01,-13,42.0,41,-10.0,2,-4.0,9.666666666666666,0.09666666666666666
ES,Spain,ChIJi7xhMnjjQgwR7KNoB5Qs7KY,2021-08-02,4,23.0,98,-13.0,-38,2.0,12.666666666666666,0.12666666666666665
ES,Spain,ChIJi7xhMnjjQgwR7KNoB5Qs7KY,2021-08-03,-1,19.0,93,-15.0,-38,3.0,10.166666666666666,0.10166666666666666
ES,Spain,ChIJi7xhMnjjQgwR7KNoB5Qs7KY,2021-08-04,0,22.0,86,-18.0,-38,3.0,9.166666666666666,0.09166666666666666
ES,Spain,ChIJi7xhMnjjQgwR7KNoB5Qs7KY,2021-08-05,-2,18.0,94,-17.0,-38,2.0,9.5,0.095
ES,Spain,ChIJi7xhMnjjQgwR7KNoB5Qs7KY,2021-08-06,-12,13.0,73,-19.0,-37,3.0,3.5,0.035
ES,Spain,ChIJi7xhMnjjQgwR7KNoB5Qs7KY,2021-08-07,-21,2.0,62,-14.0,-10,-2.0,2.8333333333333335,0.028333333333333335
ES,Spain,ChIJi7xhMnjjQgwR7KNoB5Qs7KY,2021-08-08,-13,39.0,54,-11.0,2,-4.0,11.166666666666666,0.11166666666666666
ES,Spain,ChIJi7xhMnjjQgwR7KNoB5Qs7KY,2021-08-09,4,22.0,114,-16.0,-42,2.0,14.0,0.14
ES,Spain,ChIJi7xhMnjjQgwR7KNoB5Qs7KY,2021-08-10,1,19.0,111,-17.0,-42,3.0,12.5,0.125
ES,Spain,ChIJi7xhMnjjQgwR7KNoB5Qs7KY,2021-08-11,-1,19.0,103,-19.0,-42,3.0,10.5,0.105
ES,Spain,ChIJi7xhMnjjQgwR7KNoB5Qs7KY,2021-08-12,-3,17.0,102,-20.0,-42,3.0,9.5,0.095
ES,Spain,ChIJi7xhMnjjQgwR7KNoB5Qs7KY,2021-08-13,-15,10.0,80,-22.0,-41,3.0,2.5,0.025
ES,Spain,ChIJi7xhMnjjQgwR7KNoB5Qs7KY,2021-08-14,-25,1.0,61,-16.0,-10,-2.0,1.5,0.015
ES,Spain,ChIJi7xhMnjjQgwR7KNoB5Qs7KY,2021-08-15,-15,36.0,48,-13.0,3,-4.0,9.166666666666666,0.09166666666666666
ES,Spain,ChIJi7xhMnjjQgwR7KNoB5Qs7KY,2021-08-16,-5,4.0,112,-21.0,-55,4.0,6.5,0.065
ES,Spain,ChIJi7xhMnjjQgwR7KNoB5Qs7KY,2021-08-17,0,24.0,106,-17.0,-45,3.0,11.833333333333334,0.11833333333333335
ES,Spain,ChIJi7xhMnjjQgwR7KNoB5Qs7KY,2021-08-18,-2,20.0,105,-19.0,-42,4.0,11.0,0.11
ES,Spain,ChIJi7xhMnjjQgwR7KNoB5Qs7KY,2021-08-19,-4,16.0,99,-21.0,-43,4.0,8.5,0.085
ES,Spain,ChIJi7xhMnjjQgwR7KNoB5Qs7KY,2021-08-20,-15,9.0,85,-22.0,-41,4.0,3.3333333333333335,0.03333333333333333
ES,Spain,ChIJi7xhMnjjQgwR7KNoB5Qs7KY,2021-08-21,-23,-1.0,67,-14.0,-8,-2.0,3.1666666666666665,0.03166666666666666
ES,Spain,ChIJi7xhMnjjQgwR7KNoB5Qs7KY,2021-08-22,-16,33.0,47,-12.0,9,-4.0,9.5,0.095
ES,Spain,ChIJi7xhMnjjQgwR7KNoB5Qs7KY,2021-08-23,0,18.0,97,-17.0,-39,3.0,10.333333333333334,0.10333333333333333
ES,Spain,ChIJi7xhMnjjQgwR7KNoB5Qs7KY,2021-08-24,-4,15.0,92,-18.0,-39,4.0,8.333333333333334,0.08333333333333334
ES,Spain,ChIJi7xhMnjjQgwR7KNoB5Qs7KY,2021-08-25,-2,18.0,92,-18.0,-38,4.0,9.333333333333334,0.09333333333333334
ES,Spain,ChIJi7xhMnjjQgwR7KNoB5Qs7KY,2021-08-26,-3,16.0,90,-17.0,-37,3.0,8.666666666666666,0.08666666666666666
ES,Spain,ChIJi7xhMnjjQgwR7KNoB5Qs7KY,2021-08-27,-14,9.0,71,-20.0,-36,3.0,2.1666666666666665,0.021666666666666664
ES,Spain,ChIJi7xhMnjjQgwR7KNoB5Qs7KY,2021-08-28,-22,-1.0,57,-12.0,-4,-2.0,2.6666666666666665,0.026666666666666665
ES,Spain,ChIJi7xhMnjjQgwR7KNoB5Qs7KY,2021-08-29,-15,32.0,36,-9.0,12,-4.0,8.666666666666666,0.08666666666666666
ES,Spain,ChIJi7xhMnjjQgwR7KNoB5Qs7KY,2021-08-30,0,17.0,66,-13.0,-33,3.0,6.666666666666667,0.06666666666666667
ES,Spain,ChIJi7xhMnjjQgwR7KNoB5Qs7KY,2021-08-31,-2,19.0,63,-11.0,-31,3.0,6.833333333333333,0.06833333333333333
ES,Spain,ChIJi7xhMnjjQgwR7KNoB5Qs7KY,2021-09-01,-5,20.0,41,-12.0,-28,4.0,3.3333333333333335,0.03333333333333333
ES,Spain,ChIJi7xhMnjjQgwR7KNoB5Qs7KY,2021-09-02,-2,19.0,50,-10.0,-27,3.0,5.5,0.055
ES,Spain,ChIJi7xhMnjjQgwR7KNoB5Qs7KY,2021-09-03,-9,13.0,50,-10.0,-25,2.0,3.5,0.035
ES,Spain,ChIJi7xhMnjjQgwR7KNoB5Qs7KY,2021-09-04,-15,5.0,52,-3.0,-1,-2.0,6.0,0.06
ES,Spain,ChIJi7xhMnjjQgwR7KNoB5Qs7KY,2021-09-05,-11,35.0,37,-2.0,12,-4.0,11.166666666666666,0.11166666666666666
ES,Spain,ChIJi7xhMnjjQgwR7KNoB5Qs7KY,2021-09-06,2,19.0,66,-5.0,-27,2.0,9.5,0.095
ES,Spain,ChIJi7xhMnjjQgwR7KNoB5Qs7KY,2021-09-07,1,21.0,59,-5.0,-26,2.0,8.666666666666666,0.08666666666666666
ES,Spain,ChIJi7xhMnjjQgwR7KNoB5Qs7KY,2021-09-08,-2,11.0,60,-7.0,-31,3.0,5.666666666666667,0.05666666666666667
ES,Spain,ChIJi7xhMnjjQgwR7KNoB5Qs7KY,2021-09-09,-2,22.0,48,-5.0,-26,2.0,6.5,0.065
ES,Spain,ChIJi7xhMnjjQgwR7KNoB5Qs7KY,2021-09-10,-7,17.0,46,-5.0,-24,1.0,4.666666666666667,0.04666666666666667
ES,Spain,ChIJi7xhMnjjQgwR7KNoB5Qs7KY,2021-09-11,-17,-4.0,52,-2.0,-5,-2.0,3.6666666666666665,0.03666666666666667
ES,Spain,ChIJi7xhMnjjQgwR7KNoB5Qs7KY,2021-09-12,-12,34.0,30,-2.0,11,-3.0,9.666666666666666,0.09666666666666666
ES,Spain,ChIJi7xhMnjjQgwR7KNoB5Qs7KY,2021-09-13,0,22.0,41,-1.0,-26,2.0,6.333333333333333,0.06333333333333332
ES,Spain,ChIJi7xhMnjjQgwR7KNoB5Qs7KY,2021-09-14,-6,16.0,28,-4.0,-27,3.0,1.6666666666666667,0.016666666666666666
ES,Spain,ChIJi7xhMnjjQgwR7KNoB5Qs7KY,2021-09-15,-5,20.0,37,-2.0,-25,2.0,4.5,0.045
ES,Spain,ChIJi7xhMnjjQgwR7KNoB5Qs7KY,2021-09-16,-6,17.0,39,-2.0,-25,1.0,4.0,0.04
ES,Spain,ChIJi7xhMnjjQgwR7KNoB5Qs7KY,2021-09-17,-9,12.0,40,-2.0,-24,-1.0,2.6666666666666665,0.026666666666666665
ES,Spain,ChIJi7xhMnjjQgwR7KNoB5Qs7KY,2021-09-18,-15,3.0,35,-4.0,-4,-1.0,2.3333333333333335,0.023333333333333334
ES,Spain,ChIJi7xhMnjjQgwR7KNoB5Qs7KY,2021-09-19,-13,26.0,25,-3.0,6,-2.0,6.5,0.065
ES,Spain,ChIJi7xhMnjjQgwR7KNoB5Qs7KY,2021-09-20,-6,14.0,33,-4.0,-24,1.0,2.3333333333333335,0.023333333333333334
ES,Spain,ChIJi7xhMnjjQgwR7KNoB5Qs7KY,2021-09-21,-8,13.0,30,-4.0,-23,2.0,1.6666666666666667,0.016666666666666666
ES,Spain,ChIJi7xhMnjjQgwR7KNoB5Qs7KY,2021-09-22,-8,15.0,29,-4.0,-19,2.0,2.5,0.025
ES,Spain,ChIJi7xhMnjjQgwR7KNoB5Qs7KY,2021-09-23,-8,14.0,29,-3.0,-20,2.0,2.3333333333333335,0.023333333333333334
ES,Spain,ChIJi7xhMnjjQgwR7KNoB5Qs7KY,2021-09-24,-11,10.0,28,-6.0,-23,1.0,-0.16666666666666666,-0.0016666666666666666
ES,Spain,ChIJi7xhMnjjQgwR7KNoB5Qs7KY,2021-09-25,-16,3.0,29,-3.0,-4,-1.0,1.3333333333333333,0.013333333333333332
ES,Spain,ChIJi7xhMnjjQgwR7KNoB5Qs7KY,2021-09-26,-13,25.0,22,-1.0,7,-2.0,6.333333333333333,0.06333333333333332
ES,Spain,ChIJi7xhMnjjQgwR7KNoB5Qs7KY,2021-09-27,-5,14.0,35,-2.0,-18,1.0,4.166666666666667,0.04166666666666667
ES,Spain,ChIJi7xhMnjjQgwR7KNoB5Qs7KY,2021-09-28,-8,14.0,31,-1.0,-18,1.0,3.1666666666666665,0.03166666666666666
ES,Spain,ChIJi7xhMnjjQgwR7KNoB5Qs7KY,2021-09-29,-8,13.0,26,-5.0,-19,1.0,1.3333333333333333,0.013333333333333332
ES,Spain,ChIJi7xhMnjjQgwR7KNoB5Qs7KY,2021-09-30,-6,15.0,29,-2.0,-17,1.0,3.3333333333333335,0.03333333333333333
ES,Spain,ChIJi7xhMnjjQgwR7KNoB5Qs7KY,2021-10-01,-10,12.0,26,-3.0,-17,-1.0,1.1666666666666667,0.011666666666666667
ES,Spain,ChIJi7xhMnjjQgwR7KNoB5Qs7KY,2021-10-02,-15,3.0,26,-2.0,-5,-2.0,0.8333333333333334,0.008333333333333333
ES,Spain,ChIJi7xhMnjjQgwR7KNoB5Qs7KY,2021-10-03,-20,20.0,-6,-12.0,0,1.0,-2.8333333333333335,-0.028333333333333335
ES,Spain,ChIJi7xhMnjjQgwR7KNoB5Qs7KY,2021-10-04,-7,14.0,22,-4.0,-18,1.0,1.3333333333333333,0.013333333333333332
ES,Spain,ChIJi7xhMnjjQgwR7KNoB5Qs7KY,2021-10-05,-9,13.0,23,-4.0,-18,1.0,1.0,0.01
ES,Spain,ChIJi7xhMnjjQgwR7KNoB5Qs7KY,2021-10-06,-8,15.0,26,-4.0,-16,1.0,2.3333333333333335,0.023333333333333334
ES,Spain,ChIJi7xhMnjjQgwR7KNoB5Qs7KY,2021-10-07,-7,13.0,28,-3.0,-16,0.0,2.5,0.025
ES,Spain,ChIJi7xhMnjjQgwR7KNoB5Qs7KY,2021-10-08,-10,13.0,28,-2.0,-16,-2.0,1.8333333333333333,0.018333333333333333
ES,Spain,ChIJi7xhMnjjQgwR7KNoB5Qs7KY,2021-10-09,-16,-5.0,37,-2.0,-10,-3.0,0.16666666666666666,0.0016666666666666666
ES,Spain,ChIJi7xhMnjjQgwR7KNoB5Qs7KY,2021-10-10,-9,32.0,31,-6.0,-2,-1.0,7.5,0.075
ES,Spain,ChIJi7xhMnjjQgwR7KNoB5Qs7KY,2021-10-11,12,26.0,75,-10.0,-41,2.0,10.666666666666666,0.10666666666666666
ES,Spain,ChIJi7xhMnjjQgwR7KNoB5Qs7KY,2021-10-12,-22,-50.0,74,-28.0,-74,11.0,-14.833333333333334,-0.14833333333333334
ES,Spain,ChIJi7xhMnjjQgwR7KNoB5Qs7KY,2021-10-13,-11,23.0,23,-4.0,-16,1.0,2.6666666666666665,0.026666666666666665
ES,Spain,ChIJi7xhMnjjQgwR7KNoB5Qs7KY,2021-10-14,-10,16.0,23,-4.0,-15,1.0,1.8333333333333333,0.018333333333333333
ES,Spain,ChIJi7xhMnjjQgwR7KNoB5Qs7KY,2021-10-15,-11,11.0,22,-4.0,-14,0.0,0.6666666666666666,0.006666666666666666
ES,Spain,ChIJi7xhMnjjQgwR7KNoB5Qs7KY,2021-10-16,-16,1.0,20,-4.0,-6,-1.0,-1.0,-0.01
ES,Spain,ChIJi7xhMnjjQgwR7KNoB5Qs7KY,2021-10-17,-17,19.0,8,-6.0,-2,0.0,0.3333333333333333,0.003333333333333333
ES,Spain,ChIJi7xhMnjjQgwR7KNoB5Qs7KY,2021-10-18,-8,11.0,28,-3.0,-16,1.0,2.1666666666666665,0.021666666666666664
ES,Spain,ChIJi7xhMnjjQgwR7KNoB5Qs7KY,2021-10-19,-10,10.0,27,-3.0,-15,1.0,1.6666666666666667,0.016666666666666666
ES,Spain,ChIJi7xhMnjjQgwR7KNoB5Qs7KY,2021-10-20,-11,12.0,22,-5.0,-14,1.0,0.8333333333333334,0.008333333333333333
ES,Spain,ChIJi7xhMnjjQgwR7KNoB5Qs7KY,2021-10-21,-10,12.0,19,-4.0,-14,1.0,0.6666666666666666,0.006666666666666666
ES,Spain,ChIJi7xhMnjjQgwR7KNoB5Qs7KY,2021-10-22,-13,10.0,11,-5.0,-14,1.0,-1.6666666666666667,-0.016666666666666666
ES,Spain,ChIJi7xhMnjjQgwR7KNoB5Qs7KY,2021-10-23,-15,3.0,20,-2.0,-7,-1.0,-0.3333333333333333,-0.003333333333333333
ES,Spain,ChIJi7xhMnjjQgwR7KNoB5Qs7KY,2021-10-24,-15,22.0,8,-4.0,-3,0.0,1.3333333333333333,0.013333333333333332
ES,Spain,ChIJi7xhMnjjQgwR7KNoB5Qs7KY,2021-10-25,-8,13.0,23,-4.0,-15,1.0,1.6666666666666667,0.016666666666666666
ES,Spain,ChIJi7xhMnjjQgwR7KNoB5Qs7KY,2021-10-26,-9,13.0,21,-3.0,-14,1.0,1.5,0.015
ES,Spain,ChIJi7xhMnjjQgwR7KNoB5Qs7KY,2021-10-27,-9,15.0,21,-4.0,-14,1.0,1.6666666666666667,0.016666666666666666
ES,Spain,ChIJi7xhMnjjQgwR7KNoB5Qs7KY,2021-10-28,-7,17.0,19,-3.0,-14,1.0,2.1666666666666665,0.021666666666666664
ES,Spain,ChIJi7xhMnjjQgwR7KNoB5Qs7KY,2021-10-29,-13,15.0,3,-4.0,-14,0.0,-2.1666666666666665,-0.021666666666666664
ES,Spain,ChIJi7xhMnjjQgwR7KNoB5Qs7KY,2021-10-30,-17,10.0,-1,-7.0,-10,0.0,-4.166666666666667,-0.04166666666666667
ES,Spain,ChIJi7xhMnjjQgwR7KNoB5Qs7KY,2021-10-31,-2,46.0,8,-4.0,-4,-1.0,7.166666666666667,0.07166666666666667
ES,Spain,ChIJi7xhMnjjQgwR7KNoB5Qs7KY,2021-11-01,-17,-39.0,38,-30.0,-76,11.0,-18.833333333333332,-0.18833333333333332
ES,Spain,ChIJi7xhMnjjQgwR7KNoB5Qs7KY,2021-11-02,-12,23.0,4,-4.0,-15,1.0,-0.5,-0.005
ES,Spain,ChIJi7xhMnjjQgwR7KNoB5Qs7KY,2021-11-03,-12,17.0,1,-7.0,-14,2.0,-2.1666666666666665,-0.021666666666666664
ES,Spain,ChIJi7xhMnjjQgwR7KNoB5Qs7KY,2021-11-04,-10,16.0,3,-6.0,-13,2.0,-1.3333333333333333,-0.013333333333333332
ES,Spain,ChIJi7xhMnjjQgwR7KNoB5Qs7KY,2021-11-05,-12,13.0,0,-6.0,-13,2.0,-2.6666666666666665,-0.026666666666666665
ES,Spain,ChIJi7xhMnjjQgwR7KNoB5Qs7KY,2021-11-06,-15,5.0,4,-5.0,-9,1.0,-3.1666666666666665,-0.03166666666666666
ES,Spain,ChIJi7xhMnjjQgwR7KNoB5Qs7KY,2021-11-07,-16,21.0,-1,-8.0,-8,1.0,-1.8333333333333333,-0.018333333333333333
ES,Spain,ChIJi7xhMnjjQgwR7KNoB5Qs7KY,2021-11-08,-6,13.0,16,-7.0,-15,2.0,0.5,0.005
ES,Spain,ChIJi7xhMnjjQgwR7KNoB5Qs7KY,2021-11-09,-9,11.0,15,-12.0,-21,3.0,-2.1666666666666665,-0.021666666666666664
ES,Spain,ChIJi7xhMnjjQgwR7KNoB5Qs7KY,2021-11-10,-12,13.0,5,-7.0,-13,2.0,-2.0,-0.02
ES,Spain,ChIJi7xhMnjjQgwR7KNoB5Qs7KY,2021-11-11,-11,12.0,7,-6.0,-14,2.0,-1.6666666666666667,-0.016666666666666666
ES,Spain,ChIJi7xhMnjjQgwR7KNoB5Qs7KY,2021-11-12,-12,11.0,5,-5.0,-13,2.0,-2.0,-0.02
ES,Spain,ChIJi7xhMnjjQgwR7KNoB5Qs7KY,2021-11-13,-14,3.0,11,-3.0,-10,0.0,-2.1666666666666665,-0.021666666666666664
ES,Spain,ChIJi7xhMnjjQgwR7KNoB5Qs7KY,2021-11-14,-16,19.0,0,-7.0,-9,0.0,-2.1666666666666665,-0.021666666666666664
ES,Spain,ChIJi7xhMnjjQgwR7KNoB5Qs7KY,2021-11-15,-10,10.0,7,-6.0,-14,2.0,-1.8333333333333333,-0.018333333333333333
ES,Spain,ChIJi7xhMnjjQgwR7KNoB5Qs7KY,2021-11-16,-12,10.0,4,-7.0,-14,2.0,-2.8333333333333335,-0.028333333333333335
ES,Spain,ChIJi7xhMnjjQgwR7KNoB5Qs7KY,2021-11-17,-11,12.0,7,-7.0,-13,2.0,-1.6666666666666667,-0.016666666666666666
ES,Spain,ChIJi7xhMnjjQgwR7KNoB5Qs7KY,2021-11-18,-11,11.0,4,-6.0,-14,2.0,-2.3333333333333335,-0.023333333333333334
ES,Spain,ChIJi7xhMnjjQgwR7KNoB5Qs7KY,2021-11-19,-13,10.0,3,-5.0,-14,2.0,-2.8333333333333335,-0.028333333333333335
ES,Spain,ChIJi7xhMnjjQgwR7KNoB5Qs7KY,2021-11-20,-19,1.0,-6,-8.0,-11,2.0,-6.833333333333333,-0.06833333333333333
ES,Spain,ChIJi7xhMnjjQgwR7KNoB5Qs7KY,2021-11-21,-20,17.0,-10,-10.0,-11,2.0,-5.333333333333333,-0.05333333333333333
ES,Spain,ChIJi7xhMnjjQgwR7KNoB5Qs7KY,2021-11-22,-13,7.0,-7,-9.0,-14,3.0,-5.5,-0.055
ES,Spain,ChIJi7xhMnjjQgwR7KNoB5Qs7KY,2021-11-23,-16,6.0,-11,-10.0,-14,4.0,-6.833333333333333,-0.06833333333333333
ES,Spain,ChIJi7xhMnjjQgwR7KNoB5Qs7KY,2021-11-24,-14,10.0,-9,-10.0,-13,4.0,-5.333333333333333,-0.05333333333333333
ES,Spain,ChIJi7xhMnjjQgwR7KNoB5Qs7KY,2021-11-25,-11,13.0,-6,-7.0,-14,3.0,-3.6666666666666665,-0.03666666666666667
ES,Spain,ChIJi7xhMnjjQgwR7KNoB5Qs7KY,2021-11-26,-9,14.0,-2,-5.0,-13,2.0,-2.1666666666666665,-0.021666666666666664
ES,Spain,ChIJi7xhMnjjQgwR7KNoB5Qs7KY,2021-11-27,-18,3.0,-13,-7.0,-11,2.0,-7.333333333333333,-0.07333333333333333
ES,Spain,ChIJi7xhMnjjQgwR7KNoB5Qs7KY,2021-11-28,-16,35.0,-25,-13.0,-9,3.0,-4.166666666666667,-0.04166666666666667
ES,Spain,ChIJi7xhMnjjQgwR7KNoB5Qs7KY,2021-11-29,-9,11.0,1,-7.0,-14,3.0,-2.5,-0.025
ES,Spain,ChIJi7xhMnjjQgwR7KNoB5Qs7KY,2021-11-30,-10,14.0,6,-5.0,-13,2.0,-1.0,-0.01
ES,Spain,ChIJi7xhMnjjQgwR7KNoB5Qs7KY,2021-12-01,-11,15.0,-4,-7.0,-13,3.0,-2.8333333333333335,-0.028333333333333335
ES,Spain,ChIJi7xhMnjjQgwR7KNoB5Qs7KY,2021-12-02,-10,17.0,-4,-6.0,-13,2.0,-2.3333333333333335,-0.023333333333333334
ES,Spain,ChIJi7xhMnjjQgwR7KNoB5Qs7KY,2021-12-03,-12,15.0,3,-3.0,-14,1.0,-1.6666666666666667,-0.016666666666666666
ES,Spain,ChIJi7xhMnjjQgwR7KNoB5Qs7KY,2021-12-04,-16,9.0,10,-2.0,-12,-1.0,-2.0,-0.02
ES,Spain,ChIJi7xhMnjjQgwR7KNoB5Qs7KY,2021-12-05,-2,59.0,10,-6.0,-12,1.0,8.333333333333334,0.08333333333333334
ES,Spain,ChIJi7xhMnjjQgwR7KNoB5Qs7KY,2021-12-06,-11,-36.0,68,-29.0,-76,12.0,-12.0,-0.12
ES,Spain,ChIJi7xhMnjjQgwR7KNoB5Qs7KY,2021-12-07,5,36.0,33,-15.0,-47,5.0,2.8333333333333335,0.028333333333333335
ES,Spain,ChIJi7xhMnjjQgwR7KNoB5Qs7KY,2021-12-08,-27,-41.0,2,-36.0,-74,16.0,-26.666666666666668,-0.26666666666666666
ES,Spain,ChIJi7xhMnjjQgwR7KNoB5Qs7KY,2021-12-09,-11,25.0,-6,-10.0,-15,3.0,-2.3333333333333335,-0.023333333333333334
ES,Spain,ChIJi7xhMnjjQgwR7KNoB5Qs7KY,2021-12-10,-14,14.0,-6,-11.0,-14,3.0,-4.666666666666667,-0.04666666666666667
ES,Spain,ChIJi7xhMnjjQgwR7KNoB5Qs7KY,2021-12-11,-16,5.0,6,-3.0,-5,1.0,-2.0,-0.02
ES,Spain,ChIJi7xhMnjjQgwR7KNoB5Qs7KY,2021-12-12,-11,44.0,1,-6.0,-3,2.0,4.5,0.045
ES,Spain,ChIJi7xhMnjjQgwR7KNoB5Qs7KY,2021-12-13,-7,14.0,11,-6.0,-12,2.0,0.3333333333333333,0.003333333333333333
ES,Spain,ChIJi7xhMnjjQgwR7KNoB5Qs7KY,2021-12-14,-9,14.0,8,-6.0,-12,2.0,-0.5,-0.005
ES,Spain,ChIJi7xhMnjjQgwR7KNoB5Qs7KY,2021-12-15,-9,17.0,6,-7.0,-12,2.0,-0.5,-0.005
ES,Spain,ChIJi7xhMnjjQgwR7KNoB5Qs7KY,2021-12-16,-7,18.0,4,-7.0,-13,2.0,-0.5,-0.005
ES,Spain,ChIJi7xhMnjjQgwR7KNoB5Qs7KY,2021-12-17,-11,14.0,1,-8.0,-13,2.0,-2.5,-0.025
ES,Spain,ChIJi7xhMnjjQgwR7KNoB5Qs7KY,2021-12-18,-16,6.0,2,-3.0,-5,1.0,-2.5,-0.025
ES,Spain,ChIJi7xhMnjjQgwR7KNoB5Qs7KY,2021-12-19,-8,60.0,-7,-8.0,-2,2.0,6.166666666666667,0.06166666666666667
ES,Spain,ChIJi7xhMnjjQgwR7KNoB5Qs7KY,2021-12-20,-3,20.0,6,-8.0,-16,3.0,0.3333333333333333,0.003333333333333333
ES,Spain,ChIJi7xhMnjjQgwR7KNoB5Qs7KY,2021-12-21,-3,27.0,7,-7.0,-18,4.0,1.6666666666666667,0.016666666666666666
ES,Spain,ChIJi7xhMnjjQgwR7KNoB5Qs7KY,2021-12-22,-2,32.0,4,-10.0,-22,4.0,1.0,0.01
ES,Spain,ChIJi7xhMnjjQgwR7KNoB5Qs7KY,2021-12-23,0,46.0,1,-12.0,-32,5.0,1.3333333333333333,0.013333333333333332
ES,Spain,ChIJi7xhMnjjQgwR7KNoB5Qs7KY,2021-12-24,-28,22.0,-18,-35.0,-55,12.0,-17.0,-0.17
ES,Spain,ChIJi7xhMnjjQgwR7KNoB5Qs7KY,2021-12-25,-66,-77.0,-28,-47.0,-57,10.0,-44.166666666666664,-0.44166666666666665
ES,Spain,ChIJi7xhMnjjQgwR7KNoB5Qs7KY,2021-12-26,-21,50.0,-20,-22.0,-14,4.0,-3.8333333333333335,-0.03833333333333334
ES,Spain,ChIJi7xhMnjjQgwR7KNoB5Qs7KY,2021-12-27,0,21.0,28,-19.0,-43,8.0,-0.8333333333333334,-0.008333333333333333
ES,Spain,ChIJi7xhMnjjQgwR7KNoB5Qs7KY,2021-12-28,-3,21.0,32,-18.0,-43,9.0,-0.3333333333333333,-0.003333333333333333
ES,Spain,ChIJi7xhMnjjQgwR7KNoB5Qs7KY,2021-12-29,-2,28.0,36,-19.0,-43,8.0,1.3333333333333333,0.013333333333333332
ES,Spain,ChIJi7xhMnjjQgwR7KNoB5Qs7KY,2021-12-30,0,43.0,35,-18.0,-44,7.0,3.8333333333333335,0.03833333333333334
ES,Spain,ChIJi7xhMnjjQgwR7KNoB5Qs7KY,2021-12-31,-28,22.0,6,-36.0,-57,13.0,-13.333333333333334,-0.13333333333333333
ES,Spain,ChIJi7xhMnjjQgwR7KNoB5Qs7KY,2022-01-01,-63,-75.0,1,-41.0,-57,10.0,-37.5,-0.375
ES,Spain,ChIJi7xhMnjjQgwR7KNoB5Qs7KY,2022-01-02,-7,68.0,8,-13.0,-8,2.0,8.333333333333334,0.08333333333333334
ES,Spain,ChIJi7xhMnjjQgwR7KNoB5Qs7KY,2022-01-03,3,24.0,31,-18.0,-39,7.0,1.3333333333333333,0.013333333333333332
ES,Spain,ChIJi7xhMnjjQgwR7KNoB5Qs7KY,2022-01-04,-1,27.0,12,-20.0,-39,8.0,-2.1666666666666665,-0.021666666666666664
ES,Spain,ChIJi7xhMnjjQgwR7KNoB5Qs7KY,2022-01-05,6,45.0,21,-16.0,-41,8.0,3.8333333333333335,0.03833333333333334
ES,Spain,ChIJi7xhMnjjQgwR7KNoB5Qs7KY,2022-01-06,-43,-61.0,3,-48.0,-79,20.0,-34.666666666666664,-0.3466666666666666
ES,Spain,ChIJi7xhMnjjQgwR7KNoB5Qs7KY,2022-01-07,-20,16.0,-4,-30.0,-46,13.0,-11.833333333333334,-0.11833333333333335
ES,Spain,ChIJi7xhMnjjQgwR7KNoB5Qs7KY,2022-01-08,-28,0.0,-10,-22.0,-15,7.0,-11.333333333333334,-0.11333333333333334
ES,Spain,ChIJi7xhMnjjQgwR7KNoB5Qs7KY,2022-01-09,-28,26.0,-25,-24.0,-11,6.0,-9.333333333333334,-0.09333333333333334
ES,Spain,ChIJi7xhMnjjQgwR7KNoB5Qs7KY,2022-01-10,-16,14.0,-5,-18.0,-21,6.0,-6.666666666666667,-0.06666666666666667
ES,Spain,ChIJi7xhMnjjQgwR7KNoB5Qs7KY,2022-01-11,-19,12.0,-2,-18.0,-21,6.0,-7.0,-0.07
ES,Spain,ChIJi7xhMnjjQgwR7KNoB5Qs7KY,2022-01-12,-21,11.0,-3,-21.0,-20,7.0,-7.833333333333333,-0.07833333333333332
ES,Spain,ChIJi7xhMnjjQgwR7KNoB5Qs7KY,2022-01-13,-21,10.0,-4,-21.0,-21,7.0,-8.333333333333334,-0.08333333333333334
ES,Spain,ChIJi7xhMnjjQgwR7KNoB5Qs7KY,2022-01-14,-24,7.0,-8,-21.0,-19,7.0,-9.666666666666666,-0.09666666666666666
ES,Spain,ChIJi7xhMnjjQgwR7KNoB5Qs7KY,2022-01-15,-27,1.0,-6,-22.0,-13,5.0,-10.333333333333334,-0.10333333333333333
ES,Spain,ChIJi7xhMnjjQgwR7KNoB5Qs7KY,2022-01-16,-30,14.0,-8,-25.0,-14,5.0,-9.666666666666666,-0.09666666666666666
ES,Spain,ChIJi7xhMnjjQgwR7KNoB5Qs7KY,2022-01-17,-18,8.0,2,-19.0,-20,6.0,-6.833333333333333,-0.06833333333333333
ES,Spain,ChIJi7xhMnjjQgwR7KNoB5Qs7KY,2022-01-18,-20,9.0,1,-19.0,-20,6.0,-7.166666666666667,-0.07166666666666667
ES,Spain,ChIJi7xhMnjjQgwR7KNoB5Qs7KY,2022-01-19,-19,10.0,-1,-20.0,-19,6.0,-7.166666666666667,-0.07166666666666667
ES,Spain,ChIJi7xhMnjjQgwR7KNoB5Qs7KY,2022-01-20,-20,8.0,-3,-20.0,-21,7.0,-8.166666666666666,-0.08166666666666667
ES,Spain,ChIJi7xhMnjjQgwR7KNoB5Qs7KY,2022-01-21,-22,8.0,-8,-20.0,-19,7.0,-9.0,-0.09
ES,Spain,ChIJi7xhMnjjQgwR7KNoB5Qs7KY,2022-01-22,-26,-1.0,-5,-20.0,-13,5.0,-10.0,-0.1
ES,Spain,ChIJi7xhMnjjQgwR7KNoB5Qs7KY,2022-01-23,-28,10.0,-12,-23.0,-14,5.0,-10.333333333333334,-0.10333333333333333
ES,Spain,ChIJi7xhMnjjQgwR7KNoB5Qs7KY,2022-01-24,-17,8.0,-1,-18.0,-19,5.0,-7.0,-0.07
ES,Spain,ChIJi7xhMnjjQgwR7KNoB5Qs7KY,2022-01-25,-18,9.0,0,-17.0,-19,6.0,-6.5,-0.065
ES,Spain,ChIJi7xhMnjjQgwR7KNoB5Qs7KY,2022-01-26,-18,10.0,1,-18.0,-18,6.0,-6.166666666666667,-0.06166666666666667
ES,Spain,ChIJi7xhMnjjQgwR7KNoB5Qs7KY,2022-01-27,-17,10.0,3,-16.0,-18,5.0,-5.5,-0.055
ES,Spain,ChIJi7xhMnjjQgwR7KNoB5Qs7KY,2022-01-28,-18,9.0,2,-16.0,-17,5.0,-5.833333333333333,-0.05833333333333333
ES,Spain,ChIJi7xhMnjjQgwR7KNoB5Qs7KY,2022-01-29,-21,2.0,9,-14.0,-10,3.0,-5.166666666666667,-0.051666666666666666
ES,Spain,ChIJi7xhMnjjQgwR7KNoB5Qs7KY,2022-01-30,-22,14.0,5,-16.0,-10,2.0,-4.5,-0.045
ES,Spain,ChIJi7xhMnjjQgwR7KNoB5Qs7KY,2022-01-31,-14,9.0,9,-15.0,-17,4.0,-4.0,-0.04
ES,Spain,ChIJi7xhMnjjQgwR7KNoB5Qs7KY,2022-02-01,-15,12.0,8,-12.0,-15,4.0,-3.0,-0.03
ES,Spain,ChIJi7xhMnjjQgwR7KNoB5Qs7KY,2022-02-02,-13,12.0,15,-13.0,-16,4.0,-1.8333333333333333,-0.018333333333333333
ES,Spain,ChIJi7xhMnjjQgwR7KNoB5Qs7KY,2022-02-03,-12,13.0,11,-11.0,-14,3.0,-1.6666666666666667,-0.016666666666666666
ES,Spain,ChIJi7xhMnjjQgwR7KNoB5Qs7KY,2022-02-04,-16,11.0,2,-12.0,-13,3.0,-4.166666666666667,-0.04166666666666667
ES,Spain,ChIJi7xhMnjjQgwR7KNoB5Qs7KY,2022-02-05,-18,3.0,6,-12.0,-9,2.0,-4.666666666666667,-0.04666666666666667
ES,Spain,ChIJi7xhMnjjQgwR7KNoB5Qs7KY,2022-02-06,-18,17.0,5,-11.0,-9,1.0,-2.5,-0.025
ES,Spain,ChIJi7xhMnjjQgwR7KNoB5Qs7KY,2022-02-07,-11,11.0,16,-9.0,-14,3.0,-0.6666666666666666,-0.006666666666666666
ES,Spain,ChIJi7xhMnjjQgwR7KNoB5Qs7KY,2022-02-08,-13,12.0,16,-9.0,-14,3.0,-0.8333333333333334,-0.008333333333333333
ES,Spain,ChIJi7xhMnjjQgwR7KNoB5Qs7KY,2022-02-09,-13,13.0,16,-10.0,-13,3.0,-0.6666666666666666,-0.006666666666666666
ES,Spain,ChIJi7xhMnjjQgwR7KNoB5Qs7KY,2022-02-10,-12,13.0,13,-8.0,-13,3.0,-0.6666666666666666,-0.006666666666666666
ES,Spain,ChIJi7xhMnjjQgwR7KNoB5Qs7KY,2022-02-11,-14,12.0,10,-9.0,-12,2.0,-1.8333333333333333,-0.018333333333333333
ES,Spain,ChIJi7xhMnjjQgwR7KNoB5Qs7KY,2022-02-12,-17,2.0,11,-8.0,-9,1.0,-3.3333333333333335,-0.03333333333333333
ES,Spain,ChIJi7xhMnjjQgwR7KNoB5Qs7KY,2022-02-13,-18,15.0,-3,-11.0,-8,1.0,-4.0,-0.04
ES,Spain,ChIJi7xhMnjjQgwR7KNoB5Qs7KY,2022-02-14,-6,13.0,11,-8.0,-13,2.0,-0.16666666666666666,-0.0016666666666666666
ES,Spain,ChIJi7xhMnjjQgwR7KNoB5Qs7KY,2022-02-15,-14,10.0,13,-8.0,-12,2.0,-1.5,-0.015
ES,Spain,ChIJi7xhMnjjQgwR7KNoB5Qs7KY,2022-02-16,-13,12.0,14,-8.0,-12,3.0,-0.6666666666666666,-0.006666666666666666
ES,Spain,ChIJi7xhMnjjQgwR7KNoB5Qs7KY,2022-02-17,-12,12.0,20,-6.0,-11,2.0,0.8333333333333334,0.008333333333333333
ES,Spain,ChIJi7xhMnjjQgwR7KNoB5Qs7KY,2022-02-18,-15,10.0,13,-8.0,-11,2.0,-1.5,-0.015
ES,Spain,ChIJi7xhMnjjQgwR7KNoB5Qs7KY,2022-02-19,-20,1.0,2,-12.0,-9,1.0,-6.166666666666667,-0.06166666666666667
ES,Spain,ChIJi7xhMnjjQgwR7KNoB5Qs7KY,2022-02-20,-17,16.0,11,-7.0,-7,0.0,-0.6666666666666666,-0.006666666666666666
ES,Spain,ChIJi7xhMnjjQgwR7KNoB5Qs7KY,2022-02-21,-12,10.0,21,-7.0,-12,2.0,0.3333333333333333,0.003333333333333333
ES,Spain,ChIJi7xhMnjjQgwR7KNoB5Qs7KY,2022-02-22,-13,11.0,23,-6.0,-11,2.0,1.0,0.01
ES,Spain,ChIJi7xhMnjjQgwR7KNoB5Qs7KY,2022-02-23,-13,12.0,18,-8.0,-11,2.0,0.0,0.0
ES,Spain,ChIJi7xhMnjjQgwR7KNoB5Qs7KY,2022-02-24,-13,12.0,12,-7.0,-11,2.0,-0.8333333333333334,-0.008333333333333333
ES,Spain,ChIJi7xhMnjjQgwR7KNoB5Qs7KY,2022-02-25,-17,11.0,3,-11.0,-15,3.0,-4.333333333333333,-0.04333333333333333
ES,Spain,ChIJi7xhMnjjQgwR7KNoB5Qs7KY,2022-02-26,-19,3.0,11,-8.0,-9,1.0,-3.5,-0.035
ES,Spain,ChIJi7xhMnjjQgwR7KNoB5Qs7KY,2022-02-27,-12,28.0,17,-4.0,-6,-1.0,3.6666666666666665,0.03666666666666667
ES,Spain,ChIJi7xhMnjjQgwR7KNoB5Qs7KY,2022-02-28,-11,-1.0,41,-10.0,-30,3.0,-1.3333333333333333,-0.013333333333333332
ES,Spain,ChIJi7xhMnjjQgwR7KNoB5Qs7KY,2022-03-01,-16,8.0,23,-8.0,-20,3.0,-1.6666666666666667,-0.016666666666666666
ES,Spain,ChIJi7xhMnjjQgwR7KNoB5Qs7KY,2022-03-02,-16,14.0,11,-9.0,-12,2.0,-1.6666666666666667,-0.016666666666666666
ES,Spain,ChIJi7xhMnjjQgwR7KNoB5Qs7KY,2022-03-03,-18,11.0,-4,-11.0,-12,3.0,-5.166666666666667,-0.051666666666666666
ES,Spain,ChIJi7xhMnjjQgwR7KNoB5Qs7KY,2022-03-04,-18,11.0,-3,-12.0,-11,3.0,-5.0,-0.05
ES,Spain,ChIJi7xhMnjjQgwR7KNoB5Qs7KY,2022-03-05,-19,3.0,3,-9.0,-7,1.0,-4.666666666666667,-0.04666666666666667
ES,Spain,ChIJi7xhMnjjQgwR7KNoB5Qs7KY,2022-03-06,-22,10.0,-12,-15.0,-8,2.0,-7.5,-0.075
ES,Spain,ChIJi7xhMnjjQgwR7KNoB5Qs7KY,2022-03-07,-18,8.0,0,-12.0,-12,3.0,-5.166666666666667,-0.051666666666666666
ES,Spain,ChIJi7xhMnjjQgwR7KNoB5Qs7KY,2022-03-08,-18,10.0,3,-10.0,-11,3.0,-3.8333333333333335,-0.03833333333333334
ES,Spain,ChIJi7xhMnjjQgwR7KNoB5Qs7KY,2022-03-09,-17,11.0,4,-12.0,-10,2.0,-3.6666666666666665,-0.03666666666666667
ES,Spain,ChIJi7xhMnjjQgwR7KNoB5Qs7KY,2022-03-10,-18,11.0,4,-12.0,-9,2.0,-3.6666666666666665,-0.03666666666666667
ES,Spain,ChIJi7xhMnjjQgwR7KNoB5Qs7KY,2022-03-11,-23,10.0,-13,-15.0,-10,3.0,-8.0,-0.08
ES,Spain,ChIJi7xhMnjjQgwR7KNoB5Qs7KY,2022-03-12,-23,0.0,-5,-13.0,-7,2.0,-7.666666666666667,-0.07666666666666667
ES,Spain,ChIJi7xhMnjjQgwR7KNoB5Qs7KY,2022-03-13,-23,8.0,-7,-12.0,-6,1.0,-6.5,-0.065
ES,Spain,ChIJi7xhMnjjQgwR7KNoB5Qs7KY,2022-03-14,-25,1.0,-16,-17.0,-11,5.0,-10.5,-0.105
ES,Spain,ChIJi7xhMnjjQgwR7KNoB5Qs7KY,2022-03-15,-23,2.0,-8,-14.0,-11,4.0,-8.333333333333334,-0.08333333333333334
ES,Spain,ChIJi7xhMnjjQgwR7KNoB5Qs7KY,2022-03-16,-22,4.0,-10,-15.0,-11,5.0,-8.166666666666666,-0.08166666666666667
ES,Spain,ChIJi7xhMnjjQgwR7KNoB5Qs7KY,2022-03-17,-20,9.0,-9,-15.0,-12,4.0,-7.166666666666667,-0.07166666666666667
ES,Spain,ChIJi7xhMnjjQgwR7KNoB5Qs7KY,2022-03-18,-19,11.0,0,-12.0,-13,3.0,-5.0,-0.05
ES,Spain,ChIJi7xhMnjjQgwR7KNoB5Qs7KY,2022-03-19,-21,-9.0,2,-10.0,-11,1.0,-8.0,-0.08
ES,Spain,ChIJi7xhMnjjQgwR7KNoB5Qs7KY,2022-03-20,-25,4.0,-14,-13.0,-8,1.0,-9.166666666666666,-0.09166666666666666
ES,Spain,ChIJi7xhMnjjQgwR7KNoB5Qs7KY,2022-03-21,-23,3.0,-8,-15.0,-11,4.0,-8.333333333333334,-0.08333333333333334
ES,Spain,ChIJi7xhMnjjQgwR7KNoB5Qs7KY,2022-03-22,-23,6.0,-8,-15.0,-10,4.0,-7.666666666666667,-0.07666666666666667
ES,Spain,ChIJi7xhMnjjQgwR7KNoB5Qs7KY,2022-03-23,-23,6.0,-9,-17.0,-11,5.0,-8.166666666666666,-0.08166666666666667
ES,Spain,ChIJi7xhMnjjQgwR7KNoB5Qs7KY,2022-03-24,-22,5.0,-8,-16.0,-11,4.0,-8.0,-0.08
ES,Spain,ChIJi7xhMnjjQgwR7KNoB5Qs7KY,2022-03-25,-22,4.0,-7,-15.0,-11,4.0,-7.833333333333333,-0.07833333333333332
